Acceleration Day And Evening Acad School District,http://www.maef.net
Al Institute Deaf And Blind,NA
Alabama School Of Fine Arts,http://www.asfa.k12.al.us
Alabama Youth Services,http://www.dys.alabama.gov
Alabaster City School District,http://www.alabasterschools.org
Albertville City School District,http://www.albertk12.org
Alexander City School District,http://www.alex.k12.al.us
Andalusia City School District,http://www.andalusiacityschools.net
Anniston City School District,http://www.annistonschools.com
Arab City School District,http://www.arabcityschools.org
Athens City School District,http://www.acs-k12.org
Attalla City School District,http://www.attalla.k12.al.us
Auburn City School District,http://www.auburnschools.org
Autauga County School District,http://acboe.net
Baldwin County School District,http://www.bcbe.org
Barbour County School District,NA
Bessemer City School District,http://www.bessk12.org
Bibb County School District,http://www.bibbed.org/
Birmingham City School District,http://www.birmingham.schoolinsites.com
Blount County School District,http://www.blountboe.net
Boaz City School District,http://www.boazk12.org
Boyd School,NA
Brantwood Children's Home School District,NA
Brewton City School District,http://www.brewtoncityschools.org/
Bryce Adolescent School,NA
Bullock County School District,http://www.bullock.k12.al.us
Butler County School District,http://www.butlerco.k12.al.us
Calhoun County School District,http://www.calhoun.k12.al.us
Chambers County School District,http://chambersk12.org
Cherokee County School District,http://www.cherokeek12.org
Chickasaw City School District,http://www.chickasawschools.com/
Chilton County School District,http://www.chilton.k12.al.us
Choctaw County School District,http://choctawcounty.schoolinsites.com
Clarke County School District,http://www.clarkecountyschools.org
Clay County School District,http://www.claycoboe.org
Cleburne County School District,http://www.cleburneschools.net
Coffee County School District,http://www.coffeecountyschools.org
Colbert County School District,http://www.colbert.k12.al.us
Compass School,NA
Conecuh County School District,NA
Coosa County School District,http://coosaschools.k12.al.us
Covington County School District,http://www.cov.k12.al.us
Crenshaw County School District,http://www.crenshawcounty.schoolinsites.com
Cullman City School District,http://www.cullmancats.net
Cullman County School District,http://www.ccboe.org
Dale County School District,http://www.dalecountyboe.org
Daleville City School District,http://www.daleville.k12.al.us
Dallas County School District,http://www.dallask12.org
Decatur City School District,http://www.dcs.edu
Dekalb County School District,http://www.dekalbk12.org
Demopolis City School District,http://www.demopoliscityschools.com
Developing Alabama Youth Prog School District,NA
Dothan City School District,http://www.dothan.k12.al.us
Elba City School District,http://www.elbaed.com
Elmore County School District,http://www.elmoreco.com
Enterprise City School District,NA
Escambia County School District,http://escambiak12.net
Etowah County School District,http://www.ecboe.org
Eufaula City School District,http://www.ecs.k12.al.us
Excel Institute School District,NA
Fairfield City School District,http://www.fairfield.k12.al.us
Fayette County School District,http://www.fayette.k12.al.us
Florence City School District,http://www.fcs.k12.al.us
Fort Payne City School District,http://www.ftpayk12.org
Franklin County School District,http://www.franklin.k12.al.us
Gadsden City School District,http://www.gcs.k12.al.us
Geneva City School District,http://www.genevacityschools.com
Geneva County School District,http://www.genevacountyschools.com
Glenwood Mental Health Service,NA
Greene County School District,http://www.greene.k12.al.us
Guntersville City School District,http://www.guntersvilleboe.com
Hale County School District,http://www.halek12.org
Haleyville City School District,http://www.havc.k12.al.us
Hartselle City School District,http://www.hartselletigers.org
Henry County School District,http://www.henrycountyboe.org
Higdon Hill School,NA
Homewood City School District,http://www.homewood.k12.al.us
Hoover City School District,http://www.hoover.k12.al.us
Houston County School District,http://www.hcboe.us
Huntsville City School District,http://www.huntsvillecityschools.org
Jackson County School District,http://www.jackson.k12.al.us
Jacksonville City School District,http://www.jacksonville.k12.al.us
Jasper City School District,http://www.jasper.k12.al.us
Jefferson County School District,http://www.jefcoed.com
Lamar County School District,http://lamarcountyschools.net
Lanett City School District,http://www.lanettcityschools.org
Lauderdale County School District,http://www.lcschools.org
Lawrence County School District,http://www.lawrenceal.org
Learning Tree Inc School District,NA
Lee County School District,http://www.lee.k12.al.us
Leeds City School District,http://www.leedsk12.org
Limestone County School District,http://www.lcsk12.org
Linden City School District,http://lindencity.org
Lowndes County School District,http://www.lowndesboe.org
Macon County School District,http://www.maconk12.org
Madison City School District,http://www.madisoncity.k12.al.us
Madison County School District,http://www.madison.k12.al.us/default.aspx
Marengo County School District,http://marengocounty.schoolinsites.com
Marion County School District,http://mcbe.net
Marshall County School District,http://www.marshallk12.org
Midfield City School District,http://www.midfield.k12.al.us
Mobile County School District,http://www.mcpss.com
Monroe County School District,http://www.monroe.k12.al.us
Montgomery County School District,http://www.mps.k12.al.us
Morgan County School District,http://www.morgank12.org
Mountain Brook City School District,http://www.mtnbrook.k12.al.us
Muscle Shoals City School District,http://www.mscs.k12.al.us
Oneonta City School District,http://www.oneontacityschools.com
Opelika City School District,http://www.opelikaschools.org
Opp City School District,http://www.oppcityschools.com
Oxford City School District,http://www.oxford.k12.al.us
Ozark City School District,http://www.ocbe.k12.al.us
Pathway Inc School District,NA
Pelham City School District,http://www.pelhamcityschools.org
Pell City School District,http://pellcityschools.net
Perry County School District,http://perrycountyal.org
Phenix City School District,http://www.pcboe.net
Pickens County School District,http://www.pcboe.org
Piedmont City School District,http://www.piedmont.k12.al.us/websites/PiedmontCitySchools/PiedmontCityDistrict/
Pike County School District,http://www.pikecountyschools.com
Pike Road School District,http://www.pikeroadschools.org
Pointe Academy,NA
Randolph County School District,http://www.randolph.k12.al.us
Roanoke City School District,http://www.roanokecityschools.org
Russell County School District,http://www.russellcountyschools.org
Russellville City School District,http://www.rcs.k12.al.us
Safetynet Academy,NA
Saraland City School District,http://saralandboe.com
Satsuma City School District,http://satsumacity.schoolinsites.com/
Scottsboro City School District,http://www.scottsboroschools.net
Selma City School District,http://selmacityschools.org
Sheffield City School District,http://www.scs.k12.al.us
Shelby County School District,http://www.shelbyed.k12.al.us
St Clair County School District,http://www.sccboe.org
Sumter County School District,NA
Sylacauga City School District,http://www.sylacauga.k12.al.us
Talladega City School District,NA
Talladega County School District,NA
Tallapoosa County School District,http://www.tallapoosak12.org
Tallassee City School District,http://www.tcschools.com
Tarrant City School District,http://www.tarrant.k12.al.us
The Bridge Ii School District,NA
The Rushton School,NA
Thomasville City School District,http://thomasvilleschools.org
Three Springs New Tuskegee,NA
Troy City School District,http://www.troyschools.net
Trussville City School District,http://trussvillecityschools.com
Tuscaloosa City School District,http://www.tuscaloosacityschools.com
Tuscaloosa County School District,http://www.tcss.net
Tuscumbia City School District,http://www.tuscumbia.k12.al.us
Ucp Of Greater Birmingham School District,NA
Vestavia Hills City School District,http://www.vestavia.k12.al.us
Walker County School District,http://www.walkercountyschools.com
Washington County School District,NA
Wilcox County School District,http://www.wilcox.k12.al.us
Winfield City School District,http://www.winfieldal.org
Winston County School District,http://winstonk12.org
