Academics Plus Charter School,http://www.academicsplus.us/news.php
Alma School District,http://www.AlmaSD.net
Alpena School District,http://www.alpenaschool.net
Ark. River Education Service Cooperative,http://genie.arsc.k12.ar.us/
Ark. School For The Blind,http://arkansasschoolfortheblind.org
Ark. School For The Deaf,http://www.arkansas.gov/asd
Arkadelphia School District,http://apsd.k12.ar.us
Arkansas Arts Academy,NA
Arkansas Connections Academy,http://#www.connectionsacademy.com/arkansas-virtual-school#
Arkansas Northeastern College Technical Center,http://www.anc.edu
Arkansas Virtual Academy,http://www.arva.org
Arkansas Youth Services School System,http://www.arkansas.gov/dhs/dys/
Armorel School District,http://armorel.crsc.k12.ar.us
Ashdown School District,http://www.ashdownschools.org
Asu Area Center,http://www.foothills.tec.ar.us
Atkins School District,http://ahs.atkins.k12.ar.us
Augusta School District,http://aps1.k12.ar.us
Bald Knob School District,http://bkps.k12.ar.us/
Barton-Lexa School District,http://blsd.grsc.k12.ar.us
Batesville School District,http://www.batesvilleschools.com
Bauxite School District,http://miners.k12.ar.us
Bay School District,http://Yellowjackets.k12.ar.us
Bearden School District,http://bearden.k12.ar.us
Beebe School District,http://badger.k12.ar.us
Benton School District,http://bentonschools.org
Bentonville School District,http://www.bentonville.k12.ar.us
Bergman School District,http://bergman.oursc.k12.ar.us
Berryville School District,http://bobcat.k12.ar.us/
Bismarck School District,http://www.bsd-lions.net
Blevins School District,http://hornet.swsc.k12.ar.us
Blytheville School District,http://bythevilleschools.com
Booneville School District,http://www.booneville.k12.ar.us
Bradford School District,http://bradford.k12.ar.us
Bradley School District,NA
Brinkley School District,http://www.brinkleyschools.com
Brookland School District,http://brookland.crsc.k12.ar.us
Bryant School District,http://www.bryantschools.org
Buffalo Is. Central School Dist.,http://www.buffaloislandcentral.com
Cabot School District,http://cabot.k12.ar.us
Caddo Hills School District,http://caddohills.dsc.k12.ar.us
Calico Rock School District,http://pirates.k12.ar.us
Camden Fairview School District,http://cfsd.k12.ar.us
Capitol City Lighthouse Academy,http://lighthouse-academies.org
Carlisle School District,http://bison.wmsc.k12.ar.us
Cave City School District,http://www.cavecity.ncsc.k12.ar.us
Cedar Ridge School District,http://www.crsd.k12.ar.us
Cedarville School District,http://cedarville.ar.schoolwebpages.com
Centerpoint School District,http://www.centerpoint.dsc.k12.ar.us
Charleston School District,http://tigers.wsc.k12.ar.us
Clarendon School District,http://lions.grsc.k12.ar.us
Clarksville School District,http://panthernet.wsc.k12.ar.us
Cleveland County School Dist.,http://rison.k12.ar.us
Clinton School District,http://clinton.k12.ar.us
Concord School District,http://concord.k12.ar.us
Conway School District,http://www.conwayschools.org
Corning School District,http://www.corningschools.k12.ar.us
Cossatot River School District,http://cossatot.org
Cotter School District,http://cotterschools.net
County Line School District,http://indians.wsc.k12.ar.us
Covenant Keepers Middle Charter,http://covenantkeepers.k12.ar.us/
Cross County School District,http://www.crosscountyschools.com
Crossett School District,http://crossett.k12.ar.us
Cushman School District,NA
Cutter-Morning Star School Dist.,http://http:/eaglesnest.dsc.k12.ar.us
Danville School District,http://dps-littlejohns.net
Dardanelle School District,http://.dardanelle.k12.ar.us
Decatur School District,http://www.decatur.k12.ar.us
Deer Mt. Judea School District,http://deermtjudea.k12.ar.us
Delight School District,NA
Dequeen Mena Education Cooperative,http://nexus.dmsc.k12.ar.us/
Dequeen School District,http://dequeen.k12.ar.us
Dermott School District,http://dermott.k12.ar.us/
Des Arc School District,http://desarc.wmsc.k12.ar.us/
Dewitt School District,http://dewittschooldistrict.net
Dierks School District,http://outlaw.dmsc.k12.ar.us
Dollarway School District,http://dollarway.k12.ar.us
Dover School District,http://pirates.afsc.k12.ar.us
Drew Central School District,http://www.drewcentral.org
Dumas School District,http://dumas.k12.ar.us
Earle School District,http://www.earle.crsc.k12.ar.us
East Arkansas Career Center,http://www.eacc.edu
East End School District,http://www.bigelow.afsc.k12.ar.us
East Poinsett County School District,http://epc.k12.ar.us
El Dorado School District,http://www.eldoradopublicschools.com
Elkins School District,http://elks.k12.ar.us
Emerson-Taylor School District,http://emersontaylor.k12.ar.us
England School District,http://england.k12.ar.us
Estem Elementary Charter,https://www.estemlr.net/index.html
Estem High Charter,http://estemir.net
Estem Middle Charter,https://www.estemlr.net/index.html
Eureka Springs School District,http://eurekaspringsschools.k12.ar.us
Exalt Academy Of Southwest Little Rock,http://www.exaltacademies.org/
Farmington School District,http://farmcards.org
Fayetteville School District,http://www.fayar.net
Flippin School District,http://flippin.ar.schoolwebpages.com
Fordyce School District,http://fordyceschools.org
Foreman School District,http://www.foremanschooldistrict.com
Forrest City School District,http://mustang.grsc.k12.ar.us
Fort Smith School District,http://www.fortsmithschools.org
Fouke School District,http://fouke.swsc.k12.ar.us/home
Fountain Lake School District,http://flcobra.k12.ar.us
Future School Of Fort Smith,http://#fsfuture.org/#
Genoa Central School District,http://dragons1.k12.ar.us/dragons/
Gentry School District,http://gentrypioneers.com
Glen Rose School District,http://www.grbeavers.org
Gosnell School District,http://pirates.crsc.k12.ar.us
Gravette School District,http://www.lions.k12.ar.us
Green Forest School District,http://www.gf.k12.ar.us
Greenbrier School District,http://gps.k12.ar.us
Greene Co. Tech School Dist.,http://www.gctsd.k12.ar.us
Greenland School District,http://greenlandschools.k12.ar.us
Greenwood School District,http://www.greenwoodarkansasschools.com
Gurdon School District,http://gurdon.ar.schoolwebpages.com
Guy-Perkins School District,http://thunderbird.k12.ar.us
Haas Hall Academy,http://haashall.org
Haas Hall Bentonville,http://haashall.org
Hackett School District,http://hackett.wsc.k12.ar.us
Hamburg School District,http://hsdlions.org
Hampton School District,http://hampton.k12.ar.us
Harmony Grove School District,http://harmonygrove.k12.ar.us
Harmony Grove School District,http://harmonygrove.k12.ar.us
Harrisburg School District,http://sting.k12.ar.us
Harrison School District,http://harrison.k12.ar.us
Hazen School District,http://hazen.wmsc.k12.ar.us
Heber Springs School District,http://hssdweb.k12.ar.us
Hector School District,http://wildcats.afsc.k12.ar.us
Helena W.Helena School Dist.,http://hwh.grsc.k12.ar.us
Hermitage School District,http://hermit.k12.ar.us
Highland School District,http://highlandrebels.k12.ar.us
Hillcrest School District,http://hillcrest.k12.ar.us
Hope School District,http://hope.k12.ar.us
Horatio School District,http://horatio.dmsc.k12.ar.us
Hot Springs School District,http://www.hssd.net
Hoxie School District,http://green.nesc.k12.ar.us
Huntsville School District,http://eagle.nwsc.k12.ar.us
Imboden Charter School District,http://www.imbodencharter.com
Izard Co. Cons. School Dist.,http://www.icc.k12.ar.us
Jackson Co. School District,http://bulldogs.k12.ar.us
Jacksonville Lighthouse Charter,http://www.lighthouse-academies.org/jlcs.htm
Jacksonville North Pulaski School District,http://www.jnpsd.org
Jasper School District,http://jasper.k12.ar.us
Jessieville School District,http://www.jville.k12.ar.us
Jonesboro School District,http://www.jps.k12.ar.us
Junction City School District,http://junctioncity.k12.ar.us/
Kipp Delta Public Schools,http://www.deltacollegeprep.org
Kirby School District,http://kirby.dsc.k12.ar.us/
Lafayette County School District,http://lafayette.k12.ar.us/
Lake Hamilton School District,http://wolves.k12.ar.us
Lakeside School District,http://www.lakeside.k12.ar.us.
Lakeside School District,http://www.lakeside.k12.ar.us.
Lamar School District,http://lamarwarriors.org
Lavaca School District,http://lavacapublicschools.k12.ar.us
Lawrence County School District,http://www.lcsd.k12.ar.us
Lead Hill School District,http://leadhill.ar.schoolwebpages.com
Lee County School District,http://lcsd1.grsc.k12.ar.us/
Lincoln School District,http://wolfpride.nwsc.k12.ar.us
Lisa Academy Charter,http://www.lisaacademy.org
Lisa Academy North Charter,NA
Little Rock Preparatory Academy,http://www.lrprep.org
Little Rock School District,http://www.lrsd.org/
Lonoke School District,http://lonokeschools.org
LR Urban Collegiate Public Charter,NA
Magazine School District,http://magazinerattlers.k12.ar.us
Magnet Cove School Dist.,http://magnetcove.k12.ar.us
Magnolia School District,http://www.magnliaschools.net
Malvern School District,http://MALVERN.DSC.K12.AR.US
Mammoth Spring School District,http://mammothspringschools.k12.ar.us
Manila School District,http://mps.crsc.k12.ar.us
Mansfield School District,http://www.mansfieldtigers.com
Marion School District,http://www.msd3.org
Marked Tree School District,http://mtree.crsc.k12.ar.us
Marmaduke School District,http://marmaduke.nesc.k12.ar.us
Marvell School District,http://marvell.grsc.k12.ar.us
Mayflower School District,http://mayflowerschools.info
Maynard School District,http://maynard.nesc.k12.ar.us
Mccrory School District,http://mccrory.k12.ar.us
Mcgehee School District,http://owls.k12.ar.us
Melbourne School District,http://bearkatz.k12.ar.us
Mena School District,http://mms.dmsc.k12.ar.us/mps/
Mid South Community College,http://www.midsouthcc.edu
Midland School District,http://midland.k12.ar.us
Mineral Springs School Dist.,http://mssd2.k12.ar.us
Monticello School District,http://www.billies.org
Mount Ida School District,http://www.dmsc.k12.ar.us/~mountida/cms/
Mountain Home School District,http://bombers.k12.ar.us
Mountain Pine School District,http://www-mpsd.dsc.k12.ar.us
Mountain View School District,http://mvschools.k12.ar.us
Mountainburg School District,http://www.mountainburg.com
Mt. Vernon Enola School Dist.,http://mve.k12.ar.us
Mulberry School District,http://www.mpvschools.com
Nashville School District,http://www.scrappers.k12.ar.us
National Park Technology Center,http://www.npcc.edu
Nemo Vista School District,http://nemo.k12.ar.us
Nettleton School District,http://nettleton.ar.schoolwebpages.com
Nevada School District,http://www.nevadaschooldistrict.net
Newport School District,http://greyhounds.k12.ar.us
Norfork School District,http://panthers.k12.ar.us
North Arkansas College Secondary Center,http://www.northark.cc.ar.us
North Little Rock School District,http://www.nlrsd.org
Northwest Arkansas Community College Regional Center,http://rtc.neacc.edu
Nwa Academy of Fine Arts,NA
Ocabs Charter,NA
Omaha School District,http://omaha.oursc.k12.ar.us
Osceola School District,http://www.osceola.k12.ar.us
Ouachita River School District,http://acorn.dmsc.k12.ar.us/
Ouachita School District,http://www.ouachita.dsc.k12.ar.us
Ouachita Vocational Center,http://www.otc.tec.ar.us/
Ozark Montessori Academy Springdale,http://ozark.cca.org/ozark-montessori.academy
Ozark Mountain School District,http://omsd.k12.ar.us
Ozark School District,http://ozark.k12.ar.us
Palestine-Wheatley School Dist.,http://www.pwsd.k12.ar.us
Pangburn School District,http://tigers.k12.ar.us
Paragould School District,http://paragould.k12.ar.us
Paris School District,http://paris.k12.ar.us
Parkers Chapel School Dist.,http://parkerschapel.k12.ar.us
Pea Ridge School District,http://www.prs.k12.ar.us
Perryville School District,http://mustangs.k12.ar.us
Phillips Community College Career & Technical Center,http://www.pccua.edu
Piggott School District,http://piggotths.k12.ar.us
Pine Bluff Lighthouse Academy,http://www.lighthouse-academies.org/PBLCS.htm
Pine Bluff School District,http://www.pinebluffschools.k12.ar.us
Pocahontas School District,http://www.nesc.k12.ar.us
Pottsville School District,http://apache.afsc.k12.ar.us
Poyen School District,http://www.poyenschool.com
Prairie Grove School District,http://pgtigers.org
Prescott School District,http://prescott.k12.ar.us
Quitman School District,http://www.quitman.k12.ar.us
Rector School District,http://rector.k12.ar.us
Responsive Education Solutions Northwest Ark Classical Academy,http://nwaclassical.com/
Responsive Education Solutions Premier High School Of Little Rock,http://premierhighschools.com/premier-high-school-of-little-rock/
Responsive Education Solutions Quest Middle School Of Little Rock,http://questmiddleschools.com/find-a-campus/west-little-rock/
Responsive Education Solutions Quest Middle School Of Pine Bluff,http://questmiddleschools.com/pinebluff-ar
Rivercrest School District #57,http://www.smccolts.com
Riverside School District,http://riverside.crsc.k12.ar.us
Riverview School District,http://riverview.k12.ar.us
Rockbridge Montessori,http://www.rbmlr.com
Rogers School District,http://www.rogers.k12.ar.us
Rose Bud School District,http://rbsd.k12.ar.us
Russellville School District,http://rsdweb.k12.ar.us
Salem School District,http://www.salemschools.net
Saline County Vocational Center,http://www.pulaskitech.edu
Sau-Tech Career Center,http://www.sautech.edu
School of Excellence Charter School,NA
Scranton School District,http://www.rocketnet.k12.ar.us
Searcy County School District,http://scsd.info
Searcy School District,http://www.searcyschools.org
Sheridan School District,http://www.sheridanschools.org
Shirley School District,http://shirley.k12.ar.us/
Siatech Little Rock Charter,http://www.siatech.org/schools/arkansas.php
Siloam Springs School District,http://sssd.k12.ar.us/public/
Sloan-Hendrix School Dist.,http://shsd.k12.ar.us
Smackover School District,http://smackover.k12.ar.us
So. Conway Co. School District,http://sccsd.org
South Ark Career Center,http://www.southark.edu/programs/career.htm
South Pike County School District,http://mboro.k12.ar.us/
South Side School District,http://ssbb.k12.ar.us
Southside School District,http://southside.k12.ar.us/
Spring Hill School District,http://springhill.k12.ar.us
Springdale School District,http://www.springdaleschools.org
Star City School District,http://www.starcityschools.com
Strong-Huttig School District,http://stronghuttig.k12.ar.us
Stuttgart School District,http://www.stuttgartschools.org
Texarkana School District,http://txk.k12.ar.us
Trumann School District,http://wildcat.crsc.k12.ar.us
Turrell School District,NA
Twin Rivers School District,NA
Two Rivers School District,http://tworivers.k12.ar.us
Valley Springs School District,http://valley.k12.ar.us
Valley View School District,http://blazers.k12.ar.us/
Van Buren School District,http://www.vbsd.us
Van Cove School District,NA
Vilonia School District,http://vilonia.k12.ar.us
Viola School District,http://violaschool.k12.ar.us
Waldron School District,http://waldron.k12.ar.us
Warren School District,http://se.sesc.k12.ar.us/warren/
Watson Chapel School District,http://watson2.arsc.k12.ar.us
Weiner School District,NA
West Fork School District,http://www.westforkschools.org
West Memphis School District,http://www.wmsd.net
West Side School District,http://westside.afsc.k12.ar.us
Westark Technical Center,http://www.uafortsmith.edu/
Western Yell Co. School Dist.,http://wolverines.k12.ar.us
Westside Cons. School District,http://www.WestsideSchools.org
Westside School District,http://westsiderebels.net
White Co. Central School Dist.,http://whitecountycentral.k12.ar.us
White Hall School District,http://www.whitehallsd.org
Wickes School District,NA
Wonderview School District,http://wonder.k12.ar.us
Woodlawn School District,http://bears.k12.ar.us
Wynne School District,http://wynne.k12.ar.us
Yellville-Summit School Dist.,http://yspanthers.k12.ar.us
