Allegany County Public Schools,http://www.acpsmd.org
Anne Arundel County Public Schools,http://www.aacps.org
Baltimore City Public Schools,http://www.baltimorecityschools.org
Baltimore County Public Schools,http://www.bcps.org
Calvert County Public Schools,http://www.calvertnet.k12.md.us
Caroline County Public Schools,http://www.cl.k12.md.us
Carroll County Public Schools,http://www.carrollk12.org
Cecil County Public Schools,http://www.ccps.org
Charles County Public Schools,http://www.ccboe.com
Dorchester County Public Schools,http://www.dcps.k12.md.us
Frederick County Public Schools,http://www.fcps.org
Garrett County Public Schools,http://www.garrettcountyschools.org
Harford County Public Schools,http://www.hcps.org
Hope Community Academy Pcs,http://www.imaginehopelamond.com
Howard County Public Schools,http://www.hcpss.org
Kent County Public Schools,http://www.kent.k12.md.us
Montgomery County Public Schools,http://www.montgomeryschoolsmd.org
Prince George's County Public Schools,http://www.pgcps.org
Queen Anne's County Public Schools,http://www.qacps.k12.md.us
Seed School Of Maryland,http://www.seedschoolmd.org
Somerset County Public Schools,http://www.somerset.k12.md.us
St. Mary's County Public Schools,http://www.smcps.org
Talbot County Public Schools,http://www.tcps.k12.md.us
Washington County Public Schools,http://wcpsmd.com
Wicomico County Public Schools,http://www.wcboe.org
Worcester County Public Schools,http://www.worcesterk12.com
