Abby Kelley Foster Charter Public (District),http://www.akfcs.org
Abington School District,http://www.abingtonps.org
Academy Of The Pacific Rim Charter Public (District),http://www.pacrim.org
Acton-Boxborough School District,http://www.abschools.org/
Acushnet School District,http://www.acushnetschools.us
Adams-Cheshire School District,http://www.acrsd.net
Advanced Math And Science Academy Charter (District),http://www.amsacs.org
Agawam School District,http://www.agawampublicschools.org
Alma Del Mar Charter School (District),http://almadelmar.org
Amesbury School District,http://schools.amesburyma.gov
Amherst School District,http://www.arps.org
Amherst-Pelham School District,http://www.arps.org
Andover School District,http://www.aps1.net/
Argosy Collegiate Charter School (District),http://www.argosycollegiate.org
Arlington Public Schools,http://www.arlington.k12.ma.us
Ashburnham-Westminster School District,http://www.awrsd.org
Ashland School District,http://www.ashland.k12.ma.us
Assabet Valley Regional Vocational Technical School District,http://www.assabettech.com
Athol-Royalston School District,http://www.arrsd.org
Atlantis Charter (District),http://www.atlantiscs.org
Attleboro School District,http://www.attleboroschools.com
Auburn School District,http://www.auburn.k12.ma.us
Avon School District,http://www.avon.k12.ma.us
Ayer Shirley School District,http://www.asrsd.org
Barnstable Community Horace Mann Charter Public (District),http://www.barnstable.k12.ma.us
Barnstable School District,http://www.barnstable.k12.ma.us/
Baystate Academy Charter Public School (District),http://www.bacps.net
Bedford School District,http://www.bedford.k12.ma.us
Belchertown School District,http://www.belchertownps.org
Bellingham School District,http://www.bellinghamk12.org
Belmont School District,http://www.belmont.k12.ma.us
Benjamin Banneker Charter Public (District),http://www.banneker.org
Benjamin Franklin Classical Charter Public (District),http://www.bfccps.org
Bentley Academy Charter School (District),http://www.bentleyacademy.org
Berkley School District,http://www.BerkleyPublicSchools.org
Berkshire Arts And Technology Charter Public (District),http://www.bartcharter.org
Berkshire Hills School District,http://www.bhrsd.org
Berlin School District,http://www.bbrsd.org
Berlin-Boylston School District,http://www.bbrsd.org
Beverly School District,http://www.beverlyschools.org
Billerica School District,http://www.billerica.k12.ma.us
Blackstone Valley Regional Vocational Technical School District,http://www.valleytech.k12.ma.us
Blackstone-Millville School District,http://www.bmrsd.net
Blue Hills Regional Vocational Technical School District,http://www.bluehills.org
Boston Collegiate Charter (District),http://www.bostoncollegiate.org
Boston Day And Evening Academy Charter (District),http://www.bacademy.org
Boston Green Academy Horace Mann Charter School (District),http://www.bostongreenacademy.org
Boston Preparatory Charter Public (District),http://www.bostonprep.org
Boston Renaissance Charter Public (District),http://www.bostonrenaissance.org
Boston School District,http://bostonpublicschools.org
Bourne School District,http://www.bourneps.org
Boxford School District,http://www.tritownschoolunion.com
Boylston School District,http://www.bbrsd.org
Braintree School District,http://www.braintreeschools.org
Brewster School District,http://nausetschools.org
Bridge Boston Charter School (District),http://www.bridgebostoncharterschool.org
Bridgewater-Raynham School District,http://www.bridge-rayn.org
Brimfield School District,http://www.tantasqua.org
Bristol County Agricultural School District,http://www.bcahs.com
Bristol-Plymouth Regional Vocational Technical School District,http://www.bptech.org
Brockton School District,http://www.brocktonpublicschools.com
Brookfield School District,http://www.tantasqua.org
Brookline School District,http://www.brookline.k12.ma.us/
Burlington School District,http://www.bpsk12.org
Cambridge School District,http://www3.cpsd.us/
Canton School District,http://www.cantonma.org
Cape Cod Lighthouse Charter (District),http://www.cclighthouseschool.org
Cape Cod Regional Vocational Technical School District,http://capetech.us
Carlisle School District,http://www.carlisle.k12.ma.us
Carver School District,http://www.carver.org
Central Berkshire School District,NA
Chelmsford School District,http://www.chelmsford.k12.ma.us
Chelsea School District,http://www.chelseaschools.com
Chesterfield-Goshen School District,http://hr-k12.org
Chicopee School District,http://www.chicopeeps.org/
Christa Mcauliffe Regional Charter Public (District),http://www.mcauliffecharter.org
City On A Hill Charter Public School Circuit Street (Distric,http://www.cityonahill.org
City On A Hill Charter Public School Dudley Square (District,http://www.cityonahill.org
City on a Hill Charter Public School New Bedford (,http://www.cityonahill.org/
Clarksburg School District,NA
Clinton School District,http://www.clinton.k12.ma.us
Codman Academy Charter Public (District),http://www.codmanacademy.org
Cohasset School District,http://www.cohassetk12.org
Collegiate Charter School of Lowell (District),http://lowell.sabis.net
Community Charter School Of Cambridge (District),http://www.ccscambridge.org
Community Day Charter Public (District),http://www.cdcps.org
Community Day Charter Public School - Gateway (District),http://www.cdcpsgateway.org
Community Day Charter Public School - R. Kingman Webster (Di,http://www.cdcpswebster.org
Concord School District,http://www.concordpublicschools.net
Concord-Carlisle School District,http://www.concordpublicschools.net
Conservatory Lab Charter (District),http://www.conservatorylab.org
Conway School District,http://www.frsu38.org
Danvers School District,http://danverspublicschools.org
Dartmouth School District,http://www.dartmouthps.schoolfusion.us
Dedham School District,http://www.dedham.k12.ma.us
Deerfield School District,http://www.frsu38.org
Dennis-Yarmouth School District,http://www.dy-regional.k12.ma.us
Dighton-Rehoboth School District,http://www.drregional.org
Douglas School District,http://www.douglasps.net
Dover School District,http://www.doversherborn.org
Dover-Sherborn School District,http://www.doversherborn.org
Dracut School District,http://dracutps.org
Dudley Street Neighborhood Charter School (District),http://www.dudleystreetschool.org/
Dudley-Charlton Reg School District,http://dcrsd.org
Duxbury School District,http://www.duxbury.k12.ma.us
East Bridgewater School District,http://www.ebps.net
East Longmeadow School District,http://www.eastlongmeadowma.gov
Eastham School District,http://nausetschools.org
Easthampton School District,http://www.epsd.us
Easton School District,http://easton.k12.ma.us
Edgartown School District,http://mvyps.org
Edward Brooke Charter (District),http://www.ebrooke.org
Edward M. Kennedy Academy For Health Careers (Horace Mann Ch,http://www.kennedyacademy.org
Erving School District,http://www.union28.org
Essex North Shore Agricultural and Technical School District,http://www.essextech.net
Everett School District,http://www.everett.k12.ma.us
Excel Academy Charter (District),http://www.excelacademy.org
Fairhaven School District,http://www.fairhavenps.org/
Fall River School District,http://www.fallriverschools.org
Falmouth School District,http://www.falmouth.k12.ma.us
Farmington River Reg School District,http://www.frrsd.org
Fitchburg School District,http://www.fitchburg.k12.ma.us
Florida School District,http://www.abbottmemorial.org
Four Rivers Charter Public (District),http://www.fourriverscharter.org
Foxborough Regional Charter (District),http://www.foxboroughrcs.org
Foxborough School District,http://www.foxborough.k12.ma.us
Framingham School District,http://www.framingham.k12.ma.us
Francis W. Parker Charter Essential (District),http://www.theparkerschool.org
Franklin County Regional Vocational Technical School District,http://www.fcts.org
Franklin School District,http://www.franklin.k12.ma.us
Freetown-Lakeville School District,http://www.freelake.org
Frontier School District,http://www.frsu38.org
Gardner School District,http://www.gardnerk12.org
Gateway School District,http://www.grsd.org
Georgetown School District,http://www.georgetown-schools.org
Gill-Montague School District,http://www.gmrsd.org
Global Learning Charter Public (District),http://www.glcps.org
Gloucester School District,http://www.gloucesterschools.com
Gosnold School District,NA
Grafton School District,http://graftonps.org/Domain/11
Granby School District,http://www.granbyschoolsma.org
Greater Fall River Regional Vocational Technical School District,http://www.dimanregional.org
Greater Lawrence Regional Vocational Technical School District,http://www.glts.net
Greater Lowell Regional Vocational Technical School District,http://www.gltech.org
Greater New Bedford Regional Vocational Technical School District,http://www.gnbvt.edu
Greenfield School District,http://www.gpsk12.org
Groton-Dunstable School District,http://www.gdrsd.org
Hadley School District,http://www.hadleyschools.org
Halifax School District,http://hes.slrsd.org
Hamilton-Wenham School District,http://www.hwschools.net
Hampden Charter School Of Science (District),http://www.hampdencharter.org
Hampden-Wilbraham School District,http://www.hwrsd.org
Hampshire School District,http://www.hr-k12.org
Hancock School District,http://www.richmondconsolidated.org
Hanover School District,http://hanoverschools.org
Harvard School District,http://www.psharvard.org
Hatfield School District,http://www.hatfieldps.net
Haverhill School District,http://www.haverhill-ps.org
Hawlemont School District,http://www.mohawkschools.org
Helen Y. Davis Leadership Academy Charter Public (District),http://www.davisleadership.org
Hill View Montessori Charter Public (District),http://www.hillviewmontessori.org
Hilltown Cooperative Charter Public (District),http://hilltowncharter.org
Hingham School District,http://hinghamschools.org
Holbrook School District,http://www.holbrook.k12.ma.us
Holland School District,http://www.tantasqua.org
Holliston School District,http://www.holliston.k12.ma.us
Holyoke Community Charter (District),http://www.hccs-sabis.net
Holyoke School District,http://www.hps.holyoke.ma.us/
Hopedale School District,http://www.hopedale.k12.ma.us
Hopkinton School District,http://www.hopkinton.k12.ma.us
Hudson School District,http://www.hudson.k12.ma.us
Hull School District,http://www.town.hull.ma.us/Public_Documents/HullMA_schools/index
Innovation Academy Charter (District),http://www.innovationcharter.org
Institutional Schools,http://www.doe.mass.edu/seis
Ipswich School District,http://www.ipsk12.net
King Philip School District,http://www.kingphilip.org
Kingston School District,http://www.slrsd.org
KIPP Academy Boston Charter School (District),http://www.kippma.org
Kipp Academy Lynn Charter (District),http://www.kippma.org
Lawrence Family Development Charter (District),http://lfdcs.org
Lawrence School District,http://www.lawrence.k12.ma.us
Lee School District,http://www.leepublicschools.net
Leicester School District,http://www.leicester.k12.ma.us
Lenox School District,http://www.lenoxps.org
Leominster School District,http://www.leominster.mec.edu
Leverett School District,http://www.union28.org
Lexington School District,http://lps.lexingtonma.org
Lincoln School District,http://www.lincnet.org
Lincoln-Sudbury School District,http://www.lsrhs.net
Littleton School District,http://www.littletonps.org
Longmeadow School District,http://www.longmeadow.k12.ma.us
Lowell Community Charter Public (District),http://www.lccps.org
Lowell Middlesex Academy Charter (District),http://www.lmacs.org
Lowell School District,http://www.lowell.k12.ma.us/
Ludlow School District,http://ludlow.k12.ma.us
Lunenburg School District,http://www.lunenburgschools.net
Lynn School District,http://www.lynnschools.org
Lynnfield School District,http://www.lynnfield.k12.ma.us
Ma Academy For Math And Science,http://www.massacademy.org
Malden School District,http://www.maldenps.org/
Manchester Essex Regional School District,http://www.mersd.org
Mansfield School District,http://www.mansfieldschools.com
Marblehead Community Charter Public (District),http://marbleheadcharter.org
Marblehead School District,http://www.marbleheadschools.org
Marion School District,http://www.oldrochester.org
Marlborough School District,http://www.mps-edu.org
Marshfield School District,http://www.mpsd.org
Martha's Vineyard Charter (District),http://mvpcs.org
Marthas Vineyard School District,http://www.mvrhs.org
Martin Luther King Jr. Charter School Of Excellence (Distric,NA
Masconomet School District,http://www.masconomet.org
Mashpee School District,http://www.mashpee.k12.ma.us
Massachusetts Virtual Academy at Greenfield Commonwealth Virtual District,http://mava.k12.com/
Match Charter Public School (District),http://www.matchschool.org
Mattapoisett School District,http://www.oldrochester.org
Maynard School District,http://www.maynardschools.org
Medfield School District,http://www.medfield.net
Medford School District,http://www.medford.k12.ma.us
Medway School District,http://www.medwayschools.org
Melrose School District,http://www.melroseschools.com
Mendon-Upton School District,http://www.mursd.org
Methuen School District,http://www.methuen.k12.ma.us
Middleborough School District,http://www.middleboro.k12.ma.us
Middleton School District,http://www.tritownschoolunion.com
Milford School District,http://www.milfordpublicschools.com
Millbury School District,http://www.millburyschools.org
Millis School District,http://www.millisps.org
Milton School District,http://www.miltonps.org
Minuteman Regional Vocational Technical School District,http://www.minuteman.org
Mohawk Trail School District,http://www.mohawkschools.org
Monomoy Regional School District,http://www.monomoy.edu
Monson School District,http://www.monsonschools.com
Montachusett Regional Vocational Technical School District,http://www.montytech.net
Mount Greylock School District,http://www.mgrhs.org
Mystic Valley Regional Charter (District),http://www.mvrcs.com
Nahant School District,http://www.johnsonschool.org
Nantucket School District,http://www.npsk.org
Narragansett School District,http://www.nrsd.org
Nashoba School District,http://www.nrsd.net
Nashoba Valley Regional Vocational Technical School District,http://www.nashobatech.net
Natick School District,http://www.natickps.org
Nauset School District,http://nausetschools.org
Needham School District,http://www.needham.k12.ma.us
Neighborhood House Charter (District),http://www.thenhcs.org
New Bedford School District,http://www.newbedfordschools.org
New Heights Charter School of Brockton (District),http://www.newheightscharterschool.com/
New Salem-Wendell School District,http://www.union28.org
Newburyport School District,http://www.newburyport.k12.ma.us
Newton School District,http://www.newton.k12.ma.us
Norfolk County Agricultural School District,http://www.norfolkaggie.org
Norfolk School District,http://www.norfolk.k12.ma.us
North Adams School District,http://www.napsk12.org
North Andover School District,http://www.northandoverpublicschools.com
North Attleborough School District,http://www.naschools.net
North Brookfield School District,http://www.nbschools.org
North Middlesex School District,http://www.nmrsd.org
North Reading School District,http://www.north-reading.k12.ma.us/Pages/index
Northampton School District,http://www.northampton-k12.us
Northampton-Smith Vocational Agricultural School District,http://smith.tec.ma.us/
Northboro-Southboro School District,http://www.nsboro.k12.ma.us
Northborough School District,http://www.nsboro.k12.ma.us
Northbridge School District,http://www.nps.org
Northeast Metropolitan Regional Vocational Technical School District,http://northeastmetrotech.com
Northern Berkshire Regional Vocational Technical School District,http://www.mccanntech.org
Norton School District,http://www.norton.k12.ma.us/pages/Norton_Public_Schools
Norwell School District,http://www.norwellschools.org
Norwood School District,http://www.norwood.k12.ma.us
Oak Bluffs School District,http://www.mvyps.org/
Old Colony Regional Vocational Technical School District,http://www.oldcolony.us
Old Rochester School District,http://www.oldrochester.org
Orange School District,http://www.orange-elem.org/
Orleans School District,http://nausetschools.org
Oxford School District,http://www.oxps.org
Palmer School District,http://www.palmerschools.org
Pathfinder Regional Vocational Technical School District,http://www.pathfindertech.org
Paulo Freire Social Justice Charter School (District),http://paulofrierecharterschool.org
Peabody School District,http://www.peabody.k12.ma.us
Pelham School District,http://www.arps.org
Pembroke School District,http://www.pembrokek12.org
Pentucket School District,http://www.prsd.org
Petersham School District,http://www.petershamcenterschool.org
Phoenix Academy Public Charter High School Springfield (District),NA
Phoenix Charter Academy (District),http://www.phoenixcharteracademy.org
Pioneer Charter School Of Science (District),http://www.pioneercss.org
Pioneer Charter School of Science II (PCSS-II) (District),NA
Pioneer Valley Chinese Immersion Charter(District),http://www.pvcics.org
Pioneer Valley Performing Arts Charter Public (District),http://www.pvpa.org
Pioneer Valley School District,http://www.pvrsdk12.org/
Pittsfield School District,http://www.pittsfield.net
Plainville School District,http://www.plainville.k12.ma.us
Plymouth School District,http://www.plymouth.k12.ma.us
Plympton School District,http://des.slrsd.org
Prospect Hill Academy Charter (District),http://www.phacs.org
Provincetown School District,http://www.provincetownschools.com
Quabbin School District,http://www.qrsd.org
Quaboag Regional School District,http://www.quaboagrsd.org
Quincy School District,http://QuincyPublicSchools.com
Ralph C Mahar School District,http://www.rcmahar.org
Randolph School District,http://www.randolph.k12.ma.us
Reading School District,http://reading.k12.ma.us
Revere School District,http://www.revereps.mec.edu
Richmond School District,NA
Rising Tide Charter Public (District),http://www.risingtide.org
River Valley Charter (District),http://www.rivervalleycharter.org
Rochester School District,http://www.oldrochester.org
Rockland School District,http://www.rocklandschools.org
Rockport School District,http://www.rpk12.org
Rowe School District,http://www.mohawkschools.org
Roxbury Preparatory Charter (District),http://www.roxburyprep.org
Sabis International Charter (District),http://www.sics-sabis.net
Salem Academy Charter (District),http://www.salemacademycs.org
Salem School District,http://salemk12.org
Sandwich School District,http://www.sandwich.k12.ma.us
Saugus School District,http://www.saugus.k12.ma.us
Savoy School District,NA
Scituate School District,http://www.scituate.k12.ma.us/
Seekonk School District,http://www.seekonkschools.org
Seven Hills Charter Public (District),http://www.sevenhillscharter.org
Sharon School District,http://www.sharon.k12.ma.us
Shawsheen Valley Regional Vocational Technical School District,http://www.shawsheentech.org
Sherborn School District,http://www.doversherborn.org
Shrewsbury School District,http://schools.shrewsburyma.gov
Shutesbury School District,http://www.union28.org
Silver Hill Horace Mann Charter (District),http://www.haverhill-ps.org
Silver Lake School District,http://www.slrsd.org
Sizer School (North Central Charter Essential School),http://www.sizerschool.org
Somerset Berkley Regional School District,http://www.sbregional.org
Somerset School District,http://www.somersetps.com
Somerville School District,http://www.somerville.k12.ma.us
South Hadley School District,http://www.southhadleyschools.org
South Middlesex Regional Vocational Technical School District,http://www.KeefeTech.org
South Shore Charter Public (District),http://www.sscps.org
South Shore Regional Vocational Technical School District,http://www.ssvotech.org
Southampton School District,http://www.hr-k12.org
Southborough School District,http://www.nsboro.k12.ma.us
Southbridge School District,http://www.southbridgepublic.org/
Southeastern Regional Vocational Technical School District,http://www.sersd.org
Southern Berkshire School District,http://www.sbrsd.org
Southern Worcester County Regional Vocational Technical School District,http://www.baypath.tec.ma.us
Southwick-Tolland-Granville Regional School District,http://www.stgrsd.org
Spencer-E Brookfield School District,http://www.sebrsd.org
Springfield Preparatory Charter School (District),http://www.springfieldprep.org
Springfield School District,http://www.springfieldpublicschools.com
Stoneham School District,http://www.stonehamschools.org
Stoughton School District,http://www.stoughtonschools.org
Sturbridge School District,http://www.tantasqua.org
Sturgis Charter Public (District),http://www.sturgischarterschool.org
Sudbury School District,http://www.sudbury.k12.ma.us
Sunderland School District,http://www.frsu38.org
Sutton School District,http://www.suttonschools.net
Swampscott School District,http://www.swampscott.k12.ma.us
Swansea School District,http://www.swanseaschools.org
Tantasqua School District,http://www.tantasqua.org
Taunton School District,http://www.tauntonschools.org
TEC Connections Academy Commonwealth Virtual School District,http://www.connectionsacademy.com/massachusetts-virtual-school/home.aspx
Tewksbury School District,http://www.tewksbury.k12.ma.us
Tisbury School District,http://www.mvyps.org/
Topsfield School District,http://www.tritownschoolunion.com
Tri County Regional Vocational Technical School District,http://www.tri-county.us
Triton School District,http://www.trsd.net
Truro School District,http://www.truromass.org
Tyngsborough School District,http://www.tyngsboroughps.org
Up Academy Charter School Of Boston (District),http://www.upacademyboston.org
UP Academy Charter School of Dorchester (District),http://www.upacademydorchester.org
Up-Island Regional School District,http://www.mvyps.org/
Upper Cape Cod Regional Vocational Technical School District,http://www.uppercapetech.com
Uxbridge School District,http://www.uxbridgeschools.com
Veritas Preparatory Charter School (District),http://www.veritasprepcharterschool.org
Wachusett School District,http://www.wrsd.net
Wakefield School District,http://www.wakefieldpublicschools.org
Wales School District,http://www.tantasqua.org
Walpole School District,http://www.walpole.k12.ma.us/
Waltham School District,http://www.walthampublicschools.org/
Ware School District,http://www.wareps.org
Wareham School District,http://www.warehamps.org/district
Watertown School District,http://www.watertown.k12.ma.us
Wayland School District,http://www.wayland.k12.ma.us
Webster School District,http://www.webster-schools.org
Wellesley School District,http://www.wellesley.k12.ma.us
Wellfleet School District,http://nausetschools.org
West Boylston School District,http://www.wbschools.com
West Bridgewater School District,http://wbridgewaterschools.org/school/
West Springfield School District,http://www.wsps.org
Westborough School District,http://www.westboroughk12.org
Westfield School District,http://www.schoolsofwestfield.org
Westford School District,http://westfordk12.us/Pages/index
Westhampton School District,http://www.hr-k12.org
Weston School District,http://www.westonschools.org
Westport School District,http://www.westportschools.org
Westwood School District,http://www.westwood.k12.ma.us
Weymouth School District,http://www.weymouthschools.org/
Whately School District,http://www.frsu38.org
Whitman-Hanson School District,http://www.whrsd.k12.ma.us
Whittier Regional Vocational Technical School District,http://www.whittiertech.org
Williamsburg School District,http://www.hr-k12.org
Williamstown School District,http://www.williamstownelementary.org
Wilmington School District,http://www.wpsk12.com/
Winchendon School District,http://www.winchendonk12.org
Winchester School District,http://www.winchester.k12.ma.us
Winthrop School District,http://www.winthrop.k12.ma.us/
Woburn School District,http://www.woburnpublicschools.com
Worcester School District,http://www.worcesterschools.org
Worthington School District,NA
Wrentham School District,http://wrentham.k12.ma.us
