Academic And Career Education Academy,http://aceaofmidland.org/
Academy For Business And Technology,http://www.abtmelvindale.com/index.htm
Academy Of International Studies,http://www.academyofinternationalstudies.com
Academy Of Warren,http://www.charteracademies.com/academy-of-warren/
Ace Academy (Sda),http://www.aceacademysda.com
Achieve Charter Academy,http://www.nhaschools.com/schools/achieve/en/pages/default.aspx
Adams Township School District,http://www.adams.k12.mi.us/
Addison Community Schools,http://addisonschools.org
"Adrian, School District Of The City Of",http://www.theadrianmaples.com
Advanced Technology Academy,http://atafordpas.org
Agbu Alex-Marie Manoogian School,http://www.manoogian.org
Airport Community Schools,http://www.airportschools.com
Akron-Fairgrove Schools,http://akronfairgrove.org
Alanson Public Schools,http://www.alansonvikings.net
Alba Public Schools,http://www.albaschool.org
Alcona Community Schools,http://alconaschools.org
Algonac Community School District,http://www.algonac.k12.mi.us
Allegan Area Educational Service Agency,http://www.alleganaesa.org
Allegan Public Schools,http://www.alleganpublicschools.org
Allen Park Public Schools,http://www.apps.k12.mi.us/
Allendale Public Schools,http://www.allendale.k12.mi.us
Alma Public Schools,http://www.almaschools.net
Almont Community Schools,http://www.almontschools.org
Alpena Public Schools,http://www.alpenaschools.com
Alpena-Montmorency-Alcona Esd,http://amaesd.org
Alternative Educational Academy Of Iosco County,NA
Alternative Educational Academy Of Ogemaw County,NA
American International Academy,http://www.amaericanintlacademy.com
American Montessori Academy,http://www.americanmontessori.net
Anchor Bay School District,http://www.anchorbay.misd.net
Ann Arbor Learning Community,http://www.annarborlearningcommunity.org
Ann Arbor Public Schools,http://www.aaps.k12.mi.us/
Arbor Academy,http://www.arbor-academy.org
Arbor Preparatory High School,http://www.arborprep.com
Arenac Eastern School District,http://www.arenaceastern.org
Armada Area Schools,http://www.armadaschools.org
Arts Academy In The Woods,http://www.artsacad.net
Arts And Technology Academy Of Pontiac,http://pontiacpsa.org
Arvon Township School District,http://www.arvontownshipschool.org/
Ashley Community Schools,http://www.ashleyschools.net
Athens Area Schools,http://www.athensk12.org
Atherton Community Schools,http://www.athertonschools.org
Atlanta Community Schools,http://www.atlantaschools.us
Au Gres-Sims School District,http://www.ags-schools.org
Augusta Academy,NA
Autrain-Onota Public Schools,http://www.autrainonota.com
Avondale School District,http://www.avondaleschools.org
Bad Axe Public Schools,http://www.badaxeps.org
Baldwin Community Schools,http://www.baldwin.k12.mi.us
Bangor Public Schools (Van Buren),http://www.bangorvikings.org
Bangor Township School District #8,NA
Bangor Township Schools,http://www.bangorschools.org/
Baraga Area Schools,http://www.baragaschools.org/
Bark River-Harris School District,http://www.dsisd.k12.mi.us/barkriver
Barry Independent School District,http://www.barryisd.org
Bath Community Schools,http://www.bathschools.net
Battle Creek Area Learning Center,NA
Battle Creek Montessori Academy,http://battlecreekmontessoriacademy.com
Battle Creek Public Schools,http://www.battlecreekpublicschools.org
Bay City Academy,http://www.baycityacademy.com
Bay City School District,http://www.bcschools.net
Bay County Psa,http://www.statestreetacademy.org
Bay-Arenac Community High School,http://bachs.us
Bay-Arenac Independent School District,http://www.baisd.net
Beal City Public Schools,http://www.bealcityschools.net/
Bear Lake Schools,http://199.176.176.59/
Beaver Island Community School,http://www.beaverisland.k12.mi.us/beaverisland/site/default.asp
Beaverton Rural Schools,http://www.beavertonruralschools.com
Bedford Public Schools,http://www.bedford.k12.mi.us
Beecher Community School District,http://www.beecherschools.org
Belding Area School District,http://www.bas-k12.org
Bellaire Public Schools,http://www.bellairepublicschools.com
Bellevue Community Schools,http://www.bellevue-schools.org
Bendle Public Schools,http://www.bendleschools.org
Bentley Community School District,http://bentleyschools.org
Benton Harbor Area Schools,http://www.bhas.org
Benton Harbor Charter School Academy,http://www.bentonharborcharter.com
Benzie County Central Schools,http://www.benzieschools.net
Berkley School District,http://www.berkleyschools.org
Berlin Township School District #3,NA
Berrien Regional Educational Service Agency,http://www.berrienresa.org
Berrien Springs Public Schools,http://www.HomeOfTheShamrocks.org
Bessemer Area School District,http://www.bessemer.k12.mi.us/
Big Bay De Noc School District,http://www.bigbayschool.com
Big Jackson School District,http://bigjackson.ncats.net/
Big Rapids Public Schools,http://www.brps.org
Birch Run Area Schools,http://www.birchrunschools.org
Birmingham Public Schools,http://www.birmingham.k12.mi.us
Black River Public School,http://www.BlackRiverPublicSchool.org
Blanche Kelso Bruce Academy,NA
Blended Learning Academies Credit Recovery High School,http://www.blendedacademies.org
Blissfield Community Schools,http://www.blissfieldschools.us
Bloomfield Hills Schools,http://www.bloomfield.org
Bloomingdale Public School District,http://www.bdalecards.org
Blue Water Middle College,http://www.sccresa.org/bwmc
Bois Blanc Pines School District,http://boisblanc.schoolwires.com/boisblanc
Boyne City Public Schools,http://www.boyne.k12.mi.us
Boyne Falls Public School District,http://www.boynefalls.org
Bradford Academy,http://www.bradfordacademy.com/
Branch Independent School District,http://branch-isd.org
Branch Line School,http://www.branchlineschool.org
Brandon School District In The Counties Of Oakland And Lapeer,http://brandonschooldistrict.org
Brandywine Community Schools,http://www.brandywinebobcats.org
Breckenridge Community Schools,http://breckhuskies.org
Breitung Township School District,http://kingsford.org
Bridge Academy,http://www.bridge-academy.org
Bridgeport-Spaulding Community School District,http://www.bscs.k12.mi.us
Bridgman Public Schools,http://www.bridgmanschools.com
Brighton Area Schools,http://www.bas.k12.mi.us
Brimley Area Schools,http://www.eup.k12.mi.us/brimley
Britton Deerfield Schools,http://bdschools.us
Bronson Community School District,http://www.bronson.k12.mi.us
Brown City Community Schools,http://www.bc.k12.mi.us
Buchanan Community Schools,http://www.buchananschools.com
Buckley Community Schools,http://buckleyschools.com
Bullock Creek School District,http://www.bcreek.k12.mi.us
Burr Oak Community School District,http://server.remc12.k12.mi.us/burr-oak
Burt Township School District,NA
Burton Glen Charter Academy,http://www.nhaschools.com/schools/burtonglen/en/pages/default.aspx
Byron Area Schools,http://byron.k12.mi.us
Byron Center Charter School,http://www.byroncentercharter.org
Byron Center Public Schools,http://www.bcpsk12.net
C.O.O.R. Independent School District,http://www.coorisd.k12.mi.us
Cadillac Area Public Schools,http://www.vikingnet.org
Caledonia Community Schools,http://www.calschools.org
Calhoun Independent School District,http://www.calhounisd.org
Camden-Frontier School,http://www.cfss.org
Caniff Liberty Academy,NA
Canton Charter Academy,http://www.nhaschools.com/schools/canton/en/pages/default.aspx
Canton Preparatory High School,NA
Capac Community Schools,http://capacschools.us
Capstone Academy Charter School (Sda),NA
Carman-Ainsworth Community Schools,http://www.carman.k12.mi.us
Carney-Nadeau Public Schools,http://www.cnps.us
Caro Community Schools,http://www.carok12.org
Carrollton Public Schools,http://www.carrollton.k12.mi.us
Carson City-Crystal Area Schools,http://www.carsoncity.k12.mi.us
Carsonville-Port Sanilac School District,http://www.carsport.k12.mi.us
Caseville Public Schools,http://www.caseville.k12.mi.us
Casman Alternative Academy,http://www.casman.org
Cass City Public Schools,http://www.casscityschools.org
Cassopolis Public Schools,http://www.cassopolis.k12.mi.us
Cedar Springs Public Schools,http://www.csredhawks.org
Center Line Public Schools,http://www.clps.org
Central Academy,http://centralacademy.net
Central Lake Public Schools,http://www.clps.k12.mi.us
Central Montcalm Public Schools,http://www.qualityschool.org
Centreville Public Schools,http://cpschools.org
Cesar Chavez Academy,http://www.chavezacademy.com
Chandler Park Academy,http://www.2cpaeductr.com/
Chandler Woods Charter Academy,http://chandlerwoods.heritageacademies.com/
Charlevoix Montessori Academy For The Arts,http://www.cma.edu
Charlevoix Public Schools,http://www.rayder.net
Charlevoix-Emmet Independent School District,http://www.charemisd.org
Charlotte Public Schools,http://www.charlottenet.org/
Charlton Heston Academy,http://www.charltonhestonacademy.com
Charyl Stockwell Academy,http://www.csaschool.org
Chassell Township School District,http://www.chassellschools.org
Chatfield School,http://chatfieldschool.org
Cheb-Otsego-Presque Isle Esd,http://www.copesd.org
Cheboygan Area Schools,http://www.chebschools.org
Chelsea School District,http://chelsea.k12.mi.us
Chesaning Union Schools,http://www.chesaningschools.net
Chippewa Hills School District,http://www.chsd.us
Chippewa Valley Schools,http://www.chippewavalleyschools.org
Church School District,http://www.huroncountyruralschools.com/church/index.html
Clare Public Schools,http://clare.k12.mi.us
Clare-Gladwin Regional Education Service District,http://www.cgresd.net
Clarenceville School District,http://www.clarencevilleschools.org
Clarkston Community School District,http://www.clarkston.k12.mi.us
Clawson Public Schools,http://www.clawsonschools.org
Climax-Scotts Community Schools,http://www.csschools.net
Clinton Community Schools,http://www.clinton.k12.mi.us
Clinton County Regional Educational Service Agency,http://www.ccresa.org
Clintondale Community Schools,http://www.clintondale.k12.mi.us
Clio Area School District,http://www.clioschools.org
Coldwater Community Schools,http://www.coldwaterschools.org
Cole Academy,http://www.coleacademy.org
Coleman Community Schools,http://www.colemanschools.net
Colfax Township School District #1f,http://www.huroncountyruralschools.com/bigburning/index.html
Coloma Community Schools,http://remc11.k12.mi.us/coloma
Colon Community School District,http://www.colonschools.org
Columbia School District,http://Columbiaschooldistrict.org
Commonwealth Community Development Academy,http://www.cwdacademy.com/
Comstock Park Public Schools,http://www.cppschools.com
Comstock Public Schools,http://www.comstockps.org
Concord Academy - Boyne,http://concordboyne.com
Concord Academy - Petoskey,http://www.concordpetoskey.com
Concord Community Schools,http://www.concordschools.net
Conner Creek Academy East,http://d51425.u26.77inc.com/index.html
Constantine Public School District,http://www.constps.org
Coopersville Area Public School District,http://www.coopersvillebroncos.org
Copper Country Independent School District,http://www.copperisd.org
Cornerstone Health And Technology School,NA
Cornerstone Jefferson-Douglass Academy,NA
Corunna Public Schools,http://www.corunna.k12.mi.us
Countryside Academy,http://www.countrysideacademy.org
Covenant House Academy Detroit,http://www.covenanthouseacademies.org
Covenant House Academy Grand Rapids,NA
Covert Public Schools,http://www.covertpublicschools.org
Crawford Ausable Schools,http://www.casdk12.net
Creative Montessori Academy,http://www.creative-montessori.com
Creative Technologies Academy,http://ctaschool.com
Crescent Academy,http://www.crescentacademycharterschool.com/site/index.asp
Crestwood School District,http://www.csdm.k12.mi.us
Cross Creek Charter Academy,http://crosscreek.heritageacademies.com/
Crossroads Charter Academy,http://www.ccabr.org/
Croswell-Lexington Community Schools,http://www.croslex.org
Da Vinci Institute,http://www.davincik12.org
Dansville Schools,http://dansville.org
David Ellis Academy,http://davidellisacademy.com
David Ellis Academy West,http://www.davidellisacademywest.com/
Davison Community Schools,http://www.davisonschools.org
Dearborn City School District,http://www.dearbornschools.org
Dearborn Heights School District #7,http://www.district7.net
Decatur Public Schools,http://www.raiderpride.org
Deckerville Community School District,http://www.deckerville.k12.mi.us
Delta-Schoolcraft Independent School District,http://dsisd.k12.mi.us
Delton Kellogg Schools,http://www.dkschools.org
Detour Area Schools,http://detour.eup.k12.mi.us/detouras/site/default.asp
Detour Arts And Technology Academy,http://detourata.eup.k12.mi.us
Detroit Academy Of Arts And Sciences,http://www.daasdistrict.org
Detroit Achievement Academy,NA
Detroit Community Schools,http://www.detcomschools.org/home
Detroit Delta Preparatory Academy For Social Justice,http://www.detroitdeltaprep.org
Detroit Edison Public School Academy,http://www.detroitedisonpsa.org
Detroit Enterprise Academy,http://detroitenterprise.heritageacademies.com/
Detroit Innovation Academy,http://ydetroitacademy.org/our-schools/detroit-innovation-academy
Detroit Leadership Academy,http://www.dlachampion.org
Detroit Merit Charter Academy,http://detroitmerit.heritageacademies.com/
Detroit Premier Academy,http://detroitpremier.heritageacademies.com/
Detroit Prep,NA
Detroit Public Safety Academy,http://www.detroitpsa.com
Detroit Public Schools Community District,http://www.detroitk12.org
Detroit Service Learning Academy,http://www.detroitsla.org
DeWitt Public Schools,http://dewittschools.net
Dexter Community School District,http://www.dexterschools.org
Dickinson-Iron Independent School District,http://www.diisd.org
Dollar Bay-Tamarack City Area Schools,http://www.dollarbay.k12.mi.us
Dove Academy Of Detroit,http://doveacademy.net/
Dowagiac Union School District,http://www.dowagiacschools.org
Dr. Joseph F. Pollack Academic Center Of Excellence,http://www.emich.edu/charter/flash/index.html
Dryden Community Schools,http://www.dryden.k12.mi.us
Dundee Community Schools,http://www.dundeecommunityschools.org/
Durand Area Schools,http://durand.k12.mi.us
Eagle Crest Charter Academy,http://eaglecrest.heritageacademies.com/
Eagle's Nest Academy,NA
East Arbor Charter Academy,http://eastarbor.heritageacademies.com
East China School District,http://www.ecsd.us
East Detroit Public Schools,http://www.eastdetroit.org
East Grand Rapids Public Schools,http://www.egrps.org
East Jackson Community Schools,http://www.eastjacksonschools.org/
East Jordan Public Schools,http://www.ejps.org
East Lansing School District,http://elps.k12.mi.us
East Shore Leadership Academy,NA
Eastern Upper Peninsula Independent School District,http://www.eupschools.org
Easton Township School District #6,NA
Eaton Academy,NA
Eaton Rapids Public Schools,http://www.erpsk12.org
Eaton Regional Educational Service Agency,http://www.eatonresa.org
Eau Claire Public Schools,http://www.eauclairepublicschools.com
Ecorse Public Schools,http://www.resa.net/ecorse
Education Achievement Authority Of Michigan,NA
Edwardsburg Public Schools,http://www.edwardsburgpublicschools.org
El-Hajj Malik El-Shabazz Academy,http://www.shabazzacademy.com
Elk Rapids Schools,http://www.erschools.com
Elkton-Pigeon-Bay Port Laker Schools,http://www.lakerschools.org
Ellsworth Community School,http://www.ellsworth.k12.mi.us
Elm River Township School District,http://www.elmriver.k12.mi.us
Endeavor Charter Academy,http://endeavor.heritageacademies.com/
Engadine Consolidated Schools,http://www.eup.k12.mi.us/engadine
Escanaba Area Public Schools,http://www.eskymos.com
Escuela Avancemos,NA
Essexville-Hampton Public Schools,http://www.e-hps.net
Evart Public Schools,http://www.evart.k12.mi.us
Evergreen Academy,NA
Ewen-Trout Creek Consolidated School District,http://www.etc.k12.mi.us
Excel Charter Academy,http://excel.heritageacademies.com/
Excelsior Township School District #1,NA
Fairview Area School District,http://www.fairview.k12.mi.us
Farmington Public School District,http://www.farmington.k12.mi.us
Farwell Area Schools,http://www.farwellschools.net
Faxon Language Immersion Academy,http://faxonacademy.com
Fennville Public Schools,http://www.fennvilleschools.org
Fenton Area Public Schools,http://www.fentonschools.org
Ferndale Public Schools,http://www.ferndaleschools.org
Fitzgerald Public Schools,http://www.fitz.k12.mi.us/
Flagship Charter Academy,http://flagship.heritageacademies.com/
Flat Rock Community Schools,http://www.flatrockschools.org
Flextech High School,http://www.flextech-hs.org/
"Flint, School District Of The City Of",http://www.flintschools.org
Flushing Community Schools,http://www.flushingschools.org
Forest Academy,http://forest-academy.org/
Forest Area Community Schools,http://www.forestarea.org
Forest Hills Public Schools,http://www.fhps.net
Forest Park School District,http://www.fptrojans.org
Fortis Academy,http://fortis.heritageacademies.com/
Four Corners Montessori Academy,http://www.fourcornersmontessori.com
Fowler Public Schools,http://www.fowlerschools.net
Fowlerville Community Schools,http://www.fowlervilleschools.org
Francis Reh Psa,http://www.francisreh.com/index.htm
Frankenmuth School District,http://www.frankenmuth.k12.mi.us
Frankfort-Elberta Area Schools,http://www.frankfort.k12.mi.us
Fraser Public Schools,http://www.fraser.k12.mi.us/
Frederick Douglass International Academy,NA
Freeland Community School District,http://www.freelandschools.net
Fremont Public School District,http://www.fremont.net
Frontier International Academy,http://www.frontier-academy.net/
Fruitport Community Schools,http://www.fruitportschools.net
Fulton Schools,http://www.fultonpirates.net
Galesburg-Augusta Community Schools,http://www.g-aschools.org
Garden City Public Schools,http://www.gardencityschools.com/
Gateway To Success Academy,http://www.g2sacademy.net
Gaylord Community Schools,http://www.gaylordschools.com
Gee Edmonson Academy,http://edmonson.gee-edu.com/
Gee White Academy,http://white.gee-edu.com/
Genesee Independent School District,http://www.geneseeisd.org
Genesee School District,http://www.geneseeschools.org
Genesee Stem Academy,http://geneseestem.com
George Crockett Academy,http://www.crockettacademy.com
George Washington Carver Academy,http://www.gwcarveracademy.org
Gibraltar School District,http://www.gibdist.net
Gladstone Area Schools,http://gladstoneschools.com
Gladwin Community Schools,http://www.gladwinschools.net
Glen Lake Community Schools,http://www.glenlakeschools.org
Glenn Public School District,http://www.glennpublicschool.org
Global Heights Academy,NA
Global Preparatory Academy,http://www.gpak8.com
Global Technical Academy,NA
Gobles Public School District,http://www.gobles.org
Godfrey-Lee Public Schools,http://www.godfrey-lee.org
Godwin Heights Public Schools,http://godwinschools.org
Gogebic-Ontonagon Independent School District,http://www.goisd.org
Goodrich Area Schools,http://www.goodrichschools.org
Grand Blanc Academy,http://grandblancacademy.org/
Grand Blanc Community Schools,http://www.grandblancschools.org
Grand Haven Area Public Schools,http://www.ghaps.org
Grand Ledge Public Schools,http://www.glcomets.net
Grand Rapids Child Discovery Center,http://www.childdiscoverycenter.org
Grand Rapids Ellington Academy Of Arts & Technology,http://www.greaat.com
Grand Rapids Public Schools,http://www.grps.k12.mi.us
Grand River Academy,NA
Grand River Preparatory High School,NA
Grand Traverse Academy,http://www.mygta.us
Grandville Public Schools,http://www.grandville.k12.mi.us
Grant Public School District,http://www.grantps.net
Grant Township School District #2,http://www.copperharborschool.org
Grass Lake Community Schools,http://www.grasslakeschools.com
Gratiot-Isabella Resd,http://www.giresd.net/giresd/
Grattan Academy,http://www.grattanacademy.org
Great Lakes Academy,http://www.greatlakesacademy.org
Great Lakes Cyber Academy,http://www.connectionsacademy.com/michigan-cyber-school/home.aspx
Great Oaks Academy,http://greatoaks.heritageacademies.com/
Greater Heights Academy,http://www.greaterheightsacademy.org
Greenville Public Schools,http://www.greenville.k12.mi.us
Grosse Ile Township Schools,http://www.gischools.org
Grosse Pointe Public Schools,http://www.gpschools.org
Gull Lake Community Schools,http://www.gulllakecs.org
Gwinn Area Community Schools,http://www.gwinn.k12.mi.us
Hagar Township School District #6,http://www.riversidehagar.org
Hale Area Schools,NA
Hamilton Academy,http://www.edpartners.net
Hamilton Community Schools,http://www.hamiltonschools.us
Hamtramck Academy,http://hamtramck.heritageacademies.com/
"Hamtramck, School District Of The City Of",http://www.hamtramck.k12.mi.us
Hancock Public Schools,http://www.hancockpublicschools.org
Hanley International Academy,http://www.hanleyacademy.com/
Hannahville Indian School,NA
Hanover-Horton School District,http://www.hhsd.k12.mi.us/
Harbor Beach Community Schools,http://www.hbpirates.org
Harbor Springs School District,http://www.harborps.org
Harper Creek Community Schools,http://harpercreek.net
"Harper Woods, The School District Of The City Of",http://www.hwschools.org
Harrison Community Schools,http://www.harrisonschools.com
Hart Public School District,http://www.hartschools.net
Hartford Public Schools,http://www.hpsmi.org
Hartland Consolidated Schools,http://hartlandschools.us
Haslett Public Schools,http://haslett.k12.mi.us
Hastings Area School District,http://www.hassk12.org
"Hazel Park, School District Of The City Of",http://www.hazelparkschools.org
Hemlock Public School District,http://www.hemlockps.com
Henry Ford Academy,http://www.hfacademy.org
Henry Ford Academy: School For Creative Studies (Psad),http://www.schoolforcreativestudies.org/
Hesperia Community Schools,http://www.hesp.net
Highland Park City Schools,http://www.resa.net/highlandpark
Highland Park Public School Academy System,NA
Highpoint Virtual Academy Of Michigan,NA
Hillman Community Schools,http://www.hillmanschools.com
Hillsdale Community Schools,http://www.hillsdaleschools.org
Hillsdale Independent School District,http://hillsdale-isd.org
Hillsdale Preparatory School,http://www.hillsdaleprep.org
Holland City School District,http://www.hollandpublicschools.org
Holly Academy,http://www.hollyacademy.org
Holly Area School District,http://www.has-k12.org
Holt Public Schools,http://www.hpsk12.net
Holton Public Schools,http://www.holtonschools.com
Homer Community School District,http://www.homerschools.net
Honey Creek Community School,http://honeycreekschool.org/
Hope Academy,http://www.hopeacad.org
Hope Academy Of West Michigan,http://www.hopeacad.org
Hope Of Detroit Academy,http://www.leonagroup.com/hope
Hopkins Public Schools,http://www.hpsvikings.org
Houghton Lake Community Schools,http://www.hlcsk12.net
Houghton-Portage Township School District,http://www.houghton.k12.mi.us/
Howell Public Schools,http://www.howellschools.com
Hudson Area Schools,http://www.hudson.k12.mi.us
Hudsonville Public School District,http://www.hpseagles.net
Huron Academy,http://www.huronacademy.org
Huron Independent School District,http://www.huronisd.org
Huron School District,http://www.huronschools.com
Huron Valley Schools,http://www.huronvalley.k12.mi.us
Icademy Global,NA
Ida Public School District,http://scnc.ida.k12.mi.us
Imlay City Community Schools,http://www.icschools.us
Ingham Independent School District,http://inghamisd.org
Inkster Preparatory Academy,NA
Inland Lakes Schools,http://www.inlandlakes.org
Innocademy,http://www.innocaemy.com
Innocademy Allegan Campus,NA
Insight School Of Michigan,http://mi.insightschools.net/who-we-are/transparency-reporting
International Academy Of Flint,http://www.iaf-sabis.net/
International Academy Of Saginaw,http://www.ias-sabis.net/
International Preparatory Academy - Macdowell Campus,http://www.ipa-sabis.net
Ionia Independent School District,http://www.ioniaisd.org
Ionia Public Schools,http://www.ioniaschools.org
Ionia Township School District #2,NA
Iosco Regional Educational Service Agency,http://www.iresa.k12.mi.us
Iron Mountain Public Schools,http://www.imschools.org
Ironwood Area Schools Of Gogebic County,http://www.ironwood.k12.mi.us
Ishpeming Public School District No. 1,http://www.ishpemingschools.org/
Island City Academy,http://www.islandcity.org
Ithaca Public Schools,http://www.ithacaschools.net
Jackson Independent School District,http://www.jcisd.org
Jackson Preparatory & Early College,http://www.jacksonpec.org
Jackson Public Schools,http://www.jpsk12.org
Jalen Rose Leadership Academy,http://www.jrladetroit.com
Jefferson International Academy,http://www.jeffersoninternationalacademy.com
Jefferson Schools (Monroe),http://jefferson.k12.mi.us
Jenison Public Schools,http://www.jpsonline.org
JKL Bahweting Anishnabe School,http://www.jklschool.org/jklschool/site/default.asp
Johannesburg-Lewiston Area Schools,http://www.jlas.org
Jonesville Community Schools,http://jonesvilleschools.org
Joseph K. Lumsden Bahweting Anishnabe Academy,http://www.jklschool.org/jklschool/site/default.asp
Joy Preparatory Academy,http://www.joyprep.com/index.htm
Kalamazoo Covenant Academy,NA
Kalamazoo Public Schools,http://www.kalamazoopublicschools.com/
Kalamazoo Regional Educational Service Agency,http://www.kresa.org
Kaleva Norman Dickson School District,http://www.knd.k12.mi.us/
Kalkaska Public Schools,http://kpschools.com
Kearsley Community School District,http://www.kearsley.k12.mi.us
Kelloggsville Public Schools,http://www.kvilleps.org
Kenowa Hills Public Schools,http://khps.org
Kensington Woods Schools,http://www.kwoods.org
Kent City Community Schools,http://www.kentcityschools.org
Kentwood Public Schools,http://www.kentwoodps.org
Keys Grace Academy,NA
Keystone Academy,http://keystone.heritageacademies.com/
Kingsbury Country Day School,http://www.kingsburyschool.org
Kingsley Area Schools,http://www.kingsley.k12.mi.us
Kingston Community School District,http://www.kingston.k12.mi.us
Knapp Charter Academy,http://knapp.heritageacademies.com/
L'anse Area Schools,http://www.lanseschools.org
L'anse Creuse Public Schools,http://www.lc-ps.org
Laingsburg Community Schools,http://laingsburg.k12.mi.us
Lake City Area School District,http://www.lakecityschools.net
Lake Fenton Community Schools,http://www.lakefentonschools.org
Lake Linden-Hubbell School District,http://www.lakelinden.k12.mi.us
Lake Orion Community Schools,http://www.lakeorion.k12.mi.us
Lake Shore Public Schools (Macomb),http://www.lakeshoreschools.org
Lake Superior Academy,NA
Lakeshore School District (Berrien),http://www.lakeshoreschools.k12.mi.us/
Lakeside Charter School,NA
Lakeview Community Schools (Montcalm),http://www.LakeviewSchools.net
Lakeview Public Schools (Macomb),http://www.lakeview.misd.net/
Lakeview Sch. District (Calhoun),http://www.lakeviewspartans.org
LakeVille Community School District,http://www.lakevilleschools.org
Lakewood Public Schools,http://www.lakewoodps.org
Lamphere Public Schools,http://www.lamphere.k12.mi.us
Landmark Academy,http://landmarkacademy.net
Lansing Charter Academy,http://lansing.heritageacademies.com/
Lansing Public School District,http://www.lansingschools.net
Lapeer Community Schools,http://www.lapeerschools.org
Lapeer Independent School District,http://www.lcisd.k12.mi.us
Laurus Academy,http://laurus.heritageacademies.com/
Lawrence Public Schools,http://lawrencetigers.com
Lawton Community School District,http://www.lawtoncs.org
Leelanau Montessori Public School Academy,http://www.leelanaumontessori.org/
Legacy Charter Academy,http://legacy.heritageacademies.com
Leland Public School District,http://mail.leland.k12.mi.us
Lenawee Independent School District,http://lisd.k12.mi.us
Les Cheneaux Community Schools,http://www.eup.k12.mi.us/les_cheneaux
Leslie Public Schools,http://www.lesliek12.net
Lewis Cass Independent School District,http://www.lewiscassisd.org
Life Skills Center Of Pontiac,http://www.lifeskillspsa.com
Lifetech Academy,NA
Lighthouse Academy,http://www.lighthouseacademyschool.org
Lincoln Consolidated School District,http://www.lincolnk12.org
"Lincoln Park, School District Of The City Of",http://www.lincolnparkpublicschools.com
Linden Charter Academy,http://linden.heritageacademies.com/
Linden Community Schools,http://www.lindenschools.org
Litchfield Community Schools,http://www.lcsmi.org
Livingston Classical Cyber Academy,NA
Livingston Esa,http://scnc.lesa.k12.mi.us
Livonia Public Schools School District,http://www.livoniapublicschools.org
Lowell Area Schools,http://www.lowellschools.com
Ludington Area School District,http://www.lasd.net
Mackinac Island Public Schools,http://mackinac.eup.k12.mi.us
Mackinaw City Public Schools,http://www.mackcity.k12.mi.us
Macomb Academy,http://www.macombacademy.net/
Macomb Independent School District,http://www.misd.net/index.htm
Macomb Montessori Academy,http://macombmontessoriacademy.com/
Madison Academy,http://www.madison-academy.org/
Madison District Public Schools,http://www.madisonschools.k12.mi.us
Madison School District (Lenawee),http://www.district.madisonk12.us
Madison-Carver Academy,http://mca.cornerstonecharters.org
Mancelona Public Schools,http://mancelonaschools.org
Manchester Community Schools,http://mcs.k12.mi.us
Manistee Area Public Schools,http://www.honoredstudents.org
Manistee Independent School District,http://www.manistee.org
Manistique Area Schools,http://www.manistique.k12.mi.us
Manton Consolidated Schools,http://www.mantonschools.org
Maple Valley Schools,http://mvs.k12.mi.us
Mar Lee School District,http://www.marleeschool.com
Marcellus Community Schools,http://www.marcelluscs.org
Marion Public Schools,http://www.marionpublic.org
Marlette Community Schools,http://www.marletteschools.org
Marquette Area Public Schools,http://www.mapsnet.org
Marquette-Alger Regional Educational Service Agency,http://www.maresa.org
Marshall Academy,http://www.marshallacademy.org
Marshall Public Schools,http://www.marshall.k12.mi.us/
"Martin Luther King, Jr. Education Center Academy",http://users.ameritech.net/cprice/index.htm
Martin Public Schools,http://www.martinpublicschools.org
Marvin L. Winans Academy Of Performing Arts,http://winansacademy.org
Marysville Public Schools,http://www.marysvilleschools.us
Mason Consolidated Schools (Monroe),http://www.eriemason.k12.mi.us
Mason County Central Schools,http://www.mccschools.com
Mason County Eastern Schools,http://www.mceschools.com
Mason Public Schools (Ingham),http://mason.k12.mi.us
Mattawan Consolidated School,http://www.mattawanschools.org
Mayville Community School District,http://www2.mayville.k12.mi.us/
Mcbain Rural Agricultural Schools,http://www.mcbain.org
Mecosta-Osceola Independent School District,http://moisd.org
Melvindale-North Allen Park Schools,http://www.melnap.k12.mi.us
Memphis Community Schools,http://www.memphisk12.org
Mendon Community School District,http://www.mendonschools.org
Menominee Area Public Schools,http://www.menominee.k12.mi.us
Menominee Independent School District,http://mc-isd.org
Meridian Public Schools,http://www.merps.org
Merrill Community Schools,http://www.merrill.k12.mi.us
Merritt Academy,http://www.merritt-academy.org/
Mesick Consolidated Schools,http://www.mesick.org
Metro Charter Academy,http://metro.heritageacademies.com/
Michigan Center School District,http://mcps.k12.mi.us
Michigan Connections Academy,http://www.connectionsacademy.com/michigan-school/home.aspx
Michigan Department Of Corrections,http://www.michigan.gov/corrections
Michigan Department Of Human Services,http://www.mi.gov/dhs
Michigan Educational Choice Center,http://www.performanceacademies.com
Michigan Great Lakes Virtual Academy,NA
Michigan Mathematics And Science Academy,http://www.mmsaonline.org
Michigan School For The Arts,NA
Michigan School For The Deaf,http://www.MichiganSchoolForTheDeaf.org
Michigan Technical Academy,http://www.mta.matchbooklearning.com
Michigan Virtual Charter Academy,http://www.k12.com/mvca/
Mid Peninsula School District,http://www.mpswolverines.com
Mid-Michigan Leadership Academy,http://www.mmla.sabis.net
Midland Academy Of Advanced And Creative Studies,http://midlandacademy.com
Midland County Educational Service Agency,http://www.mcesa.k12.mi.us
Midland Public Schools,http://www.midlandps.org
Milan Area Schools,http://www.milanareaschools.org
Mildred C. Wells Preparatory Academy,http://www.wellsacademy.com/index.htm
Millington Community Schools,http://www.mcsdistrict.com
Mio-Ausable Schools,http://www.mio.k12.mi.us
Momentum Academy,NA
Mona Shores Public School District,http://www.monashores.net
Monroe Independent School District,http://misd.k12.mi.us
Monroe Public Schools,http://www.monroe.k12.mi.us
Montabella Community Schools,http://www.montabella.com
Montague Area Public Schools,http://www.montague.k12.mi.us
Montcalm Area Independent School District,http://www.maisd.com
Montrose Community Schools,http://www.montroseschools.org
Moran Township School District,http://morantwp.eup.k12.mi.us/
Morenci Area Schools,http://www.morenci.k12.mi.us/
Morey Montessori Public School Academy,http://newmorey.com
Morley Stanwood Community Schools,http://morleystanwood.org
Morrice Area Schools,http://morrice.k12.mi.us
Mount Clemens Community School District,http://www.MTCPS.org
Mt. Clemens Montessori Academy,http://www.mtclemensmontessori.com
Mt. Morris Consolidated Schools,http://mtmorrisschools.schoolfusion.us/
Mt. Pleasant City School District,http://www.mtpleasant.edzone.net
Multicultural Academy,http://www.macademyk8.com
Munising Public Schools,http://www.munisingschools.com
Muskegon Area Independent School District,http://www.muskegonisd.org
Muskegon Covenant Academy,NA
Muskegon Heights Public School Academy System,NA
Muskegon Montessori Academy For Environmental Change,http://www.muskegonmontessoriacademy.com
"Muskegon, Public Schools Of The City Of",https://muskegonpublicschools.org/
Nah Tah Wahsh Public School Academy,http://www.hannahvilleschool.net/
Napoleon Community Schools,http://www.napoleonschools.org/
Negaunee Public Schools,http://www.negaunee.k12.mi.us
New Bedford Academy,http://www.newbedfordacademy.com
New Beginnings Academy,http://www.newbeginningsacademy.org
New Branches Charter Academy,http://www.newbranches.org
New Buffalo Area Schools,http://www.nbas.org
New Haven Community Schools,http://newhaven.misd.net/
New Lothrop Area Public Schools,http://www.newlothrop.k12.mi.us
New Paradigm College Prep,NA
New Paradigm Loving Academy,NA
New School High,http://newschoolhigh.org
Newaygo County Regional Educational Service Agency,http://www.ncresa.org/page1.aspx
Newaygo Public School District,http://www.newaygo.net
Nexus Academy Of Grand Rapids,http://www.nexusacademyschool.com/blended-learning/michigan/grand-rapids.aspx
Nexus Academy Of Lansing,http://www.nexusacademyschool.com/blended-learning/michigan/lansing.aspx
Nexus Academy Of Royal Oak,http://www.nexusacademyschool.com/blended-learning/michigan/royal-oak.aspx
Nice Community School District,http://www.nice.k12.mi.us
Niles Community Schools,http://www.nilesschools.org
Noor International Academy,http://www.niapsa.org/
North Adams-Jerome Public Schools,http://najps.org
North Branch Area Schools,http://www.nbbroncos.net
North Central Area Schools,http://ncajets.org
North Dickinson County Schools,http://www.go-nordics.com
North Huron School District,http://www.nhuron.org/
North Muskegon Public Schools,http://www.nmps.net
North Saginaw Charter Academy,http://northsaginaw.heritageacademies.com/
North Star Academy,http://www.nsacd.com
Northport Public School District,http://www.northportps.org
Northridge Academy,http://www.leonagroup.com/northridge
Northview Public Schools,http://nvps.net
Northville Public Schools,http://www.northville.k12.mi.us
Northwest Community Schools,http://nwschools.org
Norway-Vulcan Area Schools,http://www.nvknights.org
Nottawa Community School,http://www.sjcisd.org
Novi Community School District,http://www.novi.k12.mi.us
"Oak Park, School District Of The City Of",http://www.oakparkschools.org
Oakland Academy,http://www.oakland-academy.org
Oakland Flextech Academy,http://www.oaklandflextech.org/
Oakland International Academy,http://www.oiacademy.net/
Oakland Schools,http://www.oakland.k12.mi.us
Oakridge Public Schools,http://www.oakridgeschools.org
Oakside Scholars Charter Academy,http://oakside.heritageacademies.com
Ojibwe Charter School,http://ojibwe@schoolwires.net
Okemos Public Schools,http://okemosschools.net
Old Redford Academy,http://www.oldredford.com
Olivet Community Schools,http://www.olivetschools.org
Onaway Area Community School District,http://onaway.mi.schoolwebpages.com/education/school/school.php?sectionid=7267
Oneida Township School District #3,http://www.strangeschool.weebly.com
Onekama Consolidated Schools,http://www.onekama.k12.mi.us
Onsted Community Schools,http://www.onsted.k12.mi.us/
Ontonagon Area School District,http://www.oasd.k12.mi.us
Orchard View Schools,http://www.orchardview.org
Oscoda Area Schools,http://www.oscodaschools.org
Otsego Public Schools,http://www.otsegops.org
Ottawa Area Independent School District,http://www.oaisd.org
Outlook Academy,http://www.outlookacademy.net/
Ovid-Elsie Area Schools,http://www.oe.k12.mi.us
Owendale-Gagetown Area School District,http://www.owengage.org
Owosso Public Schools,http://www.owosso.k12.mi.us
Oxford Community Schools,http://www.oxfordschools.org
Pansophia Academy,NA
Paragon Charter Academy,http://paragon.heritageacademies.com/
Paramount Charter Academy,http://paramount.heritageacademies.com/
Parchment School District,http://www.parchmentschools.org
Pathways Academy,NA
Pathways Global Leadership Academy,NA
Paw Paw Public School District,http://www.ppps.org
Peck Community School District,http://www.peck.k12.mi.us
Pellston Public Schools,http://www.pellstonschools.org
Pembroke Academy,https://www.nhaschools.com/schools/pembroke-academy/en
Pennfield Schools,http://www.pennfield.net
Pentwater Public School District,http://www.pentwaterschools.net
Perry Public Schools,http://www.perry.k12.mi.us
Pewamo-Westphalia Community Schools,http://pw.k12.mi.us
Pickford Public Schools,http://eup.k12.mi.us/pickford/index.html
Pinckney Community Schools,http://www.pinckneyschools.org
Pinconning Area Schools,http://www.pasd.org
Pine River Area Schools,http://www.pineriver.org
Pittsford Area Schools,http://pittsfordk12.org
Plainwell Community Schools,http://www.plainwellschools.org
Plymouth Educational Center Charter School,http://www.plymouthed.org
Plymouth Scholars Charter Academy,http://plymouth.heritageacademies.com
Plymouth-Canton Community Schools,http://www.pccs.k12.mi.us
Pontiac Academy For Excellence,http://www.pontiacacademy.org
Pontiac City School District,http://www.pontiac.k12.mi.us
Port Huron Area School District,http://www.phasd.us
Portage Public Schools,http://www.portageps.org
Portland Public Schools,http://www.portlandk12.org
Posen Consolidated School District No. 9,http://www.posen.k12.mi.us
Potterville Public Schools,http://www.pps.k12.mi.us
Powell Township Schools,http://powell.maresa.k12.mi.us
Presque Isle Academy Ii,http://www.presqueisleacademy.com/
Prevail Academy,http://prevail.heritageacademies.com/
"Public Schools Of Calumet, Laurium & Keweenaw",http://www.clkschools.org
Public Schools Of Petoskey,http://www.petoskeyschools.org
Quest Charter Academy,http://quest.heritageacademies.com/
Quincy Community Schools,http://www.quincyschools.org
Rapid River Public Schools,http://www.rapidriver.k12.mi.us
Ravenna Public Schools,http://www.ravennaschools.org
Reach Charter Academy,http://reach.heritageacademies.com/
Reading Community Schools,http://www.readingrangers.org
"Redford Union Schools, District No. 1",http://www.redfordu.k12.mi.us
Reed City Area Public Schools,http://www.reedcity.k12.mi.us
Reese Public Schools,http://www.reese.k12.mi.us
Reeths-Puffer Schools,http://www.reeths-puffer.org
Regent Park Scholars Charter Academy,http://regentpark.heritageacademies.com
Regents Academy,http://www.regentsacademymichigan.org
Relevant Academy Of Eaton County,http://www.relevantacademy.org/
Renaissance Public School Academy,http://www.renaissancepsa.com
Republic-Michigamme Schools,http://www.r-mschool.org
Richfield Public School Academy,http://www.richfieldpsa.org
Richmond Community Schools,http://www.richmond.misd.net
Ridge Park Charter Academy,http://ridgepark.heritageacademies.com/
Rising Stars Academy,NA
River City Scholars Charter Academy,http://rivercity@heritageacademies.com
"River Rouge, School District Of The City Of",http://riverrougeschools.org/home/
River Valley School District,http://www.rivervalleyschools.org
Riverside Academy,http://east.riverside-academy.net/
Riverview Community School District,http://www.riverviewschools.com
Rochester Community School District,http://www.rochester.k12.mi.us
Rockford Public Schools,http://www.rockfordschools.org
Rogers City Area Schools,http://www.rcashurons.org
Romeo Community Schools,http://www.romeo.k12.mi.us
Romulus Community Schools,http://romulus.net
Roscommon Area Public Schools,http://www.rapsk12.net
Roseville Community Schools,http://www.rcs.misd.net
Ross-Hill Academy,http://www.rosshillacademy.org
Royal Oak Schools,http://www.rosd.k12.mi.us
Rudyard Area Schools,http://eup.k12.mi.us/rudyard/index.html
Rutherford Winans Academy,NA
Saginaw Covenant Academy,NA
Saginaw Independent School District,http://www.sisd.cc
Saginaw Learn To Earn Academy,http://www.sisd.cc/education/dept/dept.php?sectionid=192
Saginaw Preparatory Academy,http://www.leonagroup.com/saginawprep
Saginaw Township Community Schools,http://www.stcs.org
"Saginaw, School District Of The City Of",http://www.spsd.net
Saline Area Schools,http://www.salineschools.org
Sand Creek Community Schools,http://www.scaggies.us
Sandusky Community School District,http://www.sandusky.k12.mi.us
Sanilac Independent School District,http://www.sanilac.k12.mi.us
Sarah J. Webber Media Arts Academy,http://www.WebberMAA.com
Saranac Community Schools,http://www.saranac.k12.mi.us
Saugatuck Public Schools,http://www.saugatuckps.com
Sault Ste. Marie Area Schools,http://sault.eup.k12.mi.us/saultas/site/default.asp
Schoolcraft Community Schools,http://www.schoolcraftschools.org
Shelby Public Schools,http://www.shelbypublicschools.net
Shepherd Public Schools,http://shepherd.edzone.net/index.php
Shiawassee Regional Esd,http://www.sresd.org
Sigel Township School District #3f,http://www.huroncountyruralschools.com/adams/index.html
Sigel Township School District #4f,http://www.huroncountyruralschools.com/eccles/index.html
Sodus Township School District #5,http://www.riverschoolk8.org
South Arbor Charter Academy,http://southarbor.heritageacademies.com/
South Canton Scholars Charter Academy,http://southcanton.heritageacademies.com
South Haven Public Schools,http://www.shps.org
South Lake Schools,http://www.solake.org
South Lyon Community Schools,http://www.slcs.us
South Pointe Scholars Charter Academy,http://southpointe.heritageacademies.com
South Redford School District,http://www.southredford.org
Southfield Public School District,http://www.southfield.k12.mi.us/education/district/district.php?sectionid=1
Southgate Community School District,http://www.southgateschools.com
Southwest Detroit Community School,http://www.swdcs.org
Sparta Area Schools,http://www.spartaschools.org
Spring Lake Public Schools,http://Springlakeschools.org
Springport Public Schools,http://springportschools.net
St. Charles Community Schools,http://www.stccs.org
St. Clair County Regional Educational Service Agency,http://www.sccresa.org
St. Ignace Area Schools,http://eup.k12.mi.us/st_ignace/index.html
St. Johns Public Schools,http://www.sjredwings.org
St. Joseph County Independent School District,http://www.sjcisd.org
St. Joseph Public Schools,http://www.sjschools.org
St. Louis Public Schools,http://www.stlouisschools.net
Standish-Sterling Community Schools,http://www.standish-sterling.org
Stanton Township Public Schools,http://www.stanton.k12.mi.us
Star International Academy,http://www.starpsa.org
Starr Detroit Academy,http://www.starracademy.org
Stephenson Area Public Schools,http://www.stephenson.k12.mi.us
Stockbridge Community Schools,http://panthernet.net
Sturgis Public Schools,http://www.sturgisps.org
Success Mile Academy,NA
Success Virtual Learning Centers of Michigan,NA
Summerfield Schools,http://www.summerfield.k12.mi.us
Summit Academy,http://www.summit-academy.com
Summit Academy North,http://www.summit-academy.com
Superior Central School District,http://superiorcentralschools.org/
Suttons Bay Public Schools,http://www.suttonsbay.k12.mi.us
Swan Valley School District,http://www.swanvalleyschools.com
Swartz Creek Community Schools,http://www.swartzcreek.org
Tahquamenon Area Schools,http://tahquamenon.eup.k12.mi.us
Tawas Area Schools,http://www.tawas.net
Taylor Exemplar Academy,http://taylor.heritageacademies.com/
Taylor International Academy,http://www.taylorinternationalacademy.com
Taylor Preparatory High School,http://www.taylorprephs.com
Taylor School District,http://taylorschools.net/
Tecumseh Public Schools,http://tps.k12.mi.us
Tekonsha Community Schools,http://www.tekonsha.k12.mi.us
The Dearborn Academy,http://www.thedearbornacademy.org/
The Greenspire School,http://www.greenspireschool.org/
The James And Grace Lee Boggs School,http://www.boggsschool.org
The New Standard Academy,NA
The Paris Academy,NA
Thornapple Kellogg School District,http://www.tkschools.org
Three Lakes Academy,http://www.threelakesacademy.com/
Three Oaks Public School Academy,http://www.threeoaksschool.com
Three Rivers Community Schools,http://www.trschools.org
Timberland Academy,http://timberland.heritageacademies.com/
Timbuktu Academy Of Science And Technology,http://www.timbuktuacademy.org
Tipton Academy,NA
Traverse Bay Area Independent School District,http://www.tbaisd.org
Traverse City Area Public Schools,http://TCAPS.net
Trenton Public Schools,http://www.trentonschools.com
Tri County Area Schools,http://www.tricountyschools.com
Trillium Academy,http://www.trilliumacademy.us/
Triumph Academy,http://triumph.heritageacademies.com/
Troy School District,http://www.troy.k12.mi.us
Tuscola Independent School District,http://www.tuscolaisd.org
Ubly Community Schools,http://ublyschools.org
Union City Community Schools,http://unioncityschools.org
Unionville-Sebewaing Area S.D.,http://www.think-usa.org
Universal Academy,http://www.universalpsa.org/
Universal Learning Academy,http://www.ulapsa.org
University Preparatory Academy (Psad),http://www.uprepschools.com
University Preparatory Science And Math (PSAD),http://upsm.uprepschools.com/
University Yes Academy,http://www.newurbanlearning.org
Utica Community Schools,http://www.uticak12.org/ucsmain.asp
Van Buren Independent School District,http://www.vbisd.org
Van Buren Public Schools,http://www.vanburenschools.net
Van Dyke Public Schools,http://www.vdps.net
Vanderbilt Area Schools,http://www.vanderbilt.k12.mi.us/
Vanderbilt Charter Academy,http://vanderbilt.heritageacademies.com/
Vandercook Lake Public Schools,http://vandyschools.org
Vanguard Charter Academy,http://vanguard.heritageacademies.com/
Vassar Public Schools,http://www.vassar.k12.mi.us/
Verona Township School District #1f,http://www.huroncountyruralschools.com/veronamills/index.htm
Vestaburg Community Schools,http://www.vcs-k12.net
Vicksburg Community Schools,http://www.vicksburg-community-schools.org
Virtual Learning Academy Of St. Clair County,http://www.sccresa.org
Vista Charter Academy,http://vista.heritageacademies.com/
Vista Meadows Academy,http://www.vistameadowspsa.com
Voyageur Academy,http://www.voyageuracademy.com
W-A-Y Academy,NA
Wakefield-Marenisco School District,http://www.wakefield.k12.mi.us/
Walden Green Montessori,http://www.waldengreen.org
Waldron Area Schools,http://www.wassd.org
Walker Charter Academy,http://walker.heritageacademies.com/
Walkerville Public Schools,http://www.walkerville.k12.mi.us
Walled Lake Consolidated Schools,http://www.wlcsd.org
Walton Charter Academy,http://walton.heritageacademies.com/
Warren Consolidated Schools,http://www.wcskids.net
Warren Woods Public Schools,http://www.warrenwoods.misd.net
Warrendale Charter Academy,http://warrendale.heritageacademies.com/
Washington-Parks Academy,http://www.washington-parksacademy.org
Washtenaw Independent School District,http://www.washtenawisd.org
Washtenaw Technical Middle College,http://www.themiddlecollege.org
Waterford Montessori Academy,NA
Waterford School District,http://www.waterford.k12.mi.us
Watersmeet Township School District,http://www.watersmeet.k12.mi.us
Watervliet School District,http://Watervlietps.org
Waverly Community Schools,http://web.waverly.k12.mi.us
Way Academy - Flint,NA
Way Michigan,http://www.waymichigan.net
Wayland Union Schools,http://www.wayland.k12.mi.us
Wayne-Westland Community School District,http://wwcsd.net
Webberville Community Schools,http://www.webbervilleschools.org
Wells Township School District,http://wells.maresa.k12.mi.us/
Wellspring Preparatory High School,http://www.wellspringprep.com
West Bloomfield School District,http://www.westbloomfield.k12.mi.us
West Branch-Rose City Area Schools,http://www.wbrc.k12.mi.us
West Iron County Public Schools,http://www.westiron.org/index.htm
West Mi Academy Of Arts And Academics,http://www.westmichiganacademy.org
West Mi Academy Of Environmental Science,http://www.wma-es.com
West Michigan Aviation Academy,http://www.westmichiganaviation.org
West Ottawa Public School District,http://www.westottawa.net
West Shore Educational Service District,http://www.mlisd.k12.mi.us
West Village Academy,http://westvillageacademy.org
Western School District,http://www.wsdpanthers.org
Weston Preparatory Academy,http://www.westondetroit.com/
Westwood Community School District,http://www.westwood.k12.mi.us
Westwood Heights Schools,http://www.hamadyhawks.net
Wexford-Missaukee Independent School District,http://www.wmisd.org
White Cloud Public Schools,http://www.whitecloud.net
White Pigeon Community Schools,http://www.wpcschools.org
White Pine Academy,http://www.whitepineacademy.com
Whitefish Township Schools,http://whitefish.eup.k12.mi.us
Whiteford Agricultural School District Of The Counties Of Lenawee And Monroe,http://whiteford.k12.mi.us
Whitehall District Schools,http://www.whitehallschools.net
Whitmore Lake Public School District,http://www.wlps.net
Whittemore-Prescott Area Schools,http://wpas.net
Will Carleton Charter School Academy,http://www.carltonacademy.com
William C. Abney Academy,http://thewcaa.org
Williamston Community Schools,http://www.gowcs.net
Windemere Park Charter Academy,http://windemerepark.heritageacademies.com/
Windover High School,http://www.windover.org
Wolverine Community School District,http://www.wolverineschools.org
Woodhaven-Brownstown School District,http://www.woodhaven.k12.mi.us/
Woodland Park Academy,http://www.woodlandparkacademy.org
Woodland School,http://www.woodlandschool.ws
Woodward Academy,http://www.wapsa.org
Wsc Academy,NA
"Wyandotte, School District Of The City Of",http://www.wyandotte.org
Wyoming Public Schools,http://www.wyoming.k12.mi.us
Yale Public Schools,http://www.ypsd.us
Youth Advancement Academy,http://youthadvancementacademy.com/
Ypsilanti Community Schools,http://www.ycschools.us/
Zeeland Public Schools,http://www.zps.org
