A.C.G.C. School District,http://www.acgc.k12.mn.us/
Academia Cesar Chavez Charter School,http://www.cesarchavezschool.com/
Academic Arts High School,http://www.academicarts.org
Academy Of Construction And Enginee,NA
Academy Of Personalized Excellence,NA
Achieve Language Academy,http://www.achievemn.org
Ada-Borup Public School District,http://ada.k12.mn.us/
Adrian Public School District,http://www.isd511.net
Afsa High School,http://www.afsahighschool.com
Agamim Hebrew Language Charter Scho,http://www.agamim.org
Aitkin Public School District,http://www.aitkin.k12.mn.us/
Albany Public School District,http://www.albany.k12.mn.us/
Albert Lea Public School District,http://albertlea.k12.mn.us/
Alden-Conger Public School District,http://www.alden-conger.org/
Alexandria Public School District,http://www.alexandria.k12.mn.us/
Annandale Public School District,http://www.annandale.k12.mn.us/
Anoka-Hennepin Public School Dist.,http://www.anoka.k12.mn.us/
Arcadia Charter School,http://artech.k12.mn.us/
Art And Science Academy,NA
Ashby Public School District,http://ashby.k12.mn.us
Aspen Academy,http://www.aspenacademymn.org
Athlos Academy Of Saint Cloud,NA
Athlos Leadership Academy,http://www.athlosbrooklynpark.org/
Augsburg Fairview Academy,http://www.afa.tc
Aurora Charter School,http://www.auroracharterschool.org
Austin Albert Lea Area Special Education,NA
Austin Public School District,http://www.austin.k12.mn.us
Avalon School,http://www.avalonschool.org
Badger Public School District,http://www.badger.k12.mn.us
Bagley Public School District,http://www.bagley.k12.mn.us/
Barnesville Public School Dist.,http://barnesville.k12.mn.us/
Barnum Public School District,http://www.barnum.k12.mn.us/
Battle Lake Public School District,http://www.battlelake.k12.mn.us
Bdote Learning Center,http://www.bdotelearningcenter.org
Beacon Academy,http://www.beaconacademy.com
Becker Public School District,http://www.becker.k12.mn.us/
Belgrade-Brooten-Elrosa School Dist,http://www.bbe.k12.mn.us
Belle Plaine Public School District,http://www.belleplaine.k12.mn.us/
Bemidji Public School District,http://www.bemidji.k12.mn.us/
Bemidji Regional Interdist. Council School District,http://www.bric-k12.com
Benson Public School District,http://www.benson.k12.mn.us/
Benton-Stearns Ed. District,http://bentonstearns.k12.mn.us
Bertha-Hewitt Public School Dist.,http://www.bertha-hewitt.k12.mn.us
Best Academy,http://www.thebestacademy.org
Big Lake Schools,http://www.biglake.k12.mn.us/
Big Picture Twin Cities,NA
Birch Grove Community School,http://www.birchgroveschool.com
Bird Island-Olivia-Lake Lillian School District,http://www.bold.k12.mn.us
Blackduck Public School District,http://blackduck.k12.mn.us
Blooming Prairie Public School Dist,http://www.blossoms.k12.mn.us
Bloomington Public School District,http://www.bloomington.k12.mn.us/
Blue Earth Area Public School,http://www.blueearth.k12.mn.us/dist/beas.html
Bluesky Charter School,http://www.blueskyschool.org
Bluffview Montessori,http://www.bluffviewmontessori.org/
Braham Public School District,http://www.braham.k12.mn.us/
Brainerd Public School District,http://www.isd181.org/
Brandon-Evansville Public Schools,http://www.b-e.k12.mn.us/
Breckenridge Public School District,http://www.breckenridge.k12.mn.us
Bright Water Elementary,http://www.brightwatermontessori.org
Brooklyn Center School District,http://www.brooklyncenterschools.org
Browerville Public School District,http://www.browerville.k12.mn.us/
Browns Valley Public School Dist.,http://www.brownsvalley.k12.mn.us
Buffalo Lk-Hector-Stewart Public School,http://blhsd.org
Buffalo-Hanover-Montrose Public School,http://www.bhmschools.org
Bug-O-Nay-Ge-Shig School,http://www.bugonaygeshig.org
Burnsville Public School District,http://www.isd191.org/
Butterfield Public School District,http://www.butterfield.k12.mn.us
Byron Public School District,http://www.bears.byron.k12.mn.us
Caledonia Public School District,http://www.cps.k12.mn.us
Cambridge-Isanti Public School Dist,http://www.cambridge.k12.mn.us/
Campbell-Tintah Public School Dist.,http://www.campbell.k12.mn.us
Canby Public School District,http://www.canbymn.org
Cannon Falls Public School District,http://www.cf.k12.mn.us
Cannon River Stem School,http://cannonriverstemschool.org
Cannon Valley Special Education Coo,NA
Carlton Public School District,http://www.carlton.k12.mn.us/
Cass Lake-Bena Public Schools,http://www.clbs.k12.mn.us/
Cedar Mountain School District,http://www.cms.mntm.org
Cedar Riverside Community School,http://crcs-school.org
Centennial Public School District,http://www.isd12.org
Central Minnesota Jt. Powers District,http://isd742.org/6074
Central Public School District,http://www.raiders.central.k12.mn.us
Chatfield Public Schools,http://www.chatfield.k12.mn.us
Chisago Lakes School District,http://www.chisagolakes.k12.mn.us/
Chisholm Public School District,http://www.chisholm.k12.mn.us/
Chokio-Alberta Public School Dist.,http://www.chokioalberta.k12.mn.us
Circle Of Life Academy,http://www.col.pvt.k12.mn.us
City Academy,http://www.cityacademy.org/
Clarkfield Charter School,http://www.clarkfieldareacharter.com/index.html
Clearbrook-Gonvick School District,http://www.clearbrook-gonvick.k12.mn.us
Cleveland Public School District,http://cleveland.k12.mn.us/
Climax-Shelly Public Schools,http://www.climax.k12.mn.us/
Clinton-Graceville-Beardsley School District,http://clintongraceville.mn.schoolwebpages.com
Cloquet Public School District,http://www.cloquet.k12.mn.us
College Preparatory Elementary,http://www.cpe-k6.org/
Cologne Academy,http://cologneacademy.org
Columbia Heights Public School Dist,http://www.colheights.k12.mn.us/
Comfrey Public School District,http://www.comfreyps.new.rschooltoday.com/
Community Of Peace Academy,http://www.cpa.charter.k12.mn.us
Community School Of Excellence,http://www.csemn.org
Cook County Public Schools,http://www.cookcountyschools.org
Cornerstone Montessori Elementary,http://cornerstone-elementary.org/
Cromwell-Wright Public Schools,http://www.cromwellwright.k12.mn.us/
Crookston Public School District,http://www.crookston.k12.mn.us/
Crosby-Ironton Public School Dist.,http://www.ci.k12.mn.us
Crosslake Community Charter School,http://www.crosslakekids.org/
Crosswinds Arts And Science School,NA
Cyber Village Academy,http://www.cybervillageacademy.org
Dassel-Cokato Public School Dist.,http://www.dc.k12.mn.us/
Davinci Academy,http://www.davincicharterschool.org
Dawson-Boyd Public School District,http://www.dawsonboydschools.org
Deer River Public School District,http://www.isd317.org
Delano Public School District,http://www.delano.k12.mn.us/
Detroit Lakes Public School Dist.,http://www.dlschools.com/
Dilworth-Glyndon-Felton School District,http://www.dgf.k12.mn.us
Discovery Charter School,NA
Discovery Public School Faribault,http://www.isd4081.org
Discovery Woods Montessori School,http://discoverywoods.com/
Dover-Eyota Public School District,http://www.desch.org
Dugsi Academy,http://www.dugsiacademy.org
Duluth Public School District,http://isd709.org
Duluth Public Schools Academy,http://www.duluthedisoncharterschools.com
E.C.H.O. Charter School,http://echo.charter.k12.mn.us
Eagle Ridge Academy Charter School,http://www.eagleridgeacademy.org
Eagle Valley Public School District,http://www.evps.k12.mn.us
East Central School District,http://www.eastcentral.k12.mn.us/
East Grand Forks Public School Dist,http://www.egf.k12.mn.us
East Range Academy Of Tech-Science,http://www.mnerats.org/
East Range Sec. Technical Center,NA
Eastern Carver County Public School,http://www.district112.org
Eden Prairie Public School District,http://www.edenpr.k12.mn.us/
Eden Valley-Watkins School District,http://www.evw.k12.mn.us
Edgerton Public School District,http://www.edgertonpublic.com
Edina Public School District,http://www.edina.k12.mn.us/
Edvisions Off Campus School,http://www.edvisionshighschool.com
El Colegio Charter School,http://www.el-colegio.org/
Elk River Public School District,http://www.elkriver.k12.mn.us/
Ellsworth Public School District,http://www.ellsworth.mntm.org/
Ely Public School District,http://www.ely.k12.mn.us/
Esko Public School District,http://www.esko.k12.mn.us/
Eveleth-Gilbert School District,http://www.isd2154.k12.mn.us/
Excell Academy Charter,http://excellacademy.org/
Face To Face Academy,http://www.face2face.org
Fairmont Area School District,http://fairmont.k12.mn.us/
Faribault Public School District,http://www.faribault.k12.mn.us/
Farmington Public School District,http://www.farmington.k12.mn.us/
Fergus Falls Area Special Education Cooperative,http://www.isd935.org/
Fergus Falls Public School District,http://www.fergusfalls.k12.mn.us/
Fertile-Beltrami School District,http://fertilebeltrami.k12.mn.us/
Fillmore Central School District,http://rschooltoday.com/fcentral
Fisher Public School District,http://www.fisher.k12.mn.us/
Fit Academy,NA
Flex Academy,NA
Floodwood Public School District,http://www.floodwood.k12.mn.us
Foley Public School District,http://www.foley.k12.mn.us/
Fond Du Lac Ojibwe School,http://www.fdlrez.com
Forest Lake Public School District,http://www.forestlake.k12.mn.us/
Fosston Public School District,http://www.fosston.k12.mn.us
Fraser Academy,http://www.fraseracademy.org
Frazee-Vergas Public School Dist.,http://www.frazee.k12.mn.us/
Freedom Academy Charter School,http://www.facsmpls.org
Freshwater Education District,http://www.fed.k12.mn.us
Fridley Public School District,http://www.fridley.k12.mn.us/
Friendship Acdmy Of Fine Arts Chtr.,http://www.friendshipacademy.org/
Fulda Public School District,http://www.fps.mntm.org/
G.F.W. School District,http://www.gfw.k12.mn.us/
Glacial Hills Elementary,http://www.glacialhills.org/
Glencoe-Silver Lake School District,http://www.gsl.k12.mn.us
Glenville-Emmons School District,http://www.geschools.com
Global Academy,http://www.globalacademy.us
Goodhue County Education District,http://www.gced.k12.mn.us
Goodhue Public School District,http://www.goodhue.k12.mn.us
Goodridge Public School District,http://www.goodridge.k12.mn.us
Granada Huntley-East Chain School District,http://www.ghec.k12.mn.us
Grand Meadow Public School District,http://www.gm.k12.mn.us/
Grand Rapids Public School District,http://www.isd318.org
Great Expectations,http://www.greatexpectationsschool.com/
Great River School,http://www.greatriverschool.org
Green Isle Community School,http://www.greenislecommunityschool.org
Greenbush-Middle River School Dist.,http://www.middleriver.k12.mn.us
Greenway Public School District,http://www.isd316.org
Grygla Public School District,http://www.grygla.k12.mn.us
Hancock Public School District,http://hancock.k12.mn.us
Harbor City International Charter,http://www.harborcityschool.org/
Harvest Prep School-Seed Academy,http://www.seed-harvest.org/
Hastings Public School District,http://www.hastings.k12.mn.us/
Hawley Public School District,http://www.hawley.k12.mn.us/
Hayfield Public School District,http://www.hayfield.k12.mn.us/
Hendricks Public School District,http://hendrickspublicschools.org
Hennepin Elementary School,http://www.hennepinelementaryschool.org
Henning Public School District,http://www.henning.k12.mn.us
Herman-Norcross School District,http://herman.mn.schoolwebpages.com
Hermantown Public School District,http://www.hermantown.k12.mn.us
Heron Lake-Okabena School District,http://www.ssc.mntm.org
Hiawatha Leadership Academy,http://www.hiawathaacademies.org
Hiawatha Valley Ed. District,http://www.hved.org/
Hibbing Public School District,http://www.hibbing.k12.mn.us/
High School For Recording Arts,http://www.hsra.org
Higher Ground Academy,http://www.hgacademy.org/
Hill City Public School District,http://www.hillcity.k12.mn.us/
Hills-Beaver Creek School District,http://www.hbcpatriots.com
Hinckley-Finlayson School District,http://www.hf.k12.mn.us/
Hmong College Prep Academy,http://www.hcpak12.org
Holdingford Public School District,http://www.edline.net/pages/holdingford_public_schools
Hope Community Academy,http://www.hope-school.org/
Hopkins Public School District,http://hopkinsschools.org/
Houston Public School District,http://www.houston.k12.mn.us/
Howard Lake-Waverly-Winsted School District,http://www.hlww.k12.mn.us/
Hutchinson Public School District,http://www.isd423.org
Infinity:Minnesota Digital Academy,http://www.mninfinity.org
Intermediate School District 287,http://www.district287.org
Intermediate School District 917,NA
International Falls School District,http://www.isd361.k12.mn.us/
International Spanish Language Academy,http://www.isla-academy.org
Inver Grove Heights Schools,http://www.invergrove.k12.mn.us/
Isle Public School District,http://www.isle.k12.mn.us
Ivanhoe Public School District,http://www.lincolnhi.org
Jackson County Central School Dist.,http://www.jccschools.com/
Jane Goodall Environmental Science,NA
Janesville-Waldorf-Pemberton School District,http://www.jwp.k12.mn.us
Jennings Community Learning Center,http://www.jenningsclc.org/
Jordan Public School District,http://www.jordan.k12.mn.us/
Kaleidoscope Charter School,http://www.kcsmn.org
Kasson-Mantorville School District,http://www.komets.k12.mn.us/
Kato Public Charter School,http://www.katopcs.org/
Kelliher Public School District,http://www.kelliher.k12.mn.us
Kenyon-Wanamingo School District,http://www.kw.k12.mn.us/
Kerkhoven-Murdock-Sunburg School District,http://www.kms.k12.mn.us
Kimball Public School District,http://www.kimball.k12.mn.us/
Kingsland Public School District,http://www.kingsland.k12.mn.us/
Kipp Minnesota Charter School,http://www.kippminnesota.org
Kittson Central School District,http://www.kittson.k12.mn.us/
Lac Qui Parle Valley School Dist.,http://www.lqpv.org
Lacrescent Montessori Academy,http://www.lacrescentmontessori.com/
Lacrescent-Hokah School District,http://www.isd300.k12.mn.us/
Lafayette Public Charter School,http://www.lafayettecharter.k12.mn.us
Lake Agassiz Special Education Cooperative,NA
Lake Benton Public School District,http://www.lakebentonschool.org
Lake City Public School District,http://www.lake-city.k12.mn.us/
Lake Crystal-Wellcome Memorial School District,http://isd2071.k12.mn.us
Lake Of The Woods School District,http://www.lakeofthewoodsschool.org
Lake Park Audubon School District,http://www.lakeparkaudubon.com
Lake Superior Public School Dist.,http://www.isd381.k12.mn.us
Lakes International Language Admy,http://www.lakesinternational.org
Lakeview School District,http://www.lakeview2167.com
Lakeville Public School District,http://www.isd194.k12.mn.us/
Lancaster Public School District,http://www.lancaster.k12.mn.us
Lanesboro Public School District,http://www.lanesboro.k12.mn.us
Laporte Public School District,http://laporte.k12.mn.us/
Laura Jeffrey Academy Charter,http://www.laurajeffreyacademy.org
Learning For Leadership Charter,http://www.learningforleadership.org/
Leroy-Ostrander Public Schools,http://www.leroy.k12.mn.us
Lester Prairie Public School Dist.,http://www.lp.k12.mn.us
Lesueur-Henderson School District,http://www.isd2397.org
Level Up Academy,http://www.levelupacademy.org
Lewiston-Altura Public School Dist.,http://www.lewalt.k12.mn.us
Life Prep,http://www.lifeprepschool.org
Lincoln International School,http://www.lincolnihs.org/
Lionsgate Academy,http://www.lionsgateacademy.org
Litchfield Public School District,http://www.litchfield.k12.mn.us/
Little Falls Public School District,http://www.lfalls.k12.mn.us/
Littlefork-Big Falls School Dist.,http://www.isd362.k12.mn.us/
Long Prairie-Grey Eagle School Dist,http://www.lpge.k12.mn.us/
Loveworks Academy For Arts,http://www.loveworksacademy.org/flash/mainsite.htm
Luverne Public School District,http://www.isd2184.net/
Lyle Public School District,http://www.lyle.k12.mn.us
Lynd Public School District,http://www.lyndschool.org
M.A.C.C.R.A.Y. School District,http://www.maccray.k12.mn.us/
Mabel-Canton Public School Dist.,http://www.mabelcanton.k12.mn.us/
Madelia Public School District,http://www.madelia.k12.mn.us
Mahnomen Public School District,http://www.mahnomen.k12.mn.us
Mahtomedi Public School District,http://www.mahtomedi.k12.mn.us/
Main Street School Performing Arts,http://www.msspahs.org
Mankato Public School District,http://www.isd77.org
Maple Lake Public School District,http://www.maplelake.k12.mn.us/
Maple River School District,http://www.isd2135.k12.mn.us/
Marine Area Community School,NA
Marshall County Central Schools,http://www.newfolden.k12.mn.us
Marshall Public School District,http://www.marshall.k12.mn.us
Martin County West School District,http://www.martin.k12.mn.us
Mastery School,http://www.themasteryschool.org/
Math And Science Academy,http://www.mnmsa.org/
Mcgregor Public School District,http://www.mcgregor.k12.mn.us/
Medford Public School District,http://www.medford.k12.mn.us/
Meeker And Wright Special Education,NA
Melrose Public School District,http://isd740.org
Menahga Public School District,http://www.menahga.k12.mn.us/
Mesabi East School District,http://www.mesabieast.k12.mn.us/
Metro Deaf School,http://www.mdsmn.org
Metro Education For Future Employ,NA
Metro Schools Charter,http://www.metroschoolsmn.org
Mid State Education District,NA
Midwest Special Education Cooperative,NA
Milaca Public School District,http://www.milaca.k12.mn.us/
Milroy Area Charter School,http://www.milroy.k12.mn.us/
Milroy Public School District,http://www.milroy.k12.mn.us
Minisinaakwaang Leadership Academy,http://www.minisinaakwaang.org
Minneapolis Public School Dist.,http://www.mpls.k12.mn.us/
Minneota Public School District,http://www.minneotaschools.org
Minnesota Department Of Corrections,NA
Minnesota Excellence In Learning Ac,NA
Minnesota Internship Center,http://www.mnic.org/
Minnesota Math And Science Academy,NA
Minnesota New Country School,http://www.newcountryschool.com
Minnesota Online High School,http://www.mnohs.org
Minnesota State Academies School District,http://www.msa.state.mn.us
Minnesota Transitions Charter School,http://www.mtcs.org/
Minnetonka Public School District,http://www.minnetonka.k12.mn.us/
Minnewaska School District,http://www.minnewaska.k12.mn.us/
Mn Academy For Hearing Speech & Lang,NA
Mn International Middle Charter,http://www.mninternationalmiddleschool.org
Mn River Valley Education District,http://www.mrved.com
Mn Valley Education District,http://www.mnved.org
Montevideo Public School District,http://www.montevideoschools.com/
Monticello Public School District,http://www.monticello.k12.mn.us/
Moorhead Public School District,http://www.moorheadschools.org
Moose Lake Public School District,http://www.mooselake.k12.mn.us/
Mora Public School District,http://www.mora.k12.mn.us/
Morris Area Public Schools,http://www.morris.k12.mn.us/
Mounds View Public School District,http://www.moundsviewschools.org
Mountain Iron-Buhl School District,http://www.mib.k12.mn.us/
Mountain Lake Public Schools,http://www.mountainlake.k12.mn.us/
Murray County Central School Dist.,http://www.mcc.mntm.org/
Nasha Shkola Charter School,http://www.nashashkolamn.org/
Nashwauk-Keewatin School District,http://www.isd319.org
Natural Science Academy,http://naturalscienceacademy.org
Nay-Ah-Shing School,NA
Naytahwaush Community School,http://naytahwaush.org/
Nerstrand Charter School,http://www.nerstrand.charter.k12.mn.us
Nett Lake Public School District,http://www.nettlake.k12.mn.us
Nevis Public School District,http://www.nevis.k12.mn.us/
New Century Charter School,http://www.newcenturyacademy.com/
New Century School,NA
New City School,http://newcitycharterschool.org/
New Discoveries Montessori Academy,http://www.newdiscoveries.org
New Heights School Inc.,http://www.newheightsschool.com/Index.html
New Hope Academy,NA
New London-Spicer School District,http://nls.k12.mn.us/
New Millennium Academy Charter School,http://www.newmillenniumacademy.org/
New Prague Area Schools,http://www.np.k12.mn.us/
New Ulm Public School District,http://www.newulm.k12.mn.us/
New York Mills Public School Dist.,http://www.nymills.k12.mn.us/
Nicollet Public School District,http://www.isd507.k12.mn.us/
Noble Academy,http://www.nobleacademy.us/
Norman County East School District,http://www.nce.k12.mn.us
Norman County West School District,http://www.ncw.k12.mn.us/
North Branch Public Schools,http://www.northbranch.k12.mn.us/
North Country Voc. Cooperative Center,NA
North Lakes Academy,http://www.northlakesacademy.org/
North Metro Flex Academy,NA
North Shore Community School,http://www.northshorecommunityschool.org
North St Paul-Maplewood School Dist,http://www.isd622.org/
Northeast Art And Science Polytechn,NA
Northeast College Prep,http://www.northeastcollegeprep.org
Northeast Metro 916 School District,http://www.nemetro.k12.mn.us
Northern Lights Academy Cooperative,NA
Northern Lights Community School,http://www.nlcschool.org/
Northfield Public School District,http://www.nfld.k12.mn.us/
Northland Community Schools,http://www.isd118.k12.mn.us
Northland Learning Center,http://www.northlandsped.org
Northwest Passage High School,http://www.nwphs.org
Nova Classical Academy,http://www.novaclassical.org
Nrheg School District,http://nrheg.k12.mn.us/
Nw Region Interdistrict Council,http://nwric.com/
Odyssey Academy,http://www.odysseyacademy.org
Ogilvie Public School District,http://www.ogilvie.k12.mn.us/
Onamia Public School District,http://www.onamia.k12.mn.us
Orono Public School District,http://www.orono.k12.mn.us/
Ortonville Public Schools,http://ortonville.k12.mn.us/
Osakis Public School District,http://www.osakis.k12.mn.us
Oshki Ogimaag Charter School,http://www.oshkiogimaag.org
Osseo Public School District,http://www.district279.org
Owatonna Public School District,http://www.owatonna.k12.mn.us/
Pact Charter School,http://www.pact.charter.k12.mn.us/
Paladin Career & Technical High School,http://www.paladincareertech.com
Park Rapids Public School District,http://www.parkrapids.k12.mn.us/
Parkers Prairie Public School Dist.,http://www.isd547.com
Parnassus Preparatory Charter School,http://www.parnassusprep.com/
Partnership Academy Inc.,http://www.paschool.org/
Paynesville Public School District,http://www.paynesvilleschools.com
Pelican Rapids Public School Dist.,http://www.pelicanrapids.k12.mn
Pequot Lakes Public Schools,http://www.isd186.org
Perham-Dent Public School District,http://www.perham.k12.mn.us/
Perpich Center For Arts Education,http://www.pcae.k12.mn.us
Pete Seeger Renaissance Charter Sch,NA
Phoenix Academy Charter School,NA
Pierz Public School District,http://www.pierz.k12.mn.us/
Pillager Area Charter School,http://www.pillagercharter.org
Pillager Public School District,http://www.pillager.k12.mn.us/
Pine City Public School District,http://pinecity.k12.mn.us/
Pine Island Public School Dist.,http://www.pineisland.k12.mn.us
Pine Point Public School District,http://www.pinepoint.k12.mn.us
Pine River-Backus School District,http://www.prbschools.org
Pine To Prairie Cooperative Center,NA
Pipestone Area School District,http://www.pas.k12.mn.us
Plainview-Elgin-Millville School District,http://www.pem.k12.mn.us
Prairie Creek Community School,http://www.prairiecreek.org/
Prairie Seeds Academy,http://www.psak12.org
Princeton Public School District,http://www.princeton.k12.mn.us/
Prior Lake-Savage Area Schools,http://www.priorlake-savage.k12.mn.us/
Proctor Public School District,http://www.proctor.k12.mn.us/
Prodeo Academy,NA
Randolph Public School District,http://www.randolph.k12.mn.us
Red Lake County Central Public Sch,NA
Red Lake Falls Public School Dist.,http://redlakefalls.k12.mn.us/
Red Lake Public School District,http://www.redlake.k12.mn.us
Red Rock Central School District,http://www.rrcnet.org/java.shtml
Red Wing Public School District,http://redwing.k12.mn.us
Redwood Area School District,http://www.redwoodareaschools.com
Region 3 - Northeast Service Cooperative,http://www.nesc.k12.mn.us
Region 4-Lakes Country Service Cooperative,http://www.lcsc.org
Region 6 and 8-Southwest West Central Service Cooperative,http://www.swsc.org
Renville County West School Dist.,http://www.rcw.k12.mn.us/
Richfield Public School District,http://www.richfield.k12.mn.us/
Ridgeway Community School,http://www.ridgewayschool.org/
River Bend Education District,http://riverbend.k12.mn.us
River's Edge Academy,http://riversedgeacademy.org
Riverway Learning Community Chtr,http://riverwaylearningcommunity.org
Robbinsdale Public School District,http://www.rdale.org
Rochester Beacon Academy,http://www.rochesterbeaconacademy.org
Rochester Math And Science Academy,http://www.aaa.k12.mn.us/
Rochester Off-Campus Charter High,http://www.rocchs.org/
Rochester Public School District,http://www.rochester.k12.mn.us/
Rochester Stem Academy,http://rochesterstemacademy.org/
Rockford Public School District,http://www.rockford.k12.mn.us/
Rocori Public School District,http://rocori.k12.mn.us/
Roseau Public School District,http://www.roseau.k12.mn.us/
Rosemount-Apple Valley-Eagan School District,http://www.district196.org
Roseville Public School District,http://www.isd623.org
Rothsay Public School District,http://www.rothsay.k12.mn.us
Round Lake-Brewster Public Schools,http://www.rlb.mntm.org
Royalton Public School District,http://www.royalton.k12.mn.us/
Rtr Public Schools,http://www.rtrschools.org
Rum River Special Education Cooperative,http://www.cambridge.k12.mn.us/~rumriversec
Runestone Area Ed. District,NA
Rush City Public School District,http://www.rushcity.k12.mn.us
Rushford-Peterson Public Schools,http://www.r-pschools.com
Sage Academy Charter School,http://www.sageacademy.org/
Saint Cloud Math And Science Academ,NA
Sankofa Underground North Academy,NA
Sartell-St. Stephen School District,http://www.sartell.k12.mn.us/
Sauk Centre Public School District,http://www.isd743.k12.mn.us/
Sauk Rapids-Rice Public Schools,http://www.isd47.org/
Schoolcraft Learning Community Chtr,http://www.schoolcraft.org/
Scitech Academy Charter School,NA
Sebeka Public School District,http://www.sebeka.k12.mn.us/
Sejong Academy Of Minnesota,http://www.sejongacademy.org
Seven Hills Preparatory Academy,http://www.sevenhillsacademy.com/
Shakopee Public School District,http://www.shakopee.k12.mn.us/
Sherburne And Northern Wright Speci,NA
Sibley East School District,http://www.sibleyeast.org
Skyline Math And Science Academy,NA
Sleepy Eye Public School District,http://www.sleepyeyeschools.com
Socrates School District,http://mnscsc.org
Sojourner Truth Academy,http://www.sojournertruthacademy.org
South Koochiching School District,http://www.northome.k12.mn.us/
South St. Paul Public School Dist.,http://www.sspps.org/
South Washington County School Dist,http://www.sowashco.k12.mn.us/
Southern Mn Education Consortium,NA
Southern Plains Education Cooperative,http://southernplainsedcoop.org/
Southland Public School District,http://www.isd500.k12.mn.us/
Southside Family Charter School,http://www.southsidefamilyschool.org/
Southwest Metro Intermediate 288,NA
Spectrum High School,http://www.spectrumhighschool.org/
Spring Grove School District,http://www.springgrove.k12.mn.us/
Spring Lake Park Public Schools,http://www.springlakeparkschools.org
Springfield Public School District,http://www.springfield.mntm.org
St Paul Conservatory Performing Art,http://www.spcpa.org
St. Anthony-New Brighton Schools,http://www.stanthony.k12.mn.us/
St. Charles Public School District,http://www.scschools.net
St. Clair Public School District,http://.isd75.k12.mn.us
St. Cloud Public School District,http://www.isd742.org
St. Croix Preparatory Academy,http://www.stcroixprep.org/index.html
St. Francis Public School District,http://www.isd15.org
St. James Public School District,http://www.stjames.k12.mn.us
St. Louis County School District,http://www.isd2142.k12.mn.us/
St. Louis Park Public School Dist.,http://www.slpschools.org
St. Michael-Albertville School Dist,http://www.stma.k12.mn.us/
St. Paul City School,http://www.stpaulcityschool.org
St. Paul Public School District,http://www.spps.org/
St. Peter Public School District,http://www.stpeterschools.org/
Staples-Motley School District,http://www.isd2170.k12.mn.us
Star Of The North Academy Charter S,http://www.snacharterschool.org
Step Academy Charter School,http://stepacademymn.com/
Stephen-Argyle Central Schools,http://www.sac.k12.mn.us/
Stewartville Public School District,http://www.ssd.k12.mn.us
Stillwater Area Public School Dist.,http://www.stillwater.k12.mn.us
Stonebridge Community School,http://stonebridgeworldschool.org/
Stride Academy Charter School,http://www.strideacademy.org/
Summit Charter School,NA
Swan River Montessori Charter School,http://www.swanrivermontessori.org
Swanville Public School District,http://www.swanville.k12.mn.us
T.R.U.T.H. Preparatory Academy Char,NA
Team Academy,http://www.team.k12.mn.us
Technical Academies Of Minnesota,http://www.TechnicalAcademies.org
Tesfa International School,NA
The Journey School,NA
Thief River Falls School District,http://www.trf.k12.mn.us
Tracy Area Public School District,http://www.tracy.k12.mn.us
Treknorth High School,http://www.treknorth.org/
Tri-City United School District,http://www.tcu2905us.new.rschooltoday.com/
Tri-County School District,http://www.tricounty.k12.mn.us
Trio Wolf Creek Distance Learning,http://www.triowolfcreek.com
Triton School District,http://www.triton.k12.mn.us/
Truman Public School District,http://www.truman.k12.mn.us
Twin Cities Academy High School,http://www.tcahs.k12.mn.us
Twin Cities German Immersion Chrtr,http://www.tcgis.org
Twin Cities International Elementary School,http://www.twincitiesinternationalschool.org
Ubah Medical Academy Charter School,http://www.ubahmedicalacademy.org/
Ulen-Hitterdal Public School Dist,http://www.ulenhitterdal.k12.mn.us
Underwood Public School District,http://www.underwood.k12.mn.us/
United South Central School Dist.,http://www.usc.k12.mn.us
Universal Academy Charter School,http://www.universalacademycharterschool.com
Upper Mississippi Academy,http://www.umissacademy.org/
Upsala Public School District,http://www.upsala.k12.mn.us/
Urban Academy Charter School,http://www.urbanacademymn.org/
Venture Academy,NA
Vermilion Country School,http://www.vermilioncountry.org
Verndale Public School District,http://www.verndale.k12.mn.us
Virginia Public School District,http://www.virginia.k12.mn.us/
Voyageurs Expeditionary,http://www.VoyageursSchool.org
Wabasha-Kellogg Public School Dist.,http://www.wabasha-kellogg.k12.mn.us/
Wabasso Public School District,http://www.wabassoschool.com/
Waconia Public School District,http://www.waconia.k12.mn.us/
Wadena-Deer Creek School District,http://www.wdc2155.k12.mn.us/
Walker-Hackensack-Akeley School Dist,http://www.wha.k12.mn.us/
Warren-Alvarado-Oslo School Dist.,http://www.wao.k12.mn.us
Warroad Public School District,http://www.warroad.k12.mn.us/
Waseca Public School District,http://www.waseca.k12.mn.us/
Watershed High School,http://www.watershedhs.org/
Watertown-Mayer Public School Dist.,http://www.wm.k12.mn.us/
Waterville-Elysian-Morristown School District,http://www.wem.k12.mn.us/
Waubun-Ogema-White Earth Public School,http://www.waubun.k12.mn.us/
Wayzata Public School District,http://www.wayzata.k12.mn.us/
West Central Area School District,http://www.westcentralareaschools.net
West Central Education District,http://www.wced6026.org/
West Side Summit Charter School,http://www.westsidesummit.org
West St. Paul-Mendota Hts.-Eagan School District,http://isd197.org
Westbrook-Walnut Grove Schools,http://www.wwgschools.org
Westonka Public School District,http://www.westonka.k12.mn.us/
Wheaton Area Public School District,http://www.wheaton.k12.mn.us/
White Bear Lake School District,http://www.isd624.org
Willmar Public School District,http://www.willmar.k12.mn.us/
Willow River Public School District,http://www.willowriver.k12.mn.us
Win-E-Mac School District,http://www.win-e-mac.k12.mn.us
Windom Public School District,http://www.windom.k12.mn.us
Winona Area Public School District,http://www.winona.k12.mn.us/
Woodbury Leadership Academy,NA
World Learner Charter School,http://www.wlschaska.org
Worthington Public School District,http://www.isd518.net/
Wrenshall Public School District,http://www.isd100.org
Wright Technical Center,http://wtc.k12.mn.us
Yellow Medicine East School District,http://www.isd2190.org
Yinghua Academy,http://www.yinghuaacademy.org/
Zumbro Education District,http://www.zumbroed.org
Zumbrota-Mazeppa School District,http://www.zmschools.us/
