Absarokee Elementary School District,NA
Absarokee High School,NA
Alberton K-12 Schools,http://alberton.k12.mt.us
Alder Elementary School District,NA
Alzada Elementary School District,NA
Amsterdam Elementary School District,http://amsterdamschool.org
Anaconda Elementary School District,NA
Anaconda High School,NA
Anderson Elementary School District,http://www.andersonmt.org
Arlee Elementary School District,http://www.arlee.k12.mt.us
Arlee High School,http://www.arlee.k12.mt.us
Arrowhead Elementary School District,http://arrowheadk8.org
Ashland Elementary School District,NA
Auchard Creek Elementary School District,NA
Augusta Elementary School District,http://augustaschool.org
Augusta High School,http://augustaschool.org
Avon Elementary School District,NA
Ayers Elementary School District,NA
Bainville K-12 Schools,http://bainvilleschool.k12.mt.us
Baker K-12 Schools,http://baker.k12.mt.us
Basin Elementary School District,NA
Bear Paw Elementary School District,NA
Beaverhead County High School,http://bchsmt.schoolwires.com
Belfry K-12 Schools,NA
Belgrade Elementary School District,http://www.belgradeschools.com
Belgrade High School,http://www.bsd44.org
Belt Elementary School District,http://www.beltschool.com
Belt High School,http://beltschool.com
Benton Lake Elementary School District,NA
Biddle Elementary School District,NA
Big Sandy K-12,NA
Big Sky School K-12,http://www.bssd72.org
Big Timber Elementary School District,NA
Bigfork Elementary School District,http://www.bigforkschools.org
Bigfork High School,http://www.bigfork.k12.mt.us
Billings Elementary School District,http://www.billingsschools.org
Billings High School,http://www.billingsschools.org
Birney Elementary School District,NA
Bloomfield Elementary School District,NA
Blue Creek Elementary School District,NA
Bonner Elementary School District,http://bonner.k12.mt.us
Boulder Elementary School District,NA
Box Elder Elementary School District,NA
Box Elder High School,NA
Bozeman Elementary School District,http://www.bsd7.org
Bozeman High School,http://www.bsd7.org
Bridger K-12 Schools,http://www.bridgerscouts.org
Broadus Elementary School District,http://www.broadus.net
Broadview Elementary School District,http://www.broadviewschools.org
Broadview High School,http://www.broadview.k12.mt.us
Brockton Elementary School District,NA
Brockton High School,http://brockton.k12.mt.us
Brorson Elementary School District,NA
Browning Elementary School District,http://bps.k12.mt.us
Browning High School,NA
Butte Elementary School District,NA
Butte High School,NA
Bynum Elementary School District,NA
Camas Prairie Elementary School District,NA
Canyon Creek Elementary School District,http://canyoncreekschool.org
Cardwell Elementary School District,NA
Carter County High School,http://www.ekalaka.net
Carter Elementary School District,NA
Cascade Elementary School District,http://www.cascade.k12.mt.us
Cascade High School,NA
Cayuse Prairie Elementary School District,http://cayuseprairie.com
Centerville Elementary,NA
Centerville High School,NA
Charlo Elementary School District,NA
Charlo High School,NA
Chester-Joplin-Inverness El School District,NA
Chester-Joplin-Inverness High School,NA
Chinook Elementary School District,http://www.chinookschools.org
Chinook High School,http://www.chinookschools.org
Choteau Elementary School District,http://www.choteauschools.net
Choteau High School,NA
Circle Elementary School District,http://www.circleschools.k12.mt.us
Circle High School,http://www.circleschools.k12.mt.us
Clancy Elementary School District,NA
Cleveland Elementary School District,NA
Clinton Elementary School District,http://clintoncougars.com
Cohagen Elementary School District,NA
Colstrip Elementary School District,http://colstrip.schoolwires.net
Colstrip High School,http://colstrip.schoolwires.net
Columbia Falls Elementary School District,http://www.SD6.k12.mt.us
Columbia Falls High School,NA
Columbus Elementary School District,http://www.columbus.k12.mt.us
Columbus High School,NA
Conrad Elementary School District,http://www.conradschools.org
Conrad High School,http://www.conradschools.org
Cooke City Elementary School District,NA
Corvallis K-12 Schools,http://www.corvallis.k12.mt.us
Cottonwood Elementary School District,http://cottonwoodelementary.com
Cottonwood Elementary School District,http://cottonwoodelementary.com
Creston Elementary School District,http://crestonschool.com
Culbertson Elementary School District,http://culbertsonschool.k12.mt.us
Culbertson High School,http://culbertsonschool.k12.mt.us
Custer County High School,NA
Custer K-12 Schools,http://www.custerschools.org
Cut Bank Elementary School District,NA
Cut Bank High School,NA
Darby K-12 Schools,http://www.darby.k12.mt.us
Davey Elementary School District,NA
Dawson High School,http://www.glendiveschools.com
Deer Creek Elementary School District,NA
Deer Lodge Elementary School District,NA
Deer Park Elementary School District,http://deerpark.k12.mt.us
Deerfield Elementary School District,NA
Denton Elementary School District,http://www.denton.k12.mt.us
Denton High School,NA
Desmet Elementary School District,http://www.desmet.k12.mt.us
Dillon Elementary School District,http://dillonelem.k12.mt.us
Divide Elementary School District,NA
Dixon Elementary School District,http://www.dixonschool.net
Dodson K-12 School District,NA
Drummond Elementary School District,NA
Drummond High School,NA
Dupuyer Elementary School District,NA
Dutton Brady K-12 Schools,NA
East Glacier Park Elementary School District,NA
East Helena Elementary School District,http://www.ehps.k12.mt.us
Ekalaka Elementary School District,http://vfolley@ekalaka.k12.mt.us
Elder Grove Elementary School District,NA
Elliston Elementary School District,NA
Elysian Elementary School District,http://elysianschool.org
Ennis K-12 Schools,http://ennisschools.org
Eureka Elementary School District,http://www.lchigh.net
Evergreen Elementary School District,http://Evergreensd50.com
Fair-Mont-Egan Elementary School District,http://www.fremontana.net
Fairfield Elementary School District,http://www.fairfield.k12.mt.us
Fairfield High School,http://www.fairfield.k12.mt.us
Fairview Elementary School District,http://fschool.org
Fairview High School,http://fschool.org
Fergus High School,NA
Fishtail Elementary School District,NA
Flathead High School,NA
Florence-Carlton K-12 Schls School District,http://www.florence.k12.mt.us
Forsyth Elementary School District,http://forsythpublicschools.org
Forsyth High School,http://forsythpublicschools.org
Fort Benton Elementary School District,http://www.fortbenton.k12.mt.us
Fort Benton High School,NA
Fortine Elementary School District,NA
Frazer Elementary School District,NA
Frazer High School,NA
Frenchtown K-12 Schools,http://www.ftsd.org
Froid Elementary School District,NA
Froid High School,NA
Fromberg K-12 School District,http://www.fromberg.k12.mt.us
Frontier Elementary School District,NA
Galata Elementary School District,NA
Gallatin Gateway Elementary School District,http://gallatingatewayschool.com
Gardiner Elementary School District,http://www.gardiner.org
Gardiner High School,http://www.gardiner.org
Garfield County High School,NA
Garrison Elementary School District,NA
Geraldine K-12,http://geraldine.k12.mt.us
Geyser Elementary School District,http://www.geyser.k12.mt.us/
Geyser High School,http://www.geyser.k12.mt.us/
Gildford Colony Elementary School District,NA
Glasgow K-12 Schools,http://glasgow.k12.mt.us
Glendive Elementary School District,http://www.glendiveschools.org
Gold Creek Elementary School District,NA
Golden Ridge Elementary School District,NA
Grant Elementary School District,NA
Grass Range Elementary School District,http://www.grps.k12.mt.us
Grass Range High School,NA
Great Falls Elementary School District,http://www.gfps.k12.mt.us/
Great Falls High School,http://www.gfps.k12.mt.us/index.html
Greenfield Elementary School District,NA
Greycliff Elementary School District,NA
Hall Elementary School District,NA
Hamilton K-12 Schools,NA
Hardin Elementary School District,http://hardin.k12.mt.us
Hardin High School,http://hardin.k12.mt.us
Harlem Elementary School District,http://www.harlem-hs.k12.mt.us
Harlem High School,http://www.harlem-hs.k12.mt.us
Harlowton Elementary School District,http://www.harlowton.k12.mt.us
Harlowton High School,http://www.harlowton.k12.mt.us
Harrison K-12 Schools,http://www.hhswildcats.com
Havre Elementary School District,http://havre.k12.mt.us
Havre High School,http://havre.k12.mt.us
Hawks Home Elementary School District,NA
Hays-Lodge Pole K-12 Schls School District,NA
Heart Butte K-12 Schools,http://www.heartbutteschool.com
Helena Elementary School District,http://helena.k12.mt.us
Helena Flats Elementary School District,http://helenaflats.org
Helena High School,NA
Hellgate Elementary School District,http://hellgate.schoolwires.com
Helmville Elementary School District,http://helmvilleschool.org
Highwood K-12,http://highwood.k12.mt.us
Hinsdale Elementary School District,NA
Hinsdale High School,NA
Hobson K-12 Schools,http://www.hobson.k12.mt.us
Hot Springs K-12,http://hotspringsschools.schoolwires.net
Huntley Project K-12 Schools,http://huntley.k12.mt.us
Hysham K-12 Schools,NA
Independent Elementary School District,NA
Jackson Elementary School District,NA
Jefferson High School,NA
Joliet Elementary School District,NA
Joliet High School,NA
Jordan Elementary School District,http://www.jordanpublicschools.org
Judith Gap Elementary School District,http://judithgap.k12.mt.us
Judith Gap High School,NA
Kalispell Elementary School District,http://www.sd5.k12.mt.us
Kester Elementary School District,NA
Kila Elementary School District,http://www.kilaschool.com
King Colony Elementary School District,NA
Kinsey Elementary School District,NA
Kircher Elementary School District,NA
Knees Elementary School District,NA
Lambert Elementary School District,http://lps.schoolwires.net
Lambert High School,http://lps.schoolwires.net/lps/site/default.asp
Lame Deer Elementary School District,http://www.lamedeer.k12.mt.us
Lame Deer High School,http://lamedeer.k12.mt.us
Lamotte Elementary School District,http://lamotteschool.com
Laurel Elementary School District,http://www.laurel.k12.mt.us
Laurel High School,http://www.laurel.k12.mt.us
Lavina K-12 Schools,NA
Lewistown Elementary School District,http://lewistown.k12.mt.us
Libby K-12 Schools,http://www.libbyschools.org
Liberty Elementary School District,NA
Lima K-12 Schools,http://www.lima.k12.mt.us
Lincoln County High School,http://www.lchigh.net
Lincoln K-12 Schools,http://lincolnlynx.com
Lindsay Elementary School District,NA
Livingston Elementary School District,http://livingston.schoolwires.com
Lockwood Elementary School District,http://lockwoodschool.org
Lodge Grass Elementary School District,http://Lodgegrass.K12.mt.us
Lodge Grass High School,http://lodgegrass.k12.mt.us
Lolo Elementary School District,http://www.lolo.k12.mt.us
Lone Rock Elementary School District,http://lonerockschool.org
Lustre Elementary School District,NA
Luther Elementary School District,NA
Malmborg Elementary School District,NA
Malta K-12 Schools,NA
Manhattan High School,http://manhattan.schoolwires.com
Manhattan School,http://manhattan.schoolwires.com
Marion Elementary School District,NA
Mccormick Elementary School District,NA
Mcleod Elementary School District,NA
Medicine Lake K-12 Schools,http://www.medicinelake.k12.mt.us
Melrose Elementary School District,NA
Melstone Elementary School District,NA
Melstone High School,NA
Melville Elementary School District,NA
Miami Elementary School District,NA
Miles City Elementary School District,NA
Missoula Elementary School District,http://www.mcps.k12.mt.us
Missoula High School,http://www.mcps.k12.mt.us
Molt Elementary School District,NA
Monforton Elementary School District,http://www.monfortonschool.org
Mont School For Deaf Blind,http://msdb.mt.gov
Montana City Elementary School District,http://montanacity.schoolwires.com
Moore Elementary School District,NA
Moore High School,NA
Morin Elementary School District,NA
Mountain View Elementary School District,NA
Mt Developmental Center,NA
Nashua K-12 Schools,http://www.nashua.k12.mt.us
North Harlem Colony Elementary School District,NA
North Star Elementary School District,NA
North Star High School,http://northstar.k12.mt.us
Northern Cheyenne Tribal School,NA
Noxon Elementary School District,http://www.noxonschools.com
Noxon High School,NA
Nye Elementary School District,NA
Olney-Bissell Elementary School District,NA
Opheim K-12 Schools,http://sites.google.com/site/opheimschool/
Ovando Elementary School District,NA
Park City Elementary School District,http://www.parkcityschools.org
Park City High School,http://www.parkcity.k12.mt.us
Park High School,http://livingston.schoolwires.com
Pass Creek Elementary School District,NA
Peerless K-12 Schools,NA
Pendroy Elementary School District,NA
Philipsburg K-12 Schools,http://pburg.k12.mt.us
Pine Creek Elementary School District,http://www.pinecreekschool.com
Pine Grove Elementary School District,NA
Pioneer Elementary School District,http://pioneerschool.us
Plains Elementary School District,http://plainsschools.net
Plains High School,http://plainsschools.net
Pleasant Valley Elementary School District,NA
Plenty Coups High School,NA
Plentywood K-12 Schools,NA
Plevna K-12 Schools,http://www.plevna.k12.mt.us
Polaris Elementary School District,NA
Polson Elementary School District,http://www.polson.k12.mt.us
Polson High School,http://www.polson.k12.mt.us
Poplar Elementary School District,http://www.poplar.k12.mt.us
Poplar High School,http://www.poplar.k12.mt.us
Potomac Elementary School District,http://www.potomacelementaryschool.us
Powder River County District High School,http://www.broadus.net
Powell County High School,http://www.pchs.dl.k12.mt.us
Power Elementary School District,http://www.power.k12.mt.us
Power High School,NA
Pryor Elementary School District,NA
Ramsay Elementary School District,NA
Rapelje Elementary School District,http://rapelje.k12.mt.us
Rapelje High School,http://rapelje.k12.mt.us
Rau Elementary School District,NA
Red Lodge Elementary School District,NA
Red Lodge High School,NA
Reed Point Elementary School District,http://reedpoint.k12.mt.us
Reed Point High School,NA
Reichle Elementary School District,NA
Richey Elementary School District,http://www.richey.k12.mt.us
Richey High School,http://www.richey.k12.mt.us
Roberts K-12 Schools,http://www.roberts.k12.mt.us
Rocky Boy Elementary School District,http://www.rockyboy.k12.mt.us
Rocky Boy High School,http://www.rockyboy.k12.mt.us
Ronan Elementary School District,http://www.ronank12.edu
Ronan High School,http://www.ronank12.edu
Rosebud K-12 School District,http://www.rosebudschooldist.com
Ross Elementary School District,NA
Roundup Elementary School District,http://roundup.k12.mt.us
Roundup High School,NA
Roy K-12 Schools,NA
Ryegate K-12 Schools,NA
S H Elementary School District,NA
S Y Elementary School District,NA
Saco Elementary School District,http://www.sacoschools.k12.mt.us
Saco High School,http://www.sacoschools.k12.mt.us
Sand Springs Elementary School District,NA
Savage Elementary School District,http://www.savagepublicschool.com
Savage High School,NA
Scobey K-12 Schools,http://scobeyschools.com
Seeley Lake Elementary School District,http://sleonline.org
Shawmut Elementary School District,NA
Shelby Elementary School District,http://shelbypublicschools.org
Shelby High School,http://shelbypublicschools.org
Shepherd Elementary School District,http://www.shepherd.k12.mt.us
Shepherd High School,http://www.shepherd.k12.mt.us
Sheridan Elementary School District,http://sheridan.k12.mt.us
Sheridan High School,NA
Shields Valley Elementary School District,NA
Shields Valley High School,NA
Sidney Elementary School District,http://www.sidney.k12.mt.us
Sidney High School,http://www.sidney.k12.mt.us
Simms High School,http://srvs.k12.mt.us
Smith Valley Elementary School District,http://www.smithvalleyschool.org
Somers Elementary School District,NA
South Stacey Elementary School District,NA
Spring Creek Colony Elementary School District,NA
Spring Creek Elementary School District,NA
Spring Creek Elementary School District,NA
Springdale Elementary School District,NA
Springhill Elementary School District,NA
St Ignatius K-12 Schools,NA
St Regis K-12 Schools,http://stregisschool.org
Stanford K-12 Schools,NA
Stevensville Elementary School District,NA
Stevensville High School,NA
Sun River Valley Elementary School District,NA
Sunburst K-12 Schools,http://www.sunburstschools.net
Sunset Elementary School District,NA
Superior K-12 Schools,NA
Swan Lake-Salmon Elementary School District,http://www.lakecounty-mt.org/schools/
Swan River Elementary School District,http://swanriverschool.org
Swan Valley Elementary School District,NA
Sweet Grass County High School,http://bigtimber-hs.k12.mt.us
Sylvanite Elementary School District,NA
Target Range Elementary School District,http://www.target.k12.mt.us
Terry K-12 Schools,http://www.terry.k12.mt.us
Thompson Falls Elementary School District,NA
Thompson Falls High School,NA
Three Forks Elementary School District,http://www.tfschools.com
Three Forks High School,NA
Townsend K-12 Schools,http://www.townsendps.schoolwires.com
Trail Creek Elementary School District,NA
Trego Elementary School District,NA
Trinity Elementary School District,http://te-k12.mt.schoolloop.com
Trout Creek Elementary School District,http://www.troutcreekeagles.org
Troy Elementary School District,http://troymtk-12.us
Troy High School,NA
Turner Elementary School District,NA
Turner High School,NA
Twin Bridges K-12 Schools,http://www.twinbridges.k12.mt.us
Twin Buttes Elementary School District,NA
Two Eagle River School,NA
Ulm Elementary School District,NA
Upper West Shore Elementary School District,http://www.lakecounty-mt.org/schools/
Valier Elementary School District,NA
Valier High School,NA
Valley View Elementary School District,http://www.lakecounty-mt.org/schools/
Van Norman Elementary School District,NA
Vaughn Elementary School District,http://www.vaughnschool.com
Victor K-12 Schools,http://victor.k12.mt.us
Vida Elementary School District,NA
West Glacier Elementary School District,NA
West Valley Elementary School District,http://www.westvalleyschool.com
West Yellowstone K-12 School District,http://www.westyellowstone.k12.mt.us
Westby K-12 Schools,http://www.westbyschool.k12.mt.us
White Sulphur Spgs K-12,http://www.whitesulphur.k12.mt.us
Whitefish Elementary School District,http://wfps.k12.mt.us
Whitefish High School,http://wfps.k12.mt.us
Whitehall Elementary School District,http://whitehall.schoolwires.com
Whitehall High School,NA
Whitewater K-12 Schools,NA
Wibaux K-12 Schools,http://wchs.k12.mt.us
Willow Creek Elementary School District,http://www.willowcreek.k12.mt.us
Willow Creek High School,http://www.willowcreek.k12.mt.us
Winifred K-12 Schools,http://www.winifred.k12.mt.us
Winnett K-12 Schools,NA
Wisdom Elementary School District,NA
Wise River Elementary School District,NA
Wolf Creek Elementary School District,http://wolfcreekschool.com
Wolf Point Elementary School District,http://wolfpoint.schoolwires.net
Wolf Point High School,http://wolfpoint.schoolwires.net
Woodman Elementary School District,http://www.woodmanschool.org
Wyola Elementary School District,NA
Yaak Elementary School District,NA
Yellowstone Academy Elementary,NA
Zurich Elementary School District,NA
