Abq School Of Excellence,NA
Abq Sign Language Academy,NA
Academy Of Trades And Tech,NA
Ace Leadership High School,NA
Alamo Navajo Community School,NA
Alamogordo Public Schools,http://www.aps4kids.org
Albuquerque Institute Of Math & Science,NA
Albuquerque Public Schools,http://ww2.aps.edu/
Aldo Leopold Charter,NA
Alma D'arte Charter,NA
Amy Biehl Charter High School,NA
Animas Public Schools,http://www.animask12.net
Anthony Charter School,NA
Artesia Public Schools,NA
Atsa' Biya'a'zh Community School,http://www.sasischools.net
Aztec Municipal Schools,NA
Baca-dlo'ay Azhi Community School,NA
Beclabito Day School,NA
Belen Consolidated Schools,NA
Bernalillo Public Schools,NA
Bloomfield Schools,NA
Borrego Pass (Dibe Yazhi Habltiin Olta' Inc),NA
Bread Springs Day School,NA
Capitan Municipal Schools,http://www.capitantigers.org/
Carinos De Los Ninos,NA
Carlsbad Municipal Schools,NA
Carrizozo Municipal Schools,http://cms-k12-mt.schoolloop.com
Central Consolidated Schools,http://ccsdnm.org
Cesar Chavez Community Center,NA
Ch'ooshgai Community School,http://www.ccsbroncos.org
Chama Valley Indep. Schools,http://www.chamaschools.org/
Chi Chil'tah Comm School,NA
Childrens Psyc School District,NA
Cien Aguas International School,NA
Cimarron Municipal Schools,NA
Clayton Municipal Schools,NA
Cloudcroft Municipal Schools,http://www.cmsbears.org/
Clovis Municipal Schools,http://www.clovis-schools.org/
Cobre Consolidated Schools,http://www.cobre.k12.nm.us/
Coral Community Charter,NA
Corona Municipal Schools,http://www.cpscardinals.org/
Cottonwood Classical Prep,NA
Crystal Boarding School,NA
Cuba Independent Schools,http://cuba.k12.nm.us/
Deming Public Schools,NA
Des Moines Municipal Schools,http://desmoines.k12.nm.us
Dexter Consolidated Schools,http://www.dexterdemons.org/
Dora Municipal Schools,http://www.doraschools.com/
Dream Dine,http://www.dreamdine.org/
Dulce Independent Schools,NA
Dzilth-Na-O-Dith-Hle Community School,NA
Dzit Dit Lool School Of Empowerment Action And Perseverance,http://www.deapschool.org/
East Mtn High School,NA
Elida Municipal Schools,http://elidaschools.net/
Espanola Public Schools,NA
Estancia Municipal Schools,http://www.estancia.k12.nm.us/
Estancia Valley Classical Academy,NA
Eunice Municipal Schools,NA
Explore Academy,NA
Farmington Municipal Schools,NA
Floyd Municipal Schools,http://floydbroncos.com/
Fort Sumner Municipal Schools,http://www.ftsumnerk12.com/
Gadsden Independent Schools,http://www.gisd.k12.nm.us/
Gallup-Mckinley Cty Schools,NA
Gilbert L Sena Charter High School,NA
Grady Municipal Schools,http://www.gradyschool.com/
Grants-Cibola County Schools,http://www.gccs.cc/
Hagerman Municipal Schools,NA
Hanaa'dli Community School,NA
Hatch Valley Public Schools,http://www.hatchschools.net/
Health Leadership High School,NA
Hobbs Municipal Schools,http://hobbsschools.net/
Hondo Valley Public Schools,http://www.hondoschools.org
Horizon Academy West,NA
House Municipal Schools,http://www.houseschools.net
International School At Mesa Del Sol,NA
Isleta Elementary School,NA
J Paul Taylor Academy,NA
Jal Public Schools,http://www.jalnm.org/
Jemez Day School,NA
Jemez Mountain Public Schools,NA
Jemez Valley Public Schools,NA
Juvenile Justice,NA
Kha'p'o Community School (Santa Clara),NA
La Academia Dolores Huerta,NA
La Promesa Early Learning,NA
La Resolana Leadership,NA
La Tierra Montessori School Of The Arts And Sciences,NA
Laguna Elementary School,http://lagunaelem.ss3.sharpschool.com/
Laguna Middle School,http://lagunamidschool.ss3.sharpschool.com/
Lake Arthur Municipal Schools,http://www.la-panthers.org
Lake Valley Navajo School,NA
Las Cruces Public Schools,http://www.lcps.k12.nm.us/
Las Montanas Charter,NA
Las Vegas City Public Schools,NA
Logan Municipal Schools,http://www.loganschool.net
Lordsburg Municipal Schools,http://www.lmsed.org/
Los Alamos Public Schools,http://laschools.net/
Los Lunas Public Schools,http://www.llschools.net/pages/Los_Lunas_Schools
Loving Municipal Schools,http://www.lovingschools.com/
Lovington Municipal Schools,http://www.lovingtonschools.net/
Magdalena Municipal Schools,http://www.magdalena.k12.nm.us/
Mariano Lake Community School,NA
Maxwell Municipal Schools,http://www.maxwellp12.com/
Mccurdy Charter School,NA
Media Arts Charter,NA
Melrose Public Schools,http://www.melroseschools.org/
Mesa Vista Consolidated Schools,http://mesavista.org/
Mescalero Apache School,http://www.maschiefs.org
Mission Achievement And Success,NA
Monte Del Sol Charter,NA
Montessori Elementary School,NA
Mora Independent Schools,http://mora.k12.nm.us/education/district/district.php?sectionid=1
Moriarty-Edgewqod School District,http://www.mesd.us/
Mosquero Municipal Schools,http://www.mosquero.net/
Mountainair Public Schools,http://mps-nm.schoolloop.com/
Na' Neelzhiin Ji'Olta (Torreon) School District,http://www.njo.bie.edu/
Navajo Preparatory School,http://www.navajoprep.com
Nenahnezad Community School,http://www.nenah.bie.edu
New America School,NA
New America School - Las Cruces,NA
New Mexico Connections Academy,NA
Nm Corrections,NA
Nm School For Arts,NA
Nm School For The Blind And Visually Impaired,NA
Nm School For The Deaf,NA
North Valley Charter,NA
Northwest High School,http://www.sasischools.net
Ohkay Owingeh Community School,NA
Ojo Encino Day School,NA
Pecos Independent Schools,http://www.pecos.k12.nm.us/
Penasco Independent Schools,http://www.penascoisd.com/
Pine Hill Schools,http://rnsb.k12.nm.us
Pojoaque Valley Public Schools,http://pvs.k12.nm.us/
Portales Municipal Schools,NA
Pueblo Pintado Community School,NA
Quemado Independent Schools,http://www.quemadoschools.org/
Questa Independent Schools,NA
Raton Public Schools,http://www.ratonschools.com/
Red River Valley Charter School,NA
Reserve Public Schools,NA
Rio Rancho Public Schools,http://www.rrps.net/
Roots And Wings Community,NA
Roswell Independent Schools,http://www.risd.k12.nm.us/
Roy Municipal Schools,http://www.royschools.org/
Ruidoso Municipal Schools,NA
Sage Montessori Charter School,NA
San Felipe Pueblo Elementary School,NA
San Ildefonso Day School,NA
San Jon Municipal Schools,http://sanjonschools.com/
Sandoval Academy of Bilingual Education,NA
Sanostee Day School,NA
Santa Fe Indian School,http://www.sfis.k12.nm.us
Santa Fe Public Schools,NA
Santa Rosa Consolidated Schools,NA
School Of Dreams Academy,NA
Sequoyah School District,NA
Silver Consolidated Schools,NA
Six Directions Indigenous School,NA
Sky City Community School,NA
Socorro Consolidated Schools,NA
South Valley Prep,NA
Southwest Intermediate Learning Center,NA
Southwest Primary Learning Center,NA
Southwest Secondary Learning Center,NA
Springer Municipal Schools,http://www.springerschools.org/
SW Aeronautics Mathematics And Science Academy,NA
T Or C Municipal Schools,NA
T'Iists'oozi'bi'olta School District,NA
T'Siya Elementary and Middle School,NA
Taos Academy,NA
Taos Day School,NA
Taos Integrated School Of The Arts,NA
Taos International School,NA
Taos Municipal Schools,NA
Tatum Municipal Schools,http://www.tatumschools.org/
Te Tsu Geh Oweenge Day School,NA
Technology Leadership,NA
Texico Municipal Schools,http://www.texicoschools.com/
The Ask Academy,NA
The Great Academy,NA
The Master Program,NA
Tierra Adentro,NA
Tierra Encantada Charter School,NA
To'hajiilee Day School,NA
Tohaali' Community School,NA
Tse'ii'ahi' Community School,NA
Tucumcari Public Schools,http://tucumcari.ss5.sharpschool.com/
Tularosa Municipal Schools,NA
Turquoise Trail Charter School,NA
Uplift Community School,NA
Vaughn Municipal Schools,http://vaughn.k12.nm.us/
Wagon Mound Public Schools,http://www.wm.k12.nm.us/
Walatowa Charter High,NA
West Las Vegas Public Schools,NA
William W &  Josephine Dorn Charter  Community School,NA
Wingate Elementary School,http://www.wes.bie.edu
Wingate High School,http://www.whs.bie.edu
Zuni Public Schools,http://www.zpsd.org/
