A+ Arts Academy,http://aplusarts.com
A+ Children's Academy School District,http://apluschildrensacademy.org/
Academy For Urban Scholars Youngstown School District,http://www.ausohio.com
Academy for Urban Solutions,http://www.ausohio.com
Academy Of Arts And Sciences,http://academyartssciences.org/
Academy Of Educational Excellence School District,http://academyeducationalexcellence.org/
Achieve Career Preparatory Academy,http://www.achieveprep.com
Ada Exempted Village School District,http://ada.k12.oh.us/
Adams County Ohio Valley Local School District,http://www.ohiovalley.k12.oh.us/
Adena Local School District,http://www.adena.k12.oh.us/
Akron City School District,http://www.akronschools.com/
Akron Digital Academy,http://akrondigitalacademy.org/
Akron Preparatory School School District,http://www.icanschools.org/akron-preparatory-school
Akros Middle School,http://www.akros4kids.org/joomla/index.php
Albert Einstein Academy For Letters Arts And Sciences-Ohio School District,http://ealas.org/woh/
Alexander Local School District,http://www.alexanderschools.org/
Allen East Local School District,http://www.ae.k12.oh.us/
Alliance Academy Of Cincinnati,http://www.nhaschools.com/schools/alliance/en/pages/default
Alliance City School District,http://www.alliancecityschools.org/
Alternative Education Academy,http://www.ohdela.com
Amanda-Clearcreek Local School District,http://www.amanda.k12.oh.us/
Amherst Exempted Village School District,http://www.amherst.k12.oh.us/
Anna Local School District,http://www.anna.k12.oh.us/
Ansonia Local School District,http://www.ansonia.k12.oh.us/
Anthony Wayne Local School District,http://www.a-wayne.k12.oh.us/
Antwerp Local School District,http://www.aw.noacsc.org/
Apex Academy,http://www.nhaschools.com/schools/apex/en/pages/default.asp
Apollo School District,NA
Arcadia Local School District,http://www.arcadia.noacsc.org/
Arcanum-Butler Local School District,http://www.arcanum-butler.k12.oh.us/
Archbold-Area Local School District,http://www.archbold.k12.oh.us/
Arlington Local School District,http://www.arlingtonlocalschools.com/
Arts & College Preparatory Academy,http://artcollegeprep.org/
Ashland City School District,http://ashlandcityschools.org/
Ashland County Community Academy,http://www.accaaces.org/
Ashland County-West Holmes School District,NA
Ashtabula Area City School District,http://www.aacs.net/
Ashtabula County Technical And Career Center,NA
Athens City School District,http://www.athenscityschools.net/
Auburn School District,NA
Auglaize County Educational Academy,http://www.aceva.org/
Aurora Academy,http://aacademy.org/
Aurora City School District,http://www.aurora-schools.org/
Austintown Local School District,http://www.austintownschools.org/
Autism Model School,http://www.autismmodelschool.com
Avon Lake City School District,http://www.avonlakecityschools.org/
Avon Local School District,http://www.avonlocalschools.org/
Ayersville Local School District,http://www.ayersville.org/
Barberton City School District,http://www.barbertonschools.org/
Barnesville Exempted Village School District,http://www.barnesville.k12.oh.us/
Batavia Local School District,http://www.bataviaschools.org/
Bath Local School District,http://www.bathwildcats.org/
Bay Village City School District,http://www.bayvillageschools.com/
Beachwood City School District,http://www.beachwoodschools.org/
Beacon Academy School District,NA
Beacon Hill Academy,NA
Beaver Local School District,http://www.beaver.k12.oh.us/
Beavercreek City School District,http://www.beavercreek.k12.oh.us/
Bedford City School District,http://www.bedford.k12.oh.us/
Bella Academy Of Excellence,http://www.imaginebellaacademy.org/
Bellaire Local School District,http://www.bellaire.k12.oh.us/
Bellbrook-Sugarcreek Local School District,http://www.sugarcreek.k12.oh.us/
Bellefontaine City School District,http://www.bellefontaine.k12.oh.us/
Bellevue City School District,http://www.bellevueschools.org/
Belmont-Harrison School District,http://bhccenters.com/
Belpre City School District,http://www.belpre.k12.oh.us/
Benjamin Logan Local School District,http://www.benlogan.k12.oh.us/
Bennett Venture Academy,http://www.nhaschools.com/schools/bennett/en/pages/default.
Benton Carroll Salem Local School District,http://www.bcs.k12.oh.us/
Berea City School District,http://www.berea.k12.oh.us/
Berkshire Local School District,http://www.berkshireschools.org/
Berne Union Local School District,http://berne-union.k12.oh.us/
Berwyn East Academy School District,http://berwyneastacademy.org/
Bethel Local School District,http://www.bethel.k12.oh.us/
Bethel-Tate Local School District,http://www.betheltate.org/
Bexley City School District,http://www.bexleyschools.org/
Big Walnut Local School District,http://www.bigwalnut.k12.oh.us/
Bio-Med Science Academy Stem School School District,NA
Black River Local School District,http://www.blackriverschools.org/
Blanchester Local School District,http://www.blanschools.org/
Bloom-Carroll Local School District,http://www.bloom-carroll.k12.oh.us/
Bloom-Vernon Local School District,http://www.bv.k12.oh.us/
Bloomfield-Mespo Local School District,http://www.bloomfield-mespo.org/
Bluffton Exempted Village School District,http://www.bluffton.noacsc.org/
Boardman Local School District,http://www.boardman.k12.oh.us/
Botkins Local School District,http://www.botkins.k12.oh.us/
Bowling Green City School District,http://www.bgcs.k12.oh.us/
Bradford Exempted Village School District,http://www.bradford.k12.oh.us/
Brecksville-Broadview Heights City School District,http://www.bbhcsd.org/
Bridge Gate Community School School District,NA
Bridgeport Exempted Village School District,http://www.bevs.k12.oh.us/
Bridges Community Academy,http://www.bridgescommunityacademy.com
Bright Local School District,http://www.brightlocalschools.com
Bristol Local School District,http://www.bristol.k12.oh.us/
Broadway Academy,http://the-academies.com/Locations/Broadway-Academy
Brookfield Local School District,http://www.brookfield.k12.oh.us/
Brooklyn City School District,http://www.brooklyn.k12.oh.us/
Brookville Local School District,http://www.brookvilleschools.org/
Brookwood Academy,NA
Brown Local School District,http://www.brownlocalschools.com/
Brunswick City School District,http://www.bcsoh.org/
Bryan City School District,http://www.bryan.k12.oh.us/
Buckeye Central Local School District,http://www.buckeye-central.k12.oh.us/
Buckeye Local School District,http://www.buckeyeschools.info/
Buckeye Local School District,http://www.buckeyeschools.info/
Buckeye Local School District,http://www.buckeyeschools.info/
Buckeye Online School For Success,http://www.go2boss.com/
Buckeye Preparatory Academy,http://www.buckeyeprep.org
Buckeye School District,NA
Buckeye United School District,NA
Buckeye Valley Local School District,http://www.buckeyevalley.k12.oh.us/
Bucyrus City School District,http://bucyrusschools.org/
Butler Technology & Career Development Schools,http://www.butlertech.org
Caldwell Exempted Village School District,http://www.caldwell.k12.oh.us/
Cambridge City School District,http://www.cambridge.k12.oh.us/
Campbell City,http://www.campbell.k12.oh.us/
Canal Winchester Local School District,http://www.cwschools.org/
Canfield Local School District,http://www.canfield.access-k12.org/
Canton City School District,http://www.ccsdistrict.org/
Canton College Preparatory School School District,http://www.icanschools.org/canton-college-preparatory-school
Canton Harbor High School School District,http://www.cantonharbor.org
Canton Local School District,http://www.cantonlocal.org
Capital High School,http://magicjohnsonbridgescape.com/locations
Cardinal Local School District,http://cardinalschools.org/
Cardington-Lincoln Local School District,http://www.cardington.k12.oh.us/
Career And Technology Educational Centers,NA
Carey Exempted Village School District,http://careyevs.schoolwires.com/
Carlisle Local School District,http://www.carlisleindians.org/
Carrollton Exempted Village School District,http://www.carrollton.k12.oh.us/
Cedar Cliff Local School District,http://cedarcliffschools.org/
Celina City School District,http://www.celinaschools.org/
Center For Student Achievement,http://jcs.k12.oh.us/wordpress/?page_id=1679
Centerburg Local,http://www.centerburgschools.org/
Centerville City,http://www.centerville.k12.oh.us/
Central Academy Of Ohio,http://www.ohiocentralacademy.net
Central High School School District,NA
Central Local School District,http://www.centrallocal.org/
Cesar Chavez College Preparatory School,http://sites.google.com/a/edsolns.com/educational-solutions
Chagrin Falls Exempted Village School District,http://www.chagrinschools.org
Champion Local School District,http://www.championlocal.org/
Chapelside Cleveland Academy School District,http://the-academies.com/Locations/HOPE-Academy-Chapelside
Chardon Local School District,http://www.chardon.k12.oh.us/
Charles School At Ohio Dominican University,http://www.thecharlesschool.org
Chesapeake Union Exempted Village School District,http://www.peake.k12.oh.us/
Chillicothe City School District,http://www.chillicothe.k12.oh.us/
Chippewa Local School District,http://www.chippewa.k12.oh.us/
Cincinnati College Preparatory Academy,http://www.ccpaonline.com
Cincinnati Generation Academy,http://www.cincinnatigenerationacademy.org/
Cincinnati Learning Schools School District,http://www.carpediemaiken.com/
Cincinnati Public Schools,http://www.cps-k12.org/
Cincinnati Technology Academy School District,http://www.cintitechacademy.com
Circleville City School District,http://circlevillecityschools.org/
Citizens Academy,http://www.citizensacademy.org/campuses/citizens-academy-101
Citizens Academy East School District,http://www.citizensacademy.org/campuses/citizens-academy-eas
Citizens Academy Southeast School District,http://www.citizensacademy.org/campuses/citizens-academy-sou
Citizens Leadership Academy,http://citizensleadership.org/
City Day Community School,http://www.cityday.org/
Clark Preparatory Academy School District,http://www.clarkpreparatory.org
Clark-Shawnee Local School District,http://www.clark-shawnee.k12.oh.us/
Clay Avenue Community School,http://www.imagineclayavenue.com/
Clay Local School District,http://www.clay.k12.oh.us/
Claymont City School District,http://www.claymontschools.org/
Clear Fork Valley Local School District,http://www.clearfork.k12.oh.us/
Clearview Local School District,http://www.clearview.k12.oh.us/
Clermont Northeastern Local School District,http://www.cneschools.org/
Cleveland Academy For Scholarship Technology And Leadership,http://www.castle-school.org/
Cleveland Arts And Social Sciences Academy,http://clevelandartsocsci.org/
Cleveland College Preparatory School,http://www.icanschools.org/cleveland-college-preparatory-sch
Cleveland Entrepreneurship Preparatory School,http://www.theprepschools.org/cliffs/
Cleveland Heights-University Heights City,http://www.chuh.org/
Cleveland Metropolitan School District,http://clevelandmetroschools.org/
Cliff Park High School School District,http://www.cliffparkhigh.org/
Clinton-Massie Local School District,http://www.clinton-massie.k12.oh.us/
Cloverleaf Local School District,http://www.cloverleaflocal.org/
Clyde-Green Springs Exempted Village School District,http://www.clyde.k12.oh.us/
Coldwater Exempted Village School District,http://cw.noacsc.org/
College Corner Local,http://www.uc.k12.in.us/
Colonel Crawford Local School District,http://www.cck12.org/
Colonial Prep Academy School District,http://www.colonialprep.org
Columbia Local School District,http://www.columbia.k12.oh.us/
Columbiana County School District,NA
Columbiana Exempted Village School District,http://www.columbiana.k12.oh.us/
Columbus Arts & Technology Academy,http://columbusata.org/
Columbus Bilingual Academy-North,http://www.cbanorth.org/
Columbus City School District,http://www.ccsoh.us/
Columbus Collegiate Academy,http://www.unitedschoolsnetwork.org/maincampus.php
Columbus Collegiate Academy - West,http://www.unitedschoolsnetwork.org/danacampus.php
Columbus Grove Local School District,http://cg.noacsc.org/
Columbus Humanities Arts And Technology Academy,http://columbushumanitiesata.org/
Columbus Performance Academy,http://www.performanceacademies.com/ohio-schools/columbus/co
Columbus Preparatory Academy,http://www.cpablitz.org/
Columbus Preparatory And Fitness Academy,http://www.performanceacademies.com/ohio-schools/columbus/co
Conneaut Area City School District,http://www.cacsk12.org/
Conotton Valley Union Local School District,http://www.conottonvalley.k12.oh.us/
Constellation Schools: Collin.,http://collinwoodvillageacademy.constellationschools.com/
Constellation Schools: Elyria Community Elementary,http://elyriacommunity.constellationschools.com/
Constellation Schools: Lorain Community Elementary,http://loraincommunityelementary.constellationschools.com/
Constellation Schools: Lorain Community Middle,http://loraincommunitymiddle.constellationschools.com/
Constellation Schools: Madison Community Elementary,http://madisoncommunityelementary.constellationschools.com/
Constellation Schools: Old Brooklyn Community Elementary,http://oldbrooklyncommunityelementary.constellationschools.c
Constellation Schools: Old Brooklyn Community Middle,http://oldbrooklyncommunitymiddle.constellationschools.com/
Constellation Schools: Outreach Academy For Students With Di,http://outreachacademy.constellationschools.com/
Constellation Schools: Parma Community,http://parmacommunity.constellationschools.com/
Constellation Schools: Puritas Community Elementary,http://puritascommunityelementary.constellationschools.com/
Constellation Schools: Puritas Community Middle,http://puritascommunitymiddle.constellationschools.com/
Constellation Schools: Stockyard Community Elementary,http://stockyardcommunityelementary.constellationschools.com
Constellation Schools: Stockyard Community Middle,http://stockyardcommunitymiddle.constellationschools.com/
Constellation Schools: Westpark Community Elementary,http://westparkcommunityelementary.constellationschools.com/
Constellation Schools: Westpark Community Middle,http://westparkcommunitymiddle.constellationschools.com/
Constellation Schools: Westside Community School Of The Arts,http://westsidearts.constellationschools.com/
Constellation Schools:eastside,http://eastsideartsacademy.constellationschools.com/
Continental Local School District,http://continentalpirates.org/
Copley-Fairlawn City School District,http://www.copley-fairlawn.org
Cornerstone Academy Community,http://cornerstoneacad.org
Cory-Rawson Local School District,http://cory-rawson.k12.oh.us/
Coshocton City School District,http://www.coshoctonredskins.com/
Coshocton County School District,NA
Coshocton Opportunity School,http://www.coshoctonopportunityschool.com/
Coventry Local School District,http://www.coventryschools.org/
Covington Exempted Village School District,http://www.covington.k12.oh.us/
Crestline Exempted Village School District,http://www.crestline.k12.oh.us/
Crestview Local School District,http://www.crestviewrebels.org/
Crestview Local School District,http://www.crestviewrebels.org/
Crestview Local School District,http://www.crestviewrebels.org/
Crestwood Local School District,http://www.crestwoodschools.org/
Crooksville Exempted Village School District,http://www.crooksville.k12.oh.us/
Cruiser Academy,http://www.gocruisers.org/cruiseracademy_home.aspx
Cuyahoga Falls City School District,http://www.cfalls.org/
Cuyahoga Heights Local School District,http://www.cuyhts.k12.oh.us/
Cuyahoga Valley Career Center,NA
Dalton Local School District,http://www.dalton.k12.oh.us/?template=m
Danbury Local School District,http://www.danburyschools.org/
Danville Local School District,http://www.danvilleschools.org/
Dawson-Bryant Local School District,http://www.db.k12.oh.us/
Dayton City School District,http://www.dps.k12.oh.us/
Dayton Early College Academy Inc,http://www.daytonearlycollege.org
Dayton Leadership Academies-Dayton Liberty Campus,http://www.daytonleadershipacademies.com
Dayton Leadership Academies-Dayton View Campus,http://www.daytonleadershipacademies.com/Default.aspx
Dayton Regional Stem School,http://www.daytonstemschool.org
Dayton Smart Elementary School School District,http://www.daytonsmart.org/
Dayton Technology Design High School,NA
Deer Park Community City School District,http://www.deerparkcityschools.org/
Defiance City School District,http://www.defiancecityschools.org/
Delaware Area Career Center,NA
Delaware City School District,http://www.dcs.k12.oh.us/
Delphos City School District,http://www.delphoscityschools.org/
Discovery Academy School District,http://www.discoverytoledo.com/
Dohn Community,http://www.dohnschool.org
Dover City School District,http://www.dover.k12.oh.us/
Dublin City School District,http://www.dublinschools.net/
Eagle Academy,http://www.eagletoledo.com/
Eagle Learning Center,http://www.oregonelc.org/
Early College Academy School District,http://www.earlycollegecolumbus.com/
East Academy School District,http://the-academies.com/Locations/HOPE-Academy-East
East Branch Preparatory Academydbawright Preparatory Academy School District,http://www.wrightprep.org
East Cleveland City School District,http://www.east-cleveland.k12.oh.us/
East Clinton Local School District,http://www.east-clinton.k12.oh.us/
East Guernsey Local School District,http://www.eguernsey.k12.oh.us/
East Holmes Local School District,http://www.eastholmes.k12.oh.us/
East Knox Local School District,http://www.eastknox.k12.oh.us/
East Liverpool City School District,http://www.elcsd.k12.oh.us/
East Muskingum Local School District,http://www.east-muskingum.k12.oh.us/
East Palestine City School District,http://www.myepschools.org/
East Preparatory Academy School District,http://www.eastprep.org
Eastern Local School District,http://www.easternlocal.com/
Eastern Local School District,http://www.easternlocal.com/
Eastern Local School District,http://www.easternlocal.com/
Eastland-Fairfield Career Tech School District,http://www.eastland-fairfield.com
Eastwood Local School District,http://www.eastwoodschools.org/
Eaton Community City School District,http://www.eaton.k12.oh.us/
Edge Academy The,http://new.edge4kids.org/joomla/index.php
Edgerton Local School District,http://www.edgerton.k12.oh.us/
Edgewood City School District,http://www.edgewoodschools.com/
Edison Local (Formerly Berlin-Milan) School District,http://www.edisonlocal.k12.oh.us/
Edison Local School District,http://www.edisonlocal.k12.oh.us/
Edon-Northwest Local School District,http://www.edon.k12.oh.us/
Educational Academy For Boys & Girls,NA
Ehove Career Center,http://www.ehove.net
Electronic Classroom Of Tomorrow,http://www.ecotohio.org/
Elgin Local School District,http://www.elginschools.org/
Elida Local School District,http://www.home.elida.k12.oh.us/
Elmwood Local School District,http://www.elmwood.k12.oh.us/
Elyria City Schools,http://www.elyriaschools.org/
Emerson Academy,http://www.nhaschools.com/schools/emerson/en/pages/default.
Entrepreneurship Preparatory School - Woodland Hills Campus School District,http://www.theprepschools.org/woodland-hills/
Euclid City School District,http://euclidschools.org/
Everest High School School District,http://www.everesths.org/
Evergreen Local School District,http://www.evergreen.k12.oh.us/
Fairbanks Local School District,http://www.fairbanks.k12.oh.us/
Fairborn City School District,http://www.fairborn.k12.oh.us/
Fairborn Digital Academy,http://fairborndigital.us/
Fairfield City School District,http://www.fairfieldcityschools.com/
Fairfield Local School District,http://www.fairfieldlocal.org/
Fairfield Union Local School District,http://www.fairfield-union.k12.oh.us
Fairland Local School District,http://www.fairland.k12.oh.us/
Fairlawn Local School District,http://www.fairlawn.k12.oh.us/
Fairless Local School District,http://www.falcon.stark.k12.oh.us/
Fairport Harbor Exempted Village School District,http://www.fhevs.org/
Fairview Park City School District,http://www.fairviewparkschools.org/
Fayette Local School District,http://www.fayettesch.org/
Fayetteville-Perry Local School District,http://www.fp.k12.oh.us/
Federal Hocking Local School District,http://www.fedhock.com/
Felicity-Franklin Local School District,http://www.felicityschools.org/
Field Local School District,http://www.fieldlocalschools.org/
Findlay City School District,http://www.findlaycityschools.org/
Findlay Digital Academy,http://findlaydigitalacademy.com/
Finneytown Local School District,http://www.finneytown.org/
Firelands Local School District,http://www.firelandsschools.org/
Flex High School School District,http://flexhigh.org/
Focus Learning Academy Of Northern Columbus,http://focusacademynorth.org
Focus Learning Academy Of Southeastern Columbus,http://focuslearn.org
Focus Learning Academy Of Southwest Columbus,http://focuslearn.org
Focus North High School,http://focuslearn.org
Forest Hills Local School District,http://www.foresthills.edu/
Fort Frye Local School District,http://www.fortfrye.k12.oh.us/
Fort Loramie Local School District,http://www.loramie.k12.oh.us/
Fort Recovery Local School District,http://www.fortrecoveryschools.org/
Fostoria City School District,http://www.fostoria.k12.oh.us/
Foundation Academy,http://foundationacad.org/
Four County Career Center,NA
Foxfire East Academy School District,http://www.foxfireschools.com/
Foxfire High School,http://www.foxfireschools.com/
Foxfire Intermediate School,http://www.foxfireschools.com/
Franklin City School District,http://www.franklincityschools.com/
Franklin Local Community School,http://www.franklinlocalschools.org/schools/flcs/
Franklin Local School District,http://www.franklinlocalschools.org/
Franklin Monroe Local School District,http://www.franklin-monroe.k12.oh.us/
Franklinton Preparatory Academy School District,http://franklintonprep.org/
Frederick Douglass Reclamation Academy,http://magicjohnsonbridgescape.com/locations
Fredericktown Local School District,http://www.fredericktownschools.com/
Fremont City School District,http://www.fremontschools.net/
Frontier Local School District,http://www.flsd.k12.oh.us/
Gahanna-Jefferson City School District,http://gahannaschools.org/
Galion City School District,http://www.galion-city.k12.oh.us/
Gallia County Local School District,http://www.gallialocal.org/
Gallia-Jackson-Vinton School District,NA
Gallipolis City School District,http://www.gallipoliscityschools.k12.oh.us/
Garaway Local School District,http://www.garaway.org/
Garfield Heights City Schools,http://www.garfieldheightscityschools.com/
Geneva Area City School District,http://www.genevaschools.org/
Genoa Area Local School District,http://www.genoaschools.com/
George V. Voinovich Reclamation Academy,http://magicjohnsonbridgescape.com/locations
Georgetown Exempted Village School District,http://www.gtown.k12.oh.us/
Gibsonburg Exempted Village School District,http://www.gibsonburg.k12.oh.us/
Girard City School District,http://girardcityschools.org/
Glass City Academy,http://www.glasscityacademy.org/
Global Ambassadors Language Academy School District,http://www.gala-prek8.org
Global Impact Stem Academy School District,NA
Global Village Academy,http://www.globalvillageacademy.net/
Goal Digital Academy,http://www.goaldigital.org
Goshen Local School District,http://www.goshenlocalschools.org/
Graham Expeditionary Middle School,http://www.gemsschool.org
Graham Local School District,http://www.grahamlocalschools.org/
Graham Primary School School District,http://www.grahamprimary.org
Graham School The,http://www.thegrahamschool.org
Grand Valley Local School District,http://www.grand-valley.k12.oh.us/
Grandview Heights City School District,http://www.ghcsd.org/
Granville Exempted Village School District,http://www.granvilleschools.org/
Great Oaks Institute Of Technology,http://www.greatoaks.com
Great Western Academy,http://imagineschoolsgwa.org/home/
Greater Ohio Virtual School,http://www.mygovs.com
Greater Summit County Early Learning Center,http://scopeacademy.org/
Green Inspiration Academy School District,http://www.greeninspirationacademy.com/
Green Local School District,http://www.green-local.k12.oh.us/
Green Local School District,http://www.green-local.k12.oh.us/
Green Local School District,http://www.green-local.k12.oh.us/
Greene County Jt Voc School District,NA
Greeneview Local School District,http://www.greeneview.k12.oh.us/
Greenfield Exempted Village School District,http://www.greenfieldmcclain.org
Greenon Local School District,http://www.greenon.k12.oh.us/
Greenville City School District,http://www.greenville.k12.oh.us/
Groveport Community School,http://www.imaginegroveport.com
Groveport Madison Local School District,http://www.gocruisers.org/
Hamilton City School District,http://hamiltoncityschools.com/
Hamilton Cnty Math & Science,http://www.hcmsa.net/
Hamilton Local Digital Academy,http://www.hamilton-local.k12.oh.us/alternativeacademy_home.
Hamilton Local School District,http://www.hamilton-local.k12.oh.us/
Hardin Community School School District,NA
Hardin Northern Local School District,http://hn.k12.oh.us/
Hardin-Houston Local School District,http://www.houston.k12.oh.us/
Harrisburg Pike Community School,http://www.harrisburgpikehornets.com/
Harrison Hills City School District,http://www.hhcsd.org/
Harvard Avenue Community School,http://www.performanceacademies.com/ohio-schools/harvard-per
Hbcu Preparatory School 1 School District,http://www.hbcuprepschools.org/
Hbcu Preparatory School 2 School District,http://www.hbcuprepschools.org/
Heath City School District,http://www.heath.k12.oh.us/
Heir Force Community School,http://www.heirforcecs.com/
Hicksville Exempted Village School District,http://www.hicksvilleschools.org
Highland Local School District,http://www.highlandschools.org/
Highland Local School District,http://www.highlandschools.org/
Hilliard City School District,http://www.hilliardschools.org/
Hillsboro City School District,http://www.hillsboro.k12.oh.us/
Hillsdale Local School District,http://www.hillsdale.k12.oh.us/
Holgate Local School District,http://www.holgateschools.org/
Hope Academy For Autism School District,http://hopeacademyforautism.com/
Hope Academy Northcoast,http://the-academies.com/Locations/HOPE-Academy-Northcoast
Hope Academy Northwest Campus,http://the-academies.com/
Hope Learning Academy Of Toledo School District,http://hopelearningacademy.org/
Hopewell-Loudon Local School District,http://www.hopewell-loudon.k12.oh.us/
Horizon Science Academy Cleveland,http://www.hsas.org
Horizon Science Academy Columbus,http://hs.horizoncolumbus.org/
Horizon Science Academy Columbus Middle School,http://ms.horizoncolumbus.org/
Horizon Science Academy Dayton Downtown,http://dt.horizondayton.org/
Horizon Science Academy Dayton High School,http://hs.horizondayton.org/
Horizon Science Academy Denison Elementary School,http://www.denisonelementary.org/
Horizon Science Academy Elementary School,http://es.horizoncolumbus.org/
Horizon Science Academy Lorain,http://www.horizonlorain.org/
Horizon Science Academy Toledo,http://www.horizontoledo.org/
Horizon Science Academy Youngstown,http://www.horizonyoungstown.org/
Horizon Science Academy-Cincinnati,http://www.horizoncincy.org/
Horizon Science Academy-Cleveland Middle School,http://www.hsacms.org/
Horizon Science Academy-Dayton,http://es.horizondayton.org/
Horizon Science Academy-Denison Middle School,http://www.horizondenison.org/
Horizon Science Academy-Springfield,http://www.horizonspringfield.org
Howland Local School District,http://www.howlandschools.com/
Hubbard Exempted Village School District,http://www.hubbard.k12.oh.us/
Huber Heights City School District,http://www.huberheightscityschools.org/
Hudson City School District,http://www.hudson.k12.oh.us/
Huntington Local School District,http://www.huntsmen.org/
Huron City Schools,http://www.huron-city.k12.oh.us/
Ilead Spring Meadows School District,http://www.ileadspringmeadows.org
Imagine Akron Academy,http://www.imagineakronacademy.org
Imagine Columbus Primary School School District,http://www.imaginecolumbusprimaryacademy.com/
Imagine Hill Avenue,http://imaginehillacademy.org
Imagine Leadership Academy School District,http://www.imagineleadershipacademy.org
Imagine Woodbury Academy,http://imaginewoodbury.org/home/
Independence Local School District,http://www.independence.k12.oh.us/
Indian Creek Local School District,http://www.indian-creek.k12.oh.us/
Indian Hill Exempted Village School District,http://indianhillschools.org/
Indian Lake Local School District,http://www.indianlake.k12.oh.us/
Indian Valley Local Schools,http://www.ivschools.org/
Insight School Of Ohio School District,http://oh.insightschools.net/
Interactive Media & Construction (Imac),http://www.mansfieldca.org/imac_home.aspx
Intergenerational School The,http://www.tisonline.org
International Academy Of Columbus,http://www.iac-school.com/
Invictus High School School District,http://www.invictushigh.org/
Ironton City School District,http://tigertown.com/
Istem Geauga Early College High School School District,NA
Jackson Center Local,http://www.jackson-center.k12.oh.us/
Jackson City School District,http://jcs.k12.oh.us/
Jackson Local School District,http://www.jackson.stark.k12.oh.us/
Jackson-Milton Local School District,http://www.jacksonmilton.k12.oh.us/
James A Garfield Local School District,http://garfield.sparcc.org/
Jefferson Area Local School District,http://www.jalsd.org/
Jefferson County School District,http://www.jcjvs.k12.oh.us
Jefferson Local School District,http://www.west-jefferson.k12.oh.us/
Jefferson Township Local School District,http://www.jeffersontwp.k12.oh.us/
Jennings Local School District,http://jennings.noacsc.org/
Johnstown-Monroe Local School District,http://www.johnstown.k12.oh.us/
Jonathan Alder Local School District,http://www.alder.k12.oh.us/
Joseph Badger Local School District,http://www.joseph-badger.k12.oh.us/
Kalida Local School District,http://kalidaschools.org
Kelleys Island Local School District,http://www.kelleys.k12.oh.us/
Kenston Local School District,http://kenstonlocal.org/
Kent City School District,http://www.kentschools.net/
Kenton City School District,http://www.kentoncityschools.org/
Kettering City School District,http://www.ketteringschools.org/
Keystone Local School District,http://keystonelocalschools.org/
King Academy Community School,http://www.kingacademyohio.com/default.html
Kings Local School District,http://www.kingslocal.net/
Kipp: Journey Academy,http://s279381618.onlinehome.us/
Kirtland Local School District,http://www.kirtlandschools.org/
Klepinger Community School,http://imagineklepinger.org/home/
Knox County Joint Vocational School District,http://www.knoxcc.org
L. Hollingworth School For Talented And Gifted,http://www.hollingworthschool.com/
Labrae Local School District,http://labrae.school
Lake Erie College Preparatory School,http://www.icanschools.org/lake-erie-preparatory-school
Lake Erie International High School School District,http://www.lakeeriehigh.org
Lake Local School District,http://www.lakelocal.org/
Lake Local School District,http://www.lakelocal.org/
Lakeland Academy Community School School District,http://www.lakeland-academy.org/index.htm
Lakeshore Intergenerational School,http://www.tisonline.org/lakeshore-intergenerational-school/
Lakeview Local School District,http://www.lakeviewlocal.org/
Lakewood City Academy,http://www.lakewoodcityschools.org/2/Home
Lakewood City School District,http://www.lakewoodcityschools.org/
Lakewood Local School District,http://www.lakewoodlocal.k12.oh.us/
Lakota Local School District,http://www.lakotaonline.com/
Lakota Local School District,http://www.lakotaonline.com/
Lancaster City School District,http://www.lancaster.k12.oh.us/
Lawrence County Academy School District,NA
Lawrence County School District,NA
Lebanon City School District,http://www.lebanonschools.org/
Leetonia Exempted Village School District,http://www.leetonia.k12.oh.us/
Leipsic Local School District,http://llsdk12.org/
Lexington Local School District,http://www.lexington.k12.oh.us/
Liberty Center Local,http://www.libertycenter.k12.oh.us/
Liberty Local School District,http://sites.liberty.k12.oh.us/
Liberty Preparatory School School District,http://libertypreparatoryschool.weebly.com/
Liberty Union-Thurston Local School District,http://www.libertyunion.org
Liberty-Benton Local School District,http://www.liberty-benton.org/
Licking Heights Local School District,http://www.lhschools.org/
Licking Valley Local School District,http://www.edline.net/pages/Licking_Valley_Local_SD
Life Skills Center  Of Canton School District,http://www.lifeskillshs.com/Locations/Ohio/Life-Skills-Cente
Life Skills Center Of Cincinnati,http://www.lifeskillshs.com/Locations/Ohio/Life-Skills-Cente
Life Skills Center Of Columbus North,http://www.lifeskillshs.com/Locations/Ohio/Life-Skills-Cente
Life Skills Center Of Columbus Southeast,http://www.lifeskillshs.com/Locations/Ohio/Life-Skills-Cente
Life Skills Center Of Dayton,http://www.lifeskillshs.com/Locations/Ohio/Life-Skills-Cente
Life Skills Center Of Elyria School District,http://www.lifeskillshs.com/Locations/Ohio/Life-Skills-Cente
Life Skills Center Of North Akron,http://www.lifeskillshs.com/Locations/Ohio/Life-Skills-Cente
Life Skills Center Of Toledo,http://www.lifeskillshs.com/Locations/Ohio/Life-Skills-Cente
Life Skills Center Of Youngstown,http://www.lifeskillshs.com/Locations/Ohio/Life-Skills-Cente
Life Skills High School of Cleveland,http://www.lifeskillshs.com/Locations/Ohio/Life-Skills-Cente
Life Skills Of Northeast Ohio,http://www.lifeskillshs.com/Locations/Ohio/Life-Skills-Cente
Lifelinks Community School,http://www.vwcs.net/schools/lifelinks-community-school/
Lighthouse Community School Inc,http://www.lys.org/services/lighthouse-community-school/
Lima City School District,http://www.limacityschools.org/
Lincoln Park Academy School District,http://the-academies.com/Locations/HOPE-Academy-Lincoln-Park
Lincoln Preparatory Academy School District,http://www.lincolnprepschool.org
Lincolnview Local School District,http://www.lincolnview.k12.oh.us/
Lisbon Exempted Village School District,http://www.lisbon.k12.oh.us/
Little Miami Local School District,http://www.littlemiamischools.com/
Lockland Local School District,http://www.locklandschools.org/
Logan Elm Local School District,http://www.loganelmschools.com/
Logan-Hocking Local School District,http://loganhocking.k12.oh.us/
London Academy,http://www.london.k12.oh.us/london-academy/
London City School District,http://www.london.k12.oh.us/
Lorain City School District,http://www.lorainschools.org/
Lorain County Joint Vocational School District,NA
Lorain K-12 Digital Academy School District,http://www.loraindigitalacademy.com/
Lorain Preparatory Academy School District,http://lorainprep.org/
Lordstown Local School District,http://www.lordstown.k12.oh.us/
Loudonville-Perrysville Exempted Village School District,http://lpschools.k12.oh.us/
Louisville City School District,http://www.leopard.sparcc.org
Loveland City School District,http://www.lovelandschools.org/
Lowellville Local School District,http://www.lowellville.k12.oh.us/
Lucas Local School District,http://www.lucascubs.org/
Lynchburg-Clay Local School District,http://www.lynchclay.k12.oh.us/
Mad River Local School District,http://thunder.madriver.k12.oh.us/
Madeira City School District,http://www.madeiracityschools.org/
Madison Avenue School Of Arts,http://www.madisonavenueschoolofart.com/
Madison Local School District,http://www.madisonmohawks.org/
Madison Local School District,http://www.madisonmohawks.org/
Madison Local School District,http://www.madisonmohawks.org/
Madison-Plains Local School District,http://www.mplsd.org/
Madisonville Smart Elementary School District,http://www.madisonvillesmart.org/
Mahoning County Career & Technical Center,NA
Mahoning County High School,http://www.mahoningcountyhighschool.org
Mahoning Unlimited Classroom,http://mahoningunlimited.org
Mahoning Valley Opportunity Center,NA
Manchester Local School District,http://www.mlsd.us/
Manchester Local School District,http://www.mlsd.us/
Mansfield City School District,http://www.tygerpride.com/
Mansfield Elective Academy,http://www.mansfieldca.org/electiveacademy_home.aspx
Maple Heights City School District,http://www.mapleschools.com/
Mapleton Local School District,http://www.mapleton.k12.oh.us/
Maplewood Career Center,NA
Maplewood Local School District,http://www.maplewood.k12.oh.us/
Margaretta Local School District,http://www.margaretta.k12.oh.us/
Mariemont City School District,http://www.mariemontschools.org/
Marietta City School District,http://www.marietta-city.org/
Marion City Digital Academy,http://www.marioncityschools.org/domain/29
Marion City School District,http://www.marioncityschools.org/
Marion Local School District,http://www.marionlocal.org/
Maritime Academy Of Toledo The,http://www.maritimeacademy.us
Marlington Local School District,http://www.marlingtonlocal.org
Marshall High School School District,http://www.marshallhs.org/
Martins Ferry City School District,http://mfcsd.k12.oh.us/
Marysville Exempted Village School District,http://www.marysville.k12.oh.us/
Mason City School District,http://www.masonohioschools.com
Mason Run High School School District,http://www.masonrunhigh.org/
Massillon City School District,http://www.massillonschools.org/
Massillon Digital Academy Inc,http://www.massillonschools.org/digitalacademy_home.aspx
Mathews Local School District,http://www.mathews.k12.oh.us/
Maumee City School District,http://www.maumee.k12.oh.us/
Mayfield City School District,http://www.mayfieldschools.org/
Maysville Local School District,http://www.maysville.k12.oh.us/
Mccomb Local School District,http://mccomblocalschools.org/
Mcdonald Local School District,http://www.mcdonald.k12.oh.us/
Mechanicsburg Exempted Village School District,http://www.mechanicsburg.k12.oh.us/
Medina City School District,http://www.medinabees.org/
Medina County Joint Vocational School District,http://www.mcjvs.edu
Meigs Local School District,http://www.ml.k12.oh.us/
Menlo Park Academy,http://www.menloparkacademy.com
Mentor Exempted Village School District,http://www.mentorschools.net/
Metro Early College High School,http://www.themetroschool.org
Metro Institute Of Technology School District,http://www.themetroschool.org/schools/mit
Miami East Local School District,http://www.miamieast.k12.oh.us/
Miami Trace Local School District,http://www.miamitrace.k12.oh.us/
Miami Valley Academies,http://www.miamivalleyacademies.com
Miami Valley Career Technical,NA
Miamisburg City School District,http://miamisburgcityschools.org/
Miamisburg Secondary Academy,http://miamisburgsecondaryacademy.org/
Mid-East Career And Technology Centers,http://www.mideastctc.org
Middlebury Academy School District,http://www.middleburyacademy.org
Middletown City School District,http://www.middletowncityschools.com/
Middletown Fitness & Prep Academy,http://www.performanceacademies.com/ohio-schools/middletown/
Midnimo Cross Cultural Community School,http://sites.google.com/a/edsolns.com/educational-solutions
Midview Local School District,http://www.midviewk12.org/
Milford Exempted Village School District,http://www.milfordschools.org/
Millcreek-West Unity Local School District,http://www.hilltop.k12.oh.us/
Millennium Community School,http://www.2kschool.com/
Miller City-New Cleveland Local School District,http://mcncschools.org
Milton-Union Exempted Village School District,http://www.milton-union.k12.oh.us/
Minerva Local School District,http://www.mlsd.sparcc.org/
Minford Local School District,http://www.minford.k12.oh.us/
Minster Local School District,http://www.minsterschools.org
Mississinawa Valley Local School District,http://www.mississinawa.k12.oh.us/
Mogadore Local School District,http://www.mogadore.net/
Mohawk Local School District,http://www.mohawk.k12.oh.us/
Monroe Local School District,http://www.monroelocalschools.com/
Monroeville Local School District,http://www.monroevilleschools.org/
Montpelier Exempted Village School District,http://www.montpelier.k12.oh.us/
Morgan Local School District,http://www.mlsd.k12.oh.us/
Mound Street Health Careers Acadmy,http://www.moundstreet.org
Mound Street It Careers Academy,http://www.moundstreet.org
Mound Street Military Careers Academy,http://www.moundstreet.org
Mount Auburn International Academy,http://www.maia-sabis.net/
Mount Gilead Exempted Village School District,http://www.mgschools.org
Mount Vernon City School District,http://www.mt-vernon.k12.oh.us/
Mt Healthy City,http://www.mthcs.org/
Mt. Healthy Preparatory And Fitness Academy,http://www.performanceacademies.com/ohio-schools/cincinnati/
Napoleon Area City School District,http://www.napoleon.k12.oh.us/
National Trail Local School District,http://www.nationaltrail.k12.oh.us/
Near West Intergenerational School,http://www.nearwestschool.org
Nelsonville-York City School District,http://www.nelsonvilleyork.k12.oh.us/
New Albany-Plain Local School District,http://www.napls.us/
New Boston Local School District,http://www.newboston.k12.oh.us/
New Bremen Local School District,http://www.newbremenschools.org
New Day Academy Boarding & Day School,http://www.newdayacademy.us/
New Knoxville Local School District,http://www.nk.k12.oh.us/
New Lebanon Local School District,http://www.newlebanonschools.org/
New Lexington City School District,http://www.nlpanthers.org/
New London Local School District,http://www.nlschools.org/
New Miami Local School District,http://www.new-miami.k12.oh.us/
New Philadelphia City School District,http://www.npschools.org/
New Richmond Exempted Village School District,http://www.nrschools.org/
New Riegel Local School District,http://www.newriegelschools.org/
Newark City School District,http://www.newarkcity.k12.oh.us/
Newark Digital Academy,http://www.nda.k12.oh.us
Newbridge Math & Reading Preparatory Academy School District,http://www.newbridgelearning.com/
Newbury Local School District,http://www.newburyschools.org/
Newcomerstown Exempted Village School District,http://www.nctschools.org/
Newton Falls Exempted Village School District,http://www.newton-falls.k12.oh.us/
Newton Local School District,http://www.newton.k12.oh.us/
Nexus Academy of Cleveland,http://www.nexusacademyschool.com
Nexus Academy Of Columbus School District,http://www.nexusacademyschool.com/blended-learning/ohio/colu
Nexus Academy Of Toledo School District,http://www.nexusacademyschool.com/blended-learning/ohio/tole
Niles City School District,http://www.nilescityschools.org/
Noble Academy-Cleveland,http://www.noblecleveland.org
Noble Academy-Columbus,http://www.noblecolumbus.org
Noble Local School District,http://www.gozeps.org/
Nordonia Hills City School District,http://www.nordoniaschools.org/
North Baltimore Local School District,http://www.nbls.org/
North Canton City School District,http://www.northcantonschools.org/
North Central Academy-Fremont,http://www.northcentralacademy.org/
North Central Local School District,http://www.ncschool.k12.oh.us/
North College Hill City,http://www.northcollegehill.org/
North Dayton School Of Science & Discovery,http://www.nhaschools.com/schools/northdayton/en/pages/defa
North Fork Local School District,http://www.northfork.k12.oh.us/
North Olmsted City School District,http://www.northolmstedschools.org/
North Ridgeville City School District,http://www.nrcs.net/
North Royalton City School District,http://www.northroyaltonsd.org/
North Union Local School District,http://www.n-union.k12.oh.us/
Northeast Ohio College Preparatory School,http://www.icanschools.org/northeast-ohio-college-preparator
Northeastern Local School District,http://www.northeastern.k12.oh.us/
Northeastern Local School District,http://www.northeastern.k12.oh.us/
Northern Local School District,http://www.nlsd.k12.oh.us/
Northland Preparatory And Fitness Academy,http://www.performanceacademies.com
Northmont City School District,http://www.northmontschools.net
Northmor Local School District,http://www.northmor.k12.oh.us/
Northpointe Academy,http://www.northpointetoledo.com/
Northridge Local School District,http://www.northridge.k12.oh.us/
Northridge Local School District,http://www.northridge.k12.oh.us/
Northwest Local School District,http://www.nwlsd.org/
Northwest Local School District,http://www.nwlsd.org/
Northwest Local School District,http://www.nwlsd.org/
Northwestern Local School District,http://www.northwestern.k12.oh.us/
Northwestern Local School District,http://www.northwestern.k12.oh.us/
Northwood Local Schools,http://www.northwoodschools.org/
Norton City School District,http://www.nortonschools.org
Norwalk City School District,http://www.norwalk-city.k12.oh.us/
Norwayne Local School District,http://www.norwaynelocal.k12.oh.us/
Norwood City School District,http://www.norwoodschools.org/
Norwood Conversion Community School,NA
Oak Hill Union Local School District,http://www.oakhill.k12.oh.us/
Oak Hills Local School District,http://ohlsd.us/
Oakstone Community School,NA
Oakwood City School District,http://www.oakwoodschools.org/
Oberlin City Schools,http://www.oberlinschools.net/
Ohio College Preparatory School School District,http://www.icanschools.org/ohio-college-preparatory-school
Ohio Connections Academy Inc,http://www.connectionsacademy.com
Ohio Construction Academy School District,http://www.ohioconstructionacademy.org
Ohio Hi-Point Career Center,http://ohiohipoint.com/
Ohio School For The Deaf,http://www.ohioschoolforthedeaf.org
Ohio State School For The Blin,NA
Ohio Valley Energy Technology Academy School District,http://www.oveta.net/
Ohio Virtual Academy,http://www.ohva.org
Old Brook High School School District,http://www.oldbrookhigh.org/
Old Fort Local School District,http://www.old-fort.k12.oh.us/
Olentangy Local School District,http://www.olentangy.k12.oh.us/
Olmsted Falls City School District,http://www.ofcs.net/
Ontario Local School District,http://www.ontarioschools.org/
Orange City School District,http://www.orangeschools.org/
Oregon City School District,http://www.oregoncityschools.org/
Orion Academy,http://www.nhaschools.com/schools/orion/en/pages/default.as
Orrville City School District,http://www.orrville.k12.oh.us/
Osnaburg Local School District,http://www.ecweb.sparcc.org
Otsego Local School District,http://www.otsegoknights.org/
Ottawa Hills Local School District,http://www.ohschools.k12.oh.us/
Ottawa-Glandorf Local School District,http://ottawaglandorf.org/
Ottoville Local School District,http://www.ottovilleschools.org/
Painesville City Local School District,http://www.painesville-city.k12.oh.us/
Paint Valley Local School District,http://www.paintvalleylocalschools.org/
Pandora-Gilboa Local School District,http://www.pg.noacsc.org/
Par Excellence Academy,http://www.par-excellence.org/
Parkway Local School District,http://www.parkwayschools.org/
Parma City School District,http://www.parmacityschools.org/
Pathway School Of Discovery,http://www.nhaschools.com/schools/pathway/en/pages/default.
Patrick Henry Local School District,http://www.phpatriots.org/
Patriot Preparatory Academy,http://www.patriotprep.com/pages/Patriot_Preparatory_Academy
Paulding Exempted Village School District,http://www.perrysburg.k12.oh.us/
Penta Career Center,NA
Performance Academy Eastland,http://www.performanceacademies.com/ohio-schools/columbus/ea
Perkins Local School District,http://www.perkinsschools.org/
Perry Local School District,http://www.mycommodores.org
Perry Local School District,http://www.mycommodores.org
Perry Local School District,http://www.mycommodores.org
Perrysburg Exempted Village School District,http://www.perrysburgschools.net/
Pettisville Local School District,http://pettisvilleschools.org/
Phoenix Academy Community School,http://www.phoenixtoledo.org
Phoenix Community Learning Center,http://www.phoenixclc.org/
Pickaway-Ross County Joint Vocational School District,http://www.pickawayross.com
Pickerington Community School School District,http://www.pickerington.k12.oh.us/pickerington-community-sch
Pickerington Local School District,http://www.pickerington.k12.oh.us/
Pike County Area School District,NA
Pike-Delta-York Local School District,http://pdys.org/
Pinnacle Academy,http://www.nhaschools.com/schools/pinnacle/en/pages/default
Pioneer Career & Technology School District,NA
Piqua City School District,http://www.piqua.org/
Plain Local School District,http://www.plainlocal.org
Pleasant Community Digital,NA
Pleasant Local School District,http://www.pleasant.treca.org/
Plymouth-Shiloh Local School District,http://plymouth.schoolwires.com/
Poland Local School District,http://www.polandbulldogs.com/
Polaris School District,http://www.polaris.edu
Polly Fox Academy Community School,http://www.pollyfox.org
Port Clinton City School District,http://www.pccsd.net/
Portage Lakes School District,NA
Portsmouth City School District,http://www.portsmouthtrojans.net/
Preble Shawnee Local School District,http://www.psarrows.com
Premier Academy Of Ohio,http://www.eastbridgeedu.org
Princeton City School District,http://www.princeton.k12.oh.us/
Promise Academy,http://www.promise-academy.com/
Provost Academy Ohio School District,http://oh.provostacademy.com/
Put-In-Bay Local School District,http://www.put-in-bay.k12.oh.us/
Pymatuning Valley Local School District,http://www.pvschools.k12.oh.us/
Quaker Digital Academy,http://www.go2qda.org
Quest Community School,http://www.questcommunityschool.org/
Ravenna City School District,http://www.ravennaschools.us/
REACH Academy,http://reachacademytoledo.com
Reading Community City School District,http://www.readingschools.org/
Regent High School School District,http://www.regenthigh.org/content/educational-program
Renaissance Academy School of Multi-Media Arts,NA
Revere Local School District,http://www.revereschools.org/
Reynoldsburg City School District,http://www.reyn.org/
Richard Allen Academy,http://rad.echalk.com/
Richard Allen Academy Ii,http://rad.echalk.com/
Richard Allen Academy Iii,http://rah.echalk.com/
Richard Allen Preparatory,http://rad.echalk.com/
Richland Academy School Of Excellence,http://www.raschoolofexcellence.com/
Richmond Heights Local School District,http://www.richmondheightsschools.org/
Ridgedale Community School,NA
Ridgedale Local School District,http://www.ridgedale.k12.oh.us/
Ridgemont Local School District,http://www.ridgemont.k12.oh.us/
Ridgewood Local School District,http://www.ridgewood.k12.oh.us/
Ripley-Union-Lewis-Huntington Local School District,http://www.rulh.us
Rise & Shine Academy School District,http://www.riseandshineacad.org/
Rittman Academy,http://rittman.k12.oh.us/academy
Rittman Exempted Village School District,http://rittman.k12.oh.us/
River Gate High School School District,http://www.rivergatehigh.org/
River Valley Local School District,http://www.rivervalley.k12.oh.us/
River View Local School District,http://www.river-view.k12.oh.us/
Riverdale Local School District,http://www.riverdale.k12.oh.us/
Riverside Academy,http://the-academies.com/Locations/Riverside-Academy
Riverside Local School District,http://www.riverside.k12.oh.us
Riverside Local School District,http://www.riverside.k12.oh.us
Road To Success Academy,NA
Rock Hill Local School District,http://www.rockhill.org/
Rocky River City School District,http://www.rrcs.org/
Rolling Hills Local School District,http://www.rollinghills.k12.oh.us/
Rootstown Local School District,http://www.rootstown.sparcc.org/
Ross Local School District,http://www.rossrams.com/
Rossford Exempted Village School District,http://www.rossfordschools.org/
Rushmore Academy,http://www.rushmore.academy/site/default.aspx?PageID=1
Russia Local School District,http://www.russiaschool.org/
Salem City School District,http://salemquakers.k12.oh.us
Sandusky City School District,http://www.sandusky-city.k12.oh.us/
Sandy Valley Local School District,http://www.sandyvalleylocal.org/
Schnee Learning Center,http://www.cfalls.org/school_home.aspx?schoolID=12
Scioto County Career Technical Center,http://www.sciototech.org
Scioto Valley Local School District,http://www.piketon.k12.oh.us/
Sciotoville,http://www.east.k12.oh.us/
Sciotoville Elementary Academy,http://www.sea.k12.oh.us/
Sebring Local School District,http://www.sebring.k12.oh.us/
Seneca East Local School District,http://www.seneca-east.k12.oh.us/
Shadyside Local School District,http://www.shadyside.k12.oh.us/
Shaker Heights City School District,http://www.shaker.org/
Shawnee Local School District,http://limashawnee.com/
Sheffield-Sheffield Lake City School District,http://www.sheffield.k12.oh.us/
Shelby City School District,http://www.shelby-city.k12.oh.us/
Sidney City School District,http://www2.sidney.k12.oh.us/
Solon City School District,http://solonschools.org/
South Central Local School District,http://www.south-central.org
South Euclid-Lyndhurst City School District,http://www.sel.k12.oh.us/
South Point Local School District,http://www.southpoint.k12.oh.us/
South Range Local School District,http://www.southrange.k12.oh.us/
South Scioto Academy,http://www.performanceacademies.com/ohio-schools/columbus/so
South-Western City School District,http://www.swcsd.us/
Southeast Local School District,http://www.southeast.k12.oh.us/
Southeast Local School District,http://www.southeast.k12.oh.us/
Southeastern Local School District,http://www.sepanthers.k12.oh.us/
Southeastern Local School District,http://www.sepanthers.k12.oh.us/
Southern Hills School District,NA
Southern Local School District,http://www.southern.k12.oh.us/
Southern Local School District,http://www.southern.k12.oh.us/
Southern Local School District,http://www.southern.k12.oh.us/
Southern Ohio Academy School District,http://www.scoesc.k12.oh.us/SOA.aspx
Southington Local School District,http://www.southington.k12.oh.us/
Southside Academy,NA
Southwest Licking Local School District,http://www.swl.k12.oh.us/
Southwest Local School District,http://www.southwestschools.org/
Spencerville Local School District,http://www.noacsc.org/
Springboro Community City School District,http://www.springboro.org/
Springfield City School District,http://www.spr.k12.oh.us/
Springfield Local School District,http://www.springfield-schools.org
Springfield Local School District,http://www.springfield-schools.org
Springfield Local School District,http://www.springfield-schools.org
Springfield Preparatory And Fitness Academy,http://www.performanceacademies.com/ohio-schools/springfield
Springfield-Clark County School District,NA
St Bernard-Elmwood Place City School District,http://www.sbepschools.org/
St Clairsville-Richland City School District,http://www.stcschools.com
St Henry Consolidated Local School District,http://www.sthenryschools.org/
St Marys City School District,http://sm.k12.oh.us/
Stambaugh Charter Academy,http://www.nhaschools.com/schools/stambaugh/en/pages/defaul
Star Academy Of Toledo,http://staracademyoftoledo.com/
Stark County Area School District,http://www.rgdrage.org
Steam Academy Of Akron School District,http://www.steamacademyakron.org/
Steam Academy Of Dayton School District,http://steamacademydayton.org/
Steam Academy of Warren,http://www.steamacademywarren.org/
Steam Academy Of Warrensville Heights School District,http://steamwarrensville.org/
Steel Academy,http://www.thesteelacademy.org/
Stepstone Academy School District,http://stepstoneacademy.org/
Steubenville City School District,http://steubenville.k12.oh.us/
Stonebrook Montessori School District,http://stonebrookmontessori.org/
Stow-Munroe Falls City School District,http://www.smfschools.org/
Strasburg-Franklin Local School District,http://www.strasburg.k12.oh.us/
Streetsboro City School District,http://www.streetsboroschools.com/
Strongsville City School District,http://www.strongnet.org/
Struthers City School District,http://strutherscityschools.org/
Stryker Local School District,http://www.stryker.k12.oh.us/
Sullivant Avenue Community School,http://www.imaginesullivant.com/
Summit Academy Cincinnati,http://summitacademies.org/schools/cincinnati-elementary/
Summit Academy Columbus,http://summitacademies.org/schools/columbus-elementary/
Summit Academy Community School - Painesville,http://summitacademies.org/schools/painesville-elementary/
Summit Academy Community School For Alt Learners Of Akron,http://summitacademies.org/schools/akron-elementary/
Summit Academy Community School-Parma,http://summitacademies.org/schools/parma-community/
Summit Academy Community School-Toledo,http://summitacademies.org/schools/toledo-elementary/
Summit Academy Community School-Warren,http://summitacademies.org/schools/warren-elementary/
Summit Academy Dayton,http://summitacademies.org/schools/dayton-elementary/
Summit Academy Middle School - Columbus,http://summitacademies.org/schools/columbus-middle/
Summit Academy Middle School - Lorain,http://summitacademies.org/schools/lorain-middle/
Summit Academy Middle School-Akron,http://summitacademies.org/schools/akron-middle/
Summit Academy Secondary - Akron,http://summitacademies.org/schools/akron-secondary/
Summit Academy Secondary - Canton,http://summitacademies.org/schools/canton-secondary/
Summit Academy Secondary - Lorain,http://summitacademies.org/schools/lorain-secondary/
Summit Academy Secondary - Youngstown,http://summitacademies.org/schools/youngstown-secondary/
Summit Academy Secondary School - Middletown,http://summitacademies.org/schools/middletown-secondary/
Summit Academy Toledo Learning Center,http://summitacademies.org/schools/toledo-secondary/
Summit Academy Transition High School Dayton,http://summitacademies.org/schools/dayton-high/
Summit Academy Transition High School-Cincinnati,http://summitacademies.org/schools/cincinnati-high/
Summit Academy Transition High School-Columbus,http://summitacademies.org/schools/columbus-high/
Summit Academy Warren Middle & Secondary,http://summitacademies.org/schools/warren-middle-secondary/
Summit Academy-Canton,http://summitacademies.org/schools/canton-elementary/
Summit Academy-Lorain,http://summitacademies.org/schools/lorain-elementary/
Summit Academy-Xenia,http://summitacademies.org/schools/xenia-elementary/
Summit Academy-Youngstown,http://summitacademies.org/schools/youngstown-elementary/
Summit Acdy Community School For Alternative Learners Of Middletown,http://summitacademies.org/schools/middletown-community/
Sunbridge Schools School District,http://www.sunbridgeschools.org/
Swanton Local School District,http://www.swantonschools.org/
Switzerland Of Ohio Local School District,http://www.swissohio.k12.oh.us/
Sycamore Community City School District,http://www.sycamoreschools.org/
Sylvania City School District,http://sylvania.k12.oh.us/
Symmes Valley Local School District,http://www.symmesvalley.k12.oh.us/
T.C.P. World Academy,http://www.tcpworldacademy.us/
T2 Honors Academy,http://tsquaredacademy.com/
Talawanda City School District,http://www.talawanda.org/
Tallmadge City School District,http://www.tallmadgeschools.org/
Teays Valley Local School District,http://www.tvsd.us/
Tecumseh Local School District,http://www.tecumseh.k12.oh.us/
The Autism Academy Of Learning,http://www.theautismacademy.org/
The Capella Institute School District,http://capellaohio.com
The Haley School,http://thehaleyschool.com/
Three Rivers Local School District,http://www.threeriversschools.org/
Tiffin City School District,http://www.tiffin.k12.oh.us/
Tipp City Exempted Village School District,http://www.tippcityschools.com/
Toledo City School District,http://www.tps.org/
Toledo Preparatory And Fitness Academy,http://www.performanceacademies.com/ohio-schools/toledo/
Toledo School For The Arts,http://www.ts4arts.org
Toledo SMART Elementary School,http://http:/www.toledosmart.org
Tolles Career & Technical Center,NA
Tomorrow Center,http://www.cardington.k12.oh.us/tcschool/
Toronto City School District,http://www.torontocityschools.k12.oh.us/
Townsend North Community School,http://www.townsendcs.org
Towpath Trail High School School District,http://www.towpathtrailhigh.org/
Treca Digital Academy,http://tdaonline.org
Tri State Early College Stem School School District,NA
Tri-County Career Center,NA
Tri-County North Local School District,http://www.tricounty.oh.schoolwebpages.com/
Tri-Rivers School District,NA
Tri-Valley Local School District,http://www.tri-valley.k12.oh.us/
Tri-Village Local School District,http://www.tri-village.k12.oh.us/
Triad Local School District,http://www.triad.k12.oh.us/
Trimble Local School District,http://trimble.k12.oh.us/
Triway Local School District,http://www.triway.k12.oh.us/
Trotwood Fitness & Prep Academy,http://www.performanceacademies.com/ohio-schools/trotwood/
Trotwood-Madison City School District,http://www.trotwood.k12.oh.us/
Troy City School District,http://www.troy.k12.oh.us/
Trumbull Career & Technical Center,NA
Tuscarawas Valley Local School District,http://www.tvtrojans.org/
Tuslaw Local School District,http://www.tuslaw.sparcc.org/
Twin Valley Community Local School District,http://www.tvs.k12.oh.us/
Twinsburg City School District,http://www.twinsburg.k12.oh.us/
U S Grant School District,NA
Union Local School District,http://ulschools.com/
Union-Scioto Local School District,http://www.unioto.k12.oh.us/
United Local School District,http://www.united.k12.oh.us/
United Preparatory Academy School District,http://www.unitedschoolsnetwork.org/uprep.php
University Academy School District,http://the-academies.com/Locations/HOPE-Academy-University
University of Cleveland Prep,http://icanschools.org/university-of-cleveland-preparatory-s
Upper Arlington City School District,http://www.uaschools.org/
Upper Sandusky Exempted Village School District,http://www.usevs.org/
Upper Scioto Valley Local School District,http://www.usv.k12.oh.us/
Upper Valley School District,http://www.upppervalleycc.org
Urban Early College Network School District,NA
Urbana City School District,http://www.urbana.k12.oh.us/
Urbana Community School,NA
Utica Shale Academy of Ohio,http://www.uticashaleschool.com/
Valley Local School District,http://www.valleyls.org
Valley Stem+Me2 Academy School District,NA
Valley View Local School District,http://www.valleyview.k12.oh.us/
Van Buren Local School District,http://vbschools.net/
Van Wert City School District,http://vwcs.net/
Vandalia-Butler City School District,http://www.vbcsd.com/
Vanguard-Sentinel Career & Technology Centers,http://vscc.k12.oh.us
Vanlue Local School District,http://vanlueschool.org/
Vantage Career Center,NA
Vermilion Local School District,http://www.vermilionschools.org/
Versailles Exempted Village School District,http://hs.versailles.k12.oh.us/
Village Preparatory School,http://www.theprepschools.org/cliffs/
Village Preparatory School Willard School District,http://epvpwillard.org/
Village Preparatory School:: Woodland Hills Campus School District,http://www.theprepschools.org/woodland-hills/
Vinton County Local School District,http://www.vinton.k12.oh.us/
Virtual Community School Of Ohio,http://www.vcslearn.org
Wadsworth City School District,http://www.wadsworth.k12.oh.us/
Walnut Township Local School District,http://www.walnuttsd.org/
Wapakoneta City School District,http://www.wapak.org/
Warren City School District,http://www.warrenschools.k12.oh.us/
Warren County Vocational School,http://www.mywccc.org
Warren Local School District,http://www.warrenlocal.org/
Warrensville Heights City School District,http://www.warrensville.k12.oh.us/
Washington County School District,http://www.thecareercenter.net
Washington Court House City School District,http://www.washingtonch.k12.oh.us/
Washington Local School District,http://www.wls4kids.org/
Washington Park Community,http://wpcsoh.org
Washington-Nile Local School District,http://www.west.k12.oh.us
Waterloo Local School District,http://www.viking.portage.k12.oh.us/
Watkins Academy School District,http://www.watkinsacademyk8.com/
Wauseon Exempted Village School District,http://sites.google.com/a/wauseonindians.org/wevs2/
Waverly City School District,http://www.waverly.k12.oh.us/
Wayne County Joint Vocational School District,http://www.wcscc.org
Wayne Local School District,http://www.wayne-local.com/
Wayne Trace Local School District,http://www.waynetrace.org/
Waynesfield-Goshen Local School District,http://www.wgschools.org/
Weathersfield Local School District,http://www.weathersfield.k12.oh.us/
Wellington Exempted Village School District,http://www.wellington.k12.oh.us/
Wellston City School District,http://wcs.k12.oh.us/
Wellsville Local School District,http://www.wellsville.k12.oh.us/
West Branch Local School District,http://www.westbranch.k12.oh.us/
West Carrollton City School District,http://www.westcarrolltonschools.com/
West Carrollton Secondary Academy School District,NA
West Central Learning Academy Ii,http://wclaohio.org/
West Clermont Local School District,http://www.westcler.k12.oh.us/
West Geauga Local School District,http://www.westg.org/
West Holmes Local School District,http://www.westholmes.k12.oh.us/
West Liberty-Salem Local School District,http://www.wls.k12.oh.us/
West Muskingum Local School District,http://www.westmschools.org
West Park Academy School District,NA
West Preparatory Academy School District,http://www.westacademy.org/
Western Brown Local School District,http://www.wb.k12.oh.us/
Western Local School District,http://www.westernlocalschools.com/
Western Reserve Local School District,http://www.western-reserve.org/
Western Reserve Local School District,http://www.western-reserve.org/
Westerville City School District,http://www.westerville.k12.oh.us/
Westfall Local School District,http://www.westfall.k12.oh.us/
Westlake City School District,http://westlake.k12.oh.us/
Westside Academy,http://westside-academy.com
Westwood Preparatory Academy School District,NA
Wheelersburg Local School District,http://www.burg.k12.oh.us/
Whitehall City School District,http://www.whitehallcityschools.org/
Whitehall Preparatory And Fitness Academy,http://www.performanceacademies.com/ohio-schools/columbus/wh
Wickliffe City School District,http://www.wickliffeschools.org/
Wildwood Environmental Academy,http://www.wildwoodisgreen.com/
Willard City School District,http://www.willard.k12.oh.us/
Williamsburg Local School District,http://burgschools.org/
Willoughby-Eastlake City School District,http://www.weschools.org/
Wilmington City School District,http://www.wilmington.k12.oh.us/
Windham Exempted Village School District,http://www.windham-schools.org/
Winterfield Venture Academy,http://www.nhaschools.com/schools/winterfield/en/pages/defa
Winton Preparatory Academy School District,http://www.wintonprep.org
Winton Woods City School District,http://www.wintonwoods.org/
Wolf Creek Local School District,http://www.wolfcreek.k12.oh.us/
Woodmore Local School District,http://www.woodmore.k12.oh.us/
Woodridge Local School District,http://www.woodridge.k12.oh.us/
Wooster City School District,http://www.woostercityschools.org/
Worthington City School District,http://www.worthington.k12.oh.us/
Wynford Local School District,http://www.wynfordroyals.org
Wyoming City School District,http://www.wyomingcityschools.org/
Xenia Community City School District,http://www.xenia.k12.oh.us/
Yellow Springs Exempted Village School District,http://www.yschools.org/
Youngstown Academy Of Excellence,http://youngstownacademy.org/
Youngstown City Schools,http://www.youngstown.k12.oh.us/
Youngstown Community School,http://www.youngstowncommunityschool.k12.oh.us
Youthbuild Columbus Community,http://www.youthbuildcolumbus.info/
Zane Trace Local School District,http://www.zanetrace.org/
Zanesville City School District,http://www.zanesville.k12.oh.us/
Zanesville Community School,http://www.zanesvillecommunityhighschool.com/
Zenith Academy,http://zenithacademy.squarespace.com/about-zenith
Zenith Academy East,http://zaelions.weebly.com/
Zenith Academy West School District,http://zenithacademy.squarespace.com/zenith-academy-west/
