Addison School District,NA
Albany School District,NA
Alburg School District,NA
Arlington School District,NA
Athens Grafton Contract School District,NA
Bakersfield School District,NA
Barnard School District,NA
Barnet School District,NA
Barre City School District,NA
Barre Town School District,NA
Barstow Unified School District,NA
Barton Incorporated School District,NA
Bellows Falls Union High School District #27,http://bfuhs.org/
Bellows Free Academy Union High School District #48,http://bfa.fcsuvt.org/
Bennington Incorporated School District,NA
Benson School District,NA
Berkshire School District,NA
Berlin School District,NA
Bethel School District,http://www.bethelschools.org/default.htm
Black River Usd #39,http://brhsms.trsu.org/
Blue Mountain Unified School District #21,http://www.bmuschool.org/
Bradford Incorporated School District,NA
Braintree School District,NA
Brattleboro School District,NA
Brattleboro Union High School District #6,http://buhs.wsesu.org/
Bridgewater-Pomfret Joint Contract District,NA
Bridport School District,NA
Brighton School District,NA
Bristol School District,NA
Brookfield School District,NA
Brookline Newfane Joint School Contract,NA
Brookline School District,NA
Brownington School District,NA
Burke School District,NA
Burlington School District,http://bsdweb.bsdvt.org/
Burr & Burton Seminary School District,NA
Cabot School District,NA
Calais School District,NA
Cambridge School District,NA
Canaan School District,NA
Castleton-Hubbardton Unified School District #42,http://chusd.arsu.org/
Cavendish School District,NA
Champlain Valley Union High School District #15,http://www.cvuhs.org/
Charleston School District,NA
Charlotte School District,NA
Chelsea School District,NA
Chester-Andover Unified School District #29,http://caes.trsu.org/
Colchester School District,http://www.csdvt.org/
Concord School District,NA
Corwall School District,NA
Coventry School District,NA
Craftsbury School District,NA
Currier Memorial Unified School District #23,http://brsu.haikulearning.com/brsu/bennington-rutlandsupervisoryunion/cms_page/
Danville School District,NA
Derby School District,NA
Dorset School District,NA
Dover School District,NA
Dummerston School District,NA
Duxbury-Waterbury Union #45,http://www2.wdsdvt.org:8080/
East Montpelier School District,NA
Eden School District,NA
Elmore Morristown Unified School District,http://www.lamoillesouthsu.org/
Enosburgh Town School District,NA
Essex Community Education Center,NA
Essex Junction Incorporated School District,NA
Essex Town School District,http://www.etsd.org/co/
Fair Haven School District,NA
Fair Haven Union High School District #16,http://www.fhuhs.org/
Fairfax School District,NA
Fairfield School District,NA
Fayston School District,NA
Ferrisburg School District,NA
Fletcher School District,NA
Franklin School District,NA
Georgia School District,NA
Glover School District,NA
Grand Isle School District,NA
Green Mountain Union High School District #35,http://gmuhs.trsu.org/
Guilford School District,NA
Halifax School District,NA
Hardwick School District,NA
Hartford School District,http://hsdvt.com/
Hartland School District,NA
Harwood Union High School District #19,http://harwoodunion.com/harwood2013/
Hazen Union High School District #26,http://www.hazen.ossu.org/
Highgate School District,NA
Hinesburg School District,NA
Holland School District,NA
Huntington School District,NA
Hyde Park School District,NA
Irasburg School District,NA
Isle La Motte School District,NA
Jamaica School District,NA
Jay Westfield Joint Elementary School District,NA
Johnson School District,NA
Lake Region Union High School District #24,http://www.lruhs.org/
Lakeview Unified School District #43,http://lakeview.ossu.org/
Lamoille Union High School District #18,http://luhsvt.org/
Leland And Gray Union High School District #34,http://www.lelandandgray.org/
Lincoln School District,NA
Lowell School District,NA
Ludlow School District,NA
Lunenburg School District,NA
Lyndon School District,NA
Manchester School District,NA
Marlboro School District,NA
Middlebury Incorporated School District,NA
Middlebury Union High School District #3,http://www.middlebury.edu/academics/edst/facilities/schools/secondary
Middlesex School District,NA
Middletown Springs School District,NA
Mill River Unified School District,http://www.rssu.org/
Millers Run Unified School District #37,http://millersrun.cnsuschools.org/
Milton Incorporated School District,NA
Missisquoi Valley Union High School District #7,http://www.mvuschool.org/wordpress/
Monkton School District,NA
Montgomery School District,NA
Montpelier School District,NA
Moretown School District,NA
Mount Abraham Union High School District #28,http://www.mtabevt.org/
Mount Anthony Union High School District #14,NA
Mount Holly School District,NA
Mount Mansfield Modified Unified School District #401a,http://cesu.k12.vt.us/modules/cms/pages.phtml?pageid=321726&sessionid=a29cd28cb8
Mount Mansfield Modified Unified School District #401b,http://cesu.k12.vt.us/modules/cms/pages.phtml?pageid=321726&sessionid=a29cd28cb8
Mountain Towns Regional Education District Unified School District #301,http://brsu.haikulearning.com/brsu/bennington-rutlandsupervisoryunion/cms_page/
New Haven School District,NA
Newark School District,NA
Newbury School District,NA
Newfane School District,NA
Newport City School District,NA
Newport Town School District,NA
North Country Junior Union High School District #22,http://ncujhs.ncsuvt.org/
North Country Senior Union High School District #22,http://ncuhs.ncsuvt.org/
North Hero School District,NA
Northfield School District,NA
Norwich School District,NA
Orange School District,NA
Orleans Incorporated School District,NA
Orwell School District,NA
Otter Valley Unified School District,http://ovuhs.rnesu.org/home
Oxbow Union High School District #30,http://www.oxbowhighschool.org/
Patricia Hannaford Career Center School District,http://www.hannafordcareercenter.org/
Peacham School District,http://peachamschool.org
Plymouth School District,NA
Poultney School District,NA
Pownal School District,NA
Proctor School District,NA
Putney School District,NA
Randolph School District,NA
Randolph Union High School District #2,http://orangesouthwest.org/ruhs
Reading School District,NA
Readsboro School District,NA
Richford School District,NA
Ripton School District,NA
Rivendell Interstate School District,http://www.rivendellschool.org/
River Valley Technical Center,http://www.rvtc.org/
Rochester School District,NA
Rockingham School District,NA
Roxbury School District,NA
Royalton School District,NA
Rutland City School District,NA
Rutland Town School District,NA
Saint Albans City School District,NA
Saint Albans Town School District,NA
Saint Johnsbury School District,http://www.stjsd.org/
Salisbury School District,NA
Shaftsbury School District,NA
Sharon School District,NA
Shelburne School District,NA
Sheldon School District,NA
Sherburne Town School District,NA
Shoreham School District,NA
South Burlington School District,http://district.sf.sbschools.net/
South Hero School District,NA
Southwest Vermont Career Development Center,http://www.svcdc.org/
Spaulding Union High School District #41,http://www.shsbtc.org/
Springfield School District,http://www.ssdvt.org/main/
Stamford School District,NA
Starksboro School District,NA
Stockbridge School District,NA
Stowe School District,http://www.stowe.k12.vt.us/
Strafford School District,NA
Sunderland School District,NA
Sutton School District,NA
Swanton School District,NA
Thetford Academy,NA
Thetford School District,NA
Townshend School District,NA
Troy School District,NA
Tunbridge School District,NA
Twinfield Unified School District #33,http://www.washnesu.org/twinfield/
Union High School District #32,http://www.u32.org/
Union School District #47,http://brsu.haikulearning.com/brsu/bennington-rutlandsupervisoryunion/cms_page/
Vergennes Union Elementary School District #44,http://sites.google.com/a/anwsu.org/vergennes-union-elementary-school/
Vergennes Union High School District #5,http://www.vuhs.org/
Vernon School District,NA
Waits River Valley Unified School District #36,http://www.wrvschool.org/
Waitsfield School District,NA
Walden School District,NA
Wardsboro School District,NA
Warren School District,NA
Washington School District,NA
Waterford School District,NA
Waterville School District,NA
Weathersfield School District,NA
Wells School District,NA
West Rutland School District,NA
West Windsor School District,NA
Westford School District,NA
Westminster School District,NA
Weybridge School District,NA
Whitingham Wilmington Joint School District,NA
Williamstown School District,NA
Williston School District,NA
Windham School District,NA
Windsor School District,http://www.windsor.k12.vt.us/whs/
Winooski School District,http://www.wsdschools.org/
Wolcott School District,NA
Woodbury School District,NA
Woodford School District,NA
Woodstock School District,NA
Woodstock Union High School District #4,http://www.wuhsms.org/
Worcester School District,NA
