Aberdeen School District,http://www.asd5.org
Adna School District,http://www.adnaschools.org
Almira School District,http://www.achsd.org/almira.htm
Anacortes School District,http://www.asd103.org
Arlington School District,http://www.asd.wednet.edu
Asotin-Anatone School District,http://www.aasd.wednet.edu
Auburn School District,http://www.auburn.wednet.edu
Bainbridge Island School District,http://www.bisd303.org
Bates Technical College,http://www.bates.ctc.edu
Battle Ground School District,http://www.battlegroundps.org
Bellevue School District,http://www.bsd405.org
Bellingham Public Schools,http://bellinghamschools.org
Benge School District,NA
Bethel School District,http://bethelsd.org
Bickleton School District,http://www.bickleton.wednet.edu
Blaine School District,http://www.blainesd.org
Boistfort School District,http://www.boistfort.k12.wa.us
Bremerton School District,http://www.bremertonschools.org
Brewster School District,http://www.brewster.wednet.edu
Bridgeport School District,http://www.bridgeport.wednet.edu
Brinnon School District,http://www.bsd46.org
Burlington-Edison School District,http://www.be.wednet.edu
Camas School District,http://www.camas.wednet.edu
Cape Flattery School District,http://www.capeflattery.wednet.edu
Capital Region Esd 113,http://esd113.org
Carbonado School District,http://www.carbonado.k12.wa.us
Cascade School District,http://www.Cascade.wednet.edu
Cashmere School District,http://www.cashmere.wednet.edu
Castle Rock School District,http://www.castlerock.wednet.edu
Centerville School District,http://www.centervilleschool.org
Central Kitsap School District,http://www.ckschools.org
Central Valley School District,http://www.cvsd.org
Centralia College,http://www.centralia.edu
Centralia School District,http://www.centralia.k12.wa.us
Chehalis School District,http://www.chehalisschools.org
Cheney School District,http://www.cheneysd.org
Chewelah School District,http://www.chewelah.k12.wa.us
Chief Leschi Schools,http://www.leschischools.org
Chimacum School District,http://www.csd49.org
Clarkston School District,http://www.csdk12.org
Cle Elum-Roslyn School District,http://www.cersd.org
Clover Park School District,http://www.cloverpark.k12.wa.us
Clover Park Technical College,http://www.cptc.edu
Colfax School District,http://www.colfax.k12.wa.us
College Place School District,http://www.cpps.org
Colton School District,http://www.colton.k12.wa.us
Columbia (Stevens) School District,http://www.columbia206.com
Columbia (Walla Walla) School District,http://www.csd400.org
Colville School District,http://colsd.org
Community Colleges Of Spokane,http://www.ccs.spokane.edu/
Concrete School District,http://www.concrete.k12.wa.us
Conway School District,http://www.conway.k12.wa.us
Cosmopolis School District,http://www.cosmopolisschool.com
Coulee-Hartline School District,http://www.achsd.org
Coupeville School District,http://coupeville.k12.wa.us
Crescent School District,http://www.crescentschooldistrict.org
Creston School District,http://www.creston.wednet.edu
Curlew School District,http://www.curlew.wednet.edu
Cusick School District,NA
Damman School District,NA
Darrington School District,http://www.dsd.k12.wa.us/
Davenport School District,http://www.davenport.wednet.edu
Dayton School District,http://www.daytonsd.org
Deer Park School District,http://www.dpsd.org
Dieringer School District,http://www.dieringer.wednet.edu/Domain/4
Dixie School District,http://www.dixiesd.org
East Valley School District (Spokane),http://www.evsd.org
East Valley School District (Yakima),http://www.evsd90.org
Eastmont School District,http://www.eastmont206.org
Easton School District,http://www.easton.wednet.edu
Eatonville School District,http://www.eatonville.wednet.edu
Edmonds School District,http://www.edmonds.wednet.edu
Educational Service District 101,NA
Educational Service District 112,http://www.esd112.org
Educational Service District 123,http://esd123.org/
Ellensburg School District,http://www.eburg.wednet.edu
Elma School District,http://www.eagles.edu
Endicott School District,http://www.sje.wednet.edu/endicott.html
Entiat School District,http://www.entiatschools.org
Enumclaw School District,http://www.enumclaw.wednet.edu
Ephrata School District,http://www.ephrataschools.org
Esa 112,NA
Evaline School District,http://www.evalinesd.k12.wa.us
Everett Community College,http://www.everettcc.edu
Everett School District,http://www.everettsd.org
Evergreen School District (Clark),http://www.evergreenps.org
Evergreen School District (Stevens),http://www.evergreen.k12.wa.us
Excel Public Charter School Lea,http://www.excelwa.org
Federal Way School District,http://www.fwps.org
Ferndale School District,http://www.ferndale.wednet.edu
Fife School District,http://www.fifeschools.com
Finley School District,http://www.finleysd.org
Franklin Pierce School District,NA
Freeman School District,http://www.freemansd.org
Garfield School District,http://www.garpal.wednet.edu
Glenwood School District,http://www.esd112.wednet.edu
Goldendale School District,http://www.GSD404.ORG
Grand Coulee Dam School District,http://www.gcdsd.org
Grandview School District,http://www.gsd200.org
Granger School District,http://www.gsd.wednet.edu
Granite Falls School District,http://www.gfalls.wednet.edu
Grapeview School District,http://www.gsd54.org
Great Northern School District,NA
Green Dot Public Schools Destiny,http://wa.greendot.org
Green Mountain School District,http://www.esd112.wednet.edu
Green River Community College,http://grcc.greenriver.edu
Griffin School District,http://www.griffinschool.us
Harrington School District,http://www.harrsd.k12.wa.us
Highland School District,http://www.highland.wednet.edu
Highline School District,http://Highlineschools.org
Hockinson School District,http://www.hocksd.org
Hood Canal School District,http://www.hoodcanal.wednet.edu
Hoquiam School District,http://www.hoquiam.k12.wa.us
Inchelium School District,NA
Index School District,http://www.aol.com
Issaquah School District,http://www.issaquah.wednet.edu
Kahlotus School District,http://www.kahlotussd.org
Kalama School District,http://www.kalama.k12.wa.us
Keller School District,http://www.keller.k12.wa.us
Kelso School District,http://www.kelso.wednet.edu
Kennewick School District,http://www.ksd.org
Kent School District,http://www.kent.k12.wa.us
Kettle Falls School District,NA
Kiona-Benton City School District,http://www.kibesd.org
Kittitas School District,http://www.kittitas.wednet.edu
Klickitat School District,http://www.klickitat.wednet.edu
La Center School District,http://www.lacenterschools.org
La Conner School District,NA
Lacrosse School District,http://www.lax.wednet.edu
Lake Chelan School District,http://www.chelanschools.org
Lake Quinault School District,http://www.quinault.k12.wa.us
Lake Stevens School District,http://www.lkstevens.wednet.edu
Lake Washington Institute Of Technology,NA
Lake Washington School District,http://www.lwsd.org
Lakewood School District,http://www.lwsd.wednet.edu
Lamont School District,http://www.lamont.wednet.edu
Liberty School District,http://www.liberty.wednet.edu
Lind School District,http://www.lrschools.org
Longview School District,http://www.longview.k12.wa.us
Loon Lake School District,NA
Lopez School District,http://www.lopez.k12.wa.us
Lummi Elementary School,http://www.lummi-k12.org/
Lummi High School,http://www.lummi-k12.org/
Lyle School District,http://www.lyleschools.org
Lynden School District,http://www.lynden.wednet.edu
Mabton School District,http://www.msd120.org
Mansfield School District,http://www.mansfield.wednet.edu
Manson School District,http://www.manson.org
Mary M Knight School District,http://www.marymknight.com
Mary Walker School District,http://www.marywalker.org
Marysville School District,http://www.msd25.org
Mccleary School District,http://www.mccleary.wednet.edu
Mead School District,http://www.mead354.org
Medical Lake School District,http://www.mlsd.org
Mercer Island School District,http://www.misd.k12.wa.us
Meridian School District,http://www.meridian.wednet.edu
Methow Valley School District,http://methow.org/
Mill A School District,http://www.milla.k12.wa.us/
Monroe School District,http://www.monroe.wednet.edu
Montesano School District,http://www.monteschools.org
Morton School District,NA
Moses Lake School District,http://www.moseslakeschools.org
Mossyrock School District,http://www.mossyrockschools.org
Mount Adams School District,http://www.masd209.org
Mount Baker School District,http://www.mtbaker.wednet.edu
Mount Pleasant School District,http://www.mtpleasantschool.org
Mount Vernon School District,http://www.mv.k12.wa.us
Muckleshoot Tribal School,NA
Mukilteo School District,http://www.mukilteo.wednet.edu
Naches Valley School District,http://www.naches.wednet.edu
Napavine School District,http://www.napa.k12.wa.us
Naselle-Grays River Valley School District,http://www.naselle.wednet.edu
Nespelem School District,http://nsdeagles.org
Newport School District,http://www.newport.wednet.edu
Nine Mile Falls School District,http://www.9mile.org
Nooksack Valley School District,http://www.nooksackschools.org
North Beach School District,http://www.northbeach.k12.wa.us
North Franklin School District,http://www.nfsd.org
North Kitsap School District,http://www.nkschools.org
North Mason School District,http://www.nmsd.wednet.edu/
North River School District,http://www.nr.k12.wa.us
North Thurston Public Schools,http://www.nthurston.k12.wa.us
Northport School District,http://www.northportschools.org
Northshore School District,http://www.nsd.org
Oak Harbor School District,http://www.ohsd.net
Oakesdale School District,http://www.gonighthawks.net
Oakville School District,http://www.oaksd.wednet.edu
Ocean Beach School District,http://ocean.k12.wa.us
Ocosta School District,http://www.ocosta.k12.wa.us
Odessa School District,http://www.odessa.wednet.edu
Office Of The Governor (Sch For Blind),http://www.wssb.wa.gov
Okanogan School District,http://www.oksd.wednet.edu
Olympia School District,http://osd.wednet.edu
Omak School District,http://www.omaksd.wednet.edu
Onalaska School District,http://www.onysd.wednet.edu
Onion Creek School District,NA
Orcas Island School District,http://www.orcasislandschools.org
Orchard Prairie School District,http://www.orchardprairie.org
Orient School District,http://www.orientsd.org
Orondo School District,http://www.orondo.wednet.edu
Oroville School District,http://oroville.wednet.edu
Orting School District,http://www.orting.wednet.edu
Othello School District,http://www.othelloschools.org
Palisades School District,http://www.palisades.wednet.edu
Palouse School District,http://www.garpal.wednet.edu
Paschal Sherman Indian School,http://www.psischiefs.org
Pasco School District,http://www.psd1.org
Pateros School District,http://www.pateros.org
Paterson School District,NA
Pe Ell School District,http://www.peell.k12.wa.us
Peninsula School District,http://www.psd401.net
Pioneer School District,http://www.psd402.org
Pomeroy School District,http://www.psd.wedne.edu
Port Angeles School District,http://www.portangelesschools.org
Port Townsend School District,http://www.ptsd50.org
Prescott School District,http://www.prescott.k12.wa.us
PRIDE Prep Charter School District,http://www.prideprepschool.org
Prosser School District,http://www.prosserschools.org
Pullman School District,http://www.psd267.org
Puyallup School District,http://www.puyallup.k12.wa.us
Queets-Clearwater School District,http://www.qcsd.wednet.edu
Quilcene School District,http://www.quilcene.wednet.edu
Quileute Tribal School,http://www.quileutenation.org
Quillayute Valley School District,http://www.forks.wednet.edu
Quincy School District,http://www.qsd.wednet.edu
Rainier Prep Charter School District,http://www.rainierprep.org
Rainier School District,http://www.rainier.wednet.edu
Raymond School District,http://www.raymondschooldistrict.org
Reardan-Edwall School District,http://www.reardan.net
Renton School District,http://www.rentonschools.us
Renton Technical College,http://www.rtc.edu/
Republic School District,http://republic.wednet.edu
Richland School District,http://www.rsd.edu
Ridgefield School District,http://www.ridgefieldsd.org
Ritzville School District,http://lrschools.org
Riverside School District,http://www.riversidesd.org
Riverview School District,http://www.riverview.wednet.edu
Rochester School District,http://www.rochester.wednet.edu
Roosevelt School District,http://www.esd112.wednet.edu
Rosalia School District,http://www.rosaliaschools.org
Royal School District,http://royal.wednet.edu
San Juan Island School District,http://www.sjisd.wednet.edu
Satsop School District,NA
Seattle Central Community College,http://www.sccd.ctc.edu/
Seattle Public Schools,http://www.seattleschools.org
Sedro-Woolley School District,http://www.swsd.k12.wa.us
Selah School District,http://www.selah.k12.wa.us
Selkirk School District,http://www.selkirk.k12.wa.us
Sequim School District,http://www.sequim.k12.wa.us
Shaw Island School District,http://www.shaw.k12.wa.us
Shelton School District,http://www.sheltonschools.org
Shoreline School District,http://www.shorelineschools.org
Skamania School District,NA
Skykomish School District,http://www.skykomish.wednet.edu
Snohomish School District,http://www.sno.wednet.edu
Snoqualmie Valley School District,http://www.svsd410.org
Soap Lake School District,http://www.slschools.org
SOAR Academy Charter District,http://www.soaracademies.org
South Bend School District,NA
South Kitsap School District,http://www.skitsap.wednet.edu
South Seattle Community College (Cc District #6),http://www.southseattle.edu/
South Whidbey School District,http://www.sw.wednet.edu
Southside School District,http://www.southsideschool.org
Spokane International Academy,http://www.spokaneintlacademy.org
Spokane School District,http://www.spokaneschools.org
Sprague School District,http://www.spraguelamont.org
St. John School District,http://www.sje.wednet.edu
Stanwood-Camano School District,http://www.stanwood.wednet.edu
Star School District,http://www.starsd.wednet.edu/
Starbuck School District,http://starbuck.k12.wa.us/wordpress
Stehekin School District,NA
Steilacoom Hist. School District,http://www.steilacoom.k12.wa.us/
Steptoe School District,http://www.steilacoom.k12.wa.us
Stevenson-Carson School District,http://www.scsd.k12.wa.us
Sultan School District,http://www.sultan.k12.wa.us
Summit Public School: Olympus,http://www.summitps.org
Summit Public School: Sierra,http://www.summitps.org
Summit Valley School District,http://www.svalley.k12.wa.us
Sumner School District,http://www.sumnersd.org
Sunnyside School District,http://www.sunnysideschools.org/
Suquamish Tribal Education Department,NA
Tacoma School District,http://www.tacoma.k12.wa.us
Taholah School District,http://www.taholah.org
Tahoma School District,http://www.tahomasd.us
Tekoa School District,http://www.tekoasd.org
Tenino School District,http://www.tenino.k12.wa.us
Thorp School District,http://www.THORP.WEDNET.EDU
Toledo School District,http://www.toledo.k12.wa.us
Tonasket School District,http://www.tonasket.wednet.edu
Toppenish School District,http://www.toppenish.wednet.edu
Touchet School District,http://www.touchet.k12.wa.us
Toutle Lake School District,http://www.toutlesd.k12.wa.us
Trout Lake School District,http://www.troutlake.k12.wa.us
Tukwila School District,http://www.tukwila.wednet.edu
Tumwater School District,http://www.tumwater.k12.wa.us
Union Gap School District,http://www.uniongapschool.org
University Of Washington (17904),NA
University Place School District,http://www.upsd.wednet.edu
Valley School District,http://www.valleysd.org
Vancouver School District,http://www.vansd.org
Vashon Island School District,http://vashonsd.org
Wa He Lut Indian School,NA
Wa State Center For Childhood Deafness And Hearing Loss,NA
Wahkiakum School District,http://wahksd.k12.wa.us
Wahluke School District,http://www.wsd73.wednet.edu
Waitsburg School District,http://www.waitsburgsd.org
Walla Walla Public Schools,http://www.wwps.org
Wapato School District,http://www.wapatosd.org
Warden School District,http://www.warden.wednet.edu
Washington Military Department,http://mil.wa.gov/
Washougal School District,http://www.washougal.k12.wa.us
Washtucna School District,http://www.tucna.wednet.edu
Waterville School District,http://www.waterville.wednet.edu
Wellpinit School District,http://www.wellpinit.wednet.edu
Wenatchee School District,http://www.wsd.wednet.edu
West Valley School District (Spokane),http://www.wvsd.org
West Valley School District (Yakima),http://www.whitepass.k12.wa.us
White Pass School District,http://www.whitepass.k12.wa.us
White River School District,http://www.whiteriver.wednet.edu
White Salmon Valley School District,http://www.wilbur.wednet.edu
Wilbur School District,NA
Willapa Valley School District,http://www.willapa.wednet.edu
Wilson Creek School District,http://www.winlock.wednet.edu
Winlock School District,http://www.wishkah.org
Wishkah Valley School District,http://www.wishkah.org
Wishram School District,http://www.wishramschool.org
Woodland School District,http://www.yakimaschools.org
Yakama Nation Tribal School,NA
Yakima School District,http://www.yakimaschools.org
Yelm School District,http://ycs.wednet.edu
Zillah School District,http://zillahschools.org
