Barbour County Schools,NA
Berkeley County Schools,http://www.berkeleycountyschools.org
Boone County Schools,NA
Braxton County Schools,NA
Brooke County Schools,NA
Cabell County Schools,NA
Calhoun County Schools,NA
Clay County Schools,NA
Doddridge County Schools,NA
Fayette County Schools,NA
Gilmer County Schools,NA
Grant County Schools,NA
Greenbrier County Schools,NA
Hampshire County Schools,NA
Hancock County Schools,NA
Hardy County Schools,NA
Harrison County Schools,NA
Institutional Educational Programs,NA
Jackson County Schools,NA
Jefferson County Schools,http://boe.jeff.k12.wv.us
Kanawha County Schools,NA
Lewis County Schools,NA
Lincoln County Schools,NA
Logan County Schools,NA
Marion County Schools,NA
Marshall County Schools,NA
Mason County Schools,NA
Mcdowell County Schools,NA
Mercer County Schools,NA
Mineral County Schools,NA
Mingo County Schools,NA
Monongalia County Schools,NA
Monroe County Schools,NA
Morgan County Schools,NA
Nicholas County Schools,NA
Ohio County Schools,NA
Pendleton County Schools,NA
Pleasants County Schools,NA
Pocahontas County Schools,NA
Preston County Schools,NA
Putnam County Schools,NA
Raleigh County Schools,NA
Randolph County Schools,NA
Ritchie County Schools,NA
Roane County Schools,NA
Summers County Schools,NA
Taylor County Schools,NA
Tucker County Schools,NA
Tyler County Schools,NA
Upshur County Schools,NA
Wayne County Schools,NA
Webster County Schools,NA
Wetzel County Schools,NA
Wirt County Schools,NA
Wood County Schools,NA
Wv Schools For The Deaf And The Blind,NA
Wyoming County Schools,http://boe.wyom.k12.wv.us/
