21st Century Preparatory School Agency,http://www.21stprepschool.org
Abbotsford School District,http://www.abbotsford.k12.wi.us
Adams-Friendship Area School District,http://www.afasd.net
Albany School District,http://www.albany.k12.wi.us
Algoma School District,http://www.alghs.k12.wi.us
Alma Center School District,http://www.achm.k12.wi.us
Alma School District,http://www.alma.k12.wi.us
Almond-Bancroft School District,http://www.abschools.k12.wi.us
Altoona School District,http://www.altoona.k12.wi.us
Amery School District,http://www.amerysd.k12.wi.us
Antigo Unified School District,http://www.antigo.k12.wi.us
Appleton Area School District,http://www.aasd.k12.wi.us
Arcadia School District,http://www.arcadia.k12.wi.us
Argyle School District,http://www.argyle.k12.wi.us
Arrowhead Uhs School District,http://www.arrowheadschools.org
Ashland School District,http://www.ashland.k12.wi.us
Ashwaubenon School District,http://www.ashwaubenon.k12.wi.us
Athens School District,http://www.athens1.org
Auburndale School District,http://www.aubschools.com
Augusta School District,http://www.augusta.k12.wi.us
Baldwin-Woodville Area School District,http://www.bwsd.k12.wi.us
Bangor School District,http://www.bangor.k12.wi.us
Baraboo School District,http://www.baraboo.k12.wi.us
Barneveld School District,http://www.barneveld.k12.wi.us
Barron Area School District,http://www.barron.k12.wi.us
Bayfield School District,http://bayfield.k12.wi.us
Beaver Dam Unified School District,http://www.beaverdam.k12.wi.us
Beecher-Dunbar-Pembine School District,http://www.pembine.k12.wi.us
Belleville School District,http://www.belleville.k12.wi.us
Belmont Community School District,http://www.belmont.k12.wi.us
Beloit School District,http://www.sdb.k12.wi.us
Beloit Turner School District,http://www.fjturner.k12.wi.us
Benton School District,http://www.benton.k12.wi.us
Berlin Area School District,http://www.berlin.k12.wi.us
Big Foot Uhs School District,http://www.bigfoot.k12.wi.us
Birchwood School District,http://www.birchwood.k12.wi.us
Black Hawk School District,http://www.blackhawk.k12.wi.us
Black River Falls School District,http://www.brf.org
Blair-Taylor School District,http://btsd.k12.wi.us
Bloomer School District,http://www.bloomer.k12.wi.us
Bonduel School District,http://www.bonduel.k12.wi.us
Boscobel Area School District,http://www.boscobel.k12.wi.us
Bowler School District,http://www.bowler.k12.wi.us
Boyceville Community School District,http://www.boyceville.k12.wi.us
Brighton #1 School District,http://www.brighton.k12.wi.us
Brillion School District,http://www.brillion.k12.wi.us
Bristol #1 School District,http://www.bristol.k12.wi.us
Brodhead School District,http://www.brodhead.k12.wi.us
Brown County Cdeb School District,http://www.syblehopp.org
Brown Deer School District,http://www.browndeerschools.com
Bruce Guadalupe Agency,NA
Bruce School District,http://www.bruce.k12.wi.us
Burlington Area School District,http://www.basd.k12.wi.us
Butternut School District,http://www.butternut.k12.wi.us
Cadott Community School District,http://www.cadott.k12.wi.us
Cambria-Friesland School District,http://www.cf.k12.wi.us
Cambridge School District,http://www.cambridge.k12.wi.us
Cameron School District,http://www.cameron.k12.wi.us
Campbellsport School District,http://www.csd.k12.wi.us
Capitol West Academy Agency,http://www.cwacademy.org
Cashton School District,http://www.cashton.k12.wi.us
Cassville School District,http://www.cassvillesd.k12.wi.us
Cedar Grove-Belgium Area School District,http://www.cedargrovebelgium.k12.wi.us
Cedarburg School District,http://www.cedarburg.k12.wi.us
Central City Cyberschool Agency,http://www.cyberschool-milwaukee.org
Central-Westosha Uhs School District,http://www.westosha.k12.wi.us
Chequamegon School District,http://csdk12.net
Chetek-Weyerhaeuser Area School District,http://www.cwasd.k12.wi.us
Chilton School District,http://www.chilton.k12.wi.us
Chippewa Falls Area Unified School District,http://cfsd.chipfalls.k12.wi.us
Clayton School District,http://www.claytonsd.k12.wi.us
Clear Lake School District,http://www.clwarriors.org
Clinton Community School District,http://www.clinton.k12.wi.us
Clintonville School District,http://www.clintonville.k12.wi.us
Cochrane-Fountain City School District,http://www.cfc.k12.wi.us
Colby School District,http://www.colby.k12.wi.us
Coleman School District,http://www.coleman.k12.wi.us
Colfax School District,http://www.colfax.k12.wi.us
Columbus School District,http://www.columbus.k12.wi.us
Cornell School District,http://www.cornell.k12.wi.us
Crandon School District,http://www.crandon.k12.wi.us
Crivitz School District,http://www.crivitz.k12.wi.us
Cuba City School District,http://www.cubacity.us
Cudahy School District,http://www.cudahy.k12.wi.us
Cumberland School District,http://www.cumberland.k12.wi.us
D C Everest Area School District,http://www.dce.k12.wi.us
Darlington Community School District,http://www.darlington.k12.wi.us
De Forest Area School District,http://www.deforest.k12.wi.us
De Pere School District,http://www.depere.k12.wi.us
De Soto Area School District,http://www.desoto.k12.wi.us
Deerfield Community School District,http://www.deerfield.k12.wi.us
Delavan-Darien School District,http://www.ddschools.org
Denmark School District,http://www.denmark.k12.wi.us
Dlh Academy Agency,http://www.dlhacademy.org
Dodgeland School District,http://www.dodgeland.k12.wi.us
Dodgeville School District,http://www.dsd.k12.wi.us
Dover #1 School District,http://www.kansasvillegradeschool.weebly.com
Downtown Montessori Agency,http://downtownmontessori.com
Drummond Area School District,http://www.dasdk12.net
Durand School District,http://www.durand.k12.wi.us
East Troy Community School District,http://www.easttroy.k12.wi.us
Eau Claire Area School District,http://www.ecasd.us
Edgar School District,http://www.edgar.k12.wi.us
Edgerton School District,http://www.edgerton.k12.wi.us
Elcho School District,http://www.elcho.k12.wi.us
Eleva-Strum School District,http://www.esschools.k12.wi.us
Elk Mound Area School District,http://www.elkmound.k12.wi.us
Elkhart Lake-Glenbeulah School District,http://www.elgs.k12.wi.us
Elkhorn Area School District,http://www.elkhorn.k12.wi.us
Ellsworth Community School District,http://www.ellsworth.k12.wi.us
Elmbrook School District,http://www.elmbrookschools.org
Elmwood School District,http://www.elmwood.k12.wi.us
Erin School District,http://www.erinschool.org
Escuela Verde,http://www.escuelaverde.org
Evansville Community School District,http://www.evansville.k12.wi.us
Fall Creek School District,http://www.fallcreek.k12.wi.us
Fall River School District,http://www.fallriver.k12.wi.us
Fennimore Community School District,http://www.fennimore.k12.wi.us
Flambeau School District,http://www.flambeau.k12.wi.us
Florence County School District,http://www.florence.k12.wi.us
Fond Du Lac School District,http://www.fonddulac.k12.wi.us
Fontana J8 School District,http://www.fontana.k12.wi.us
Fort Atkinson School District,http://www.fortschools.org
Fox Point J2 School District,http://www.foxbay.org
Franklin Public School District,http://www.franklin.k12.wi.us
Frederic School District,http://www.frederic.k12.wi.us
Freedom Area School District,http://www.freedomschools.k12.wi.us
Friess Lake School District,http://www.friesslakeschool.org
Galesville-Ettrick-Trempealeau School District,http://www.getsd.org
Geneva J4 School District,http://www.woodsschool.com
Genoa City J2 School District,http://www.genoacityschools.org
Germantown School District,http://www.germantownschools.org
Gibraltar Area School District,http://www.gibraltar.k12.wi.us
Gillett School District,http://www.gillett.k12.wi.us
Gilman School District,http://www.gilman.k12.wi.us
Gilmanton School District,http://www.ghs.k12.wi.us
Glendale-River Hills School District,http://www.glendale.k12.wi.us
Glenwood City School District,http://www.gcsd.k12.wi.us
Goodman-Armstrong Creek School District,http://www.goodman.k12.wi.us
Grafton School District,http://www.grafton.k12.wi.us
Granton Area School District,http://www.granton.k12.wi.us
Grantsburg School District,http://www.gk12.net
Green Bay Area Public School District,http://www.gbaps.org
Green Lake School District,http://www.glsd.k12.wi.us
Greendale School District,http://www.greendale.k12.wi.us
Greenfield School District,http://www.greenfield.k12.wi.us
Greenwood School District,http://www.greenwood.k12.wi.us
Gresham School District,http://www.gresham.k12.wi.us
Hamilton School District,http://www.hamilton.k12.wi.us
Hartford J1 School District,http://www.hartfordjt1.k12.wi.us
Hartford Uhs School District,http://www.huhs.org
Hartland-Lakeside J3 School District,http://www.hartlake.org
Hayward Community School District,http://www.hayward.k12.wi.us
Herman-Neosho-Rubicon,http://www.hnrschools.org
Highland School District,http://www.highland.k12.wi.us
Hilbert School District,http://www.hilbert.k12.wi.us
Hillsboro School District,http://www.hillsboro.k12.wi.us
Holmen School District,http://www.holmen.k12.wi.us
Horicon School District,http://www.horicon.k12.wi.us
Hortonville Area School District,http://www.hasd.org
Howard-Suamico School District,http://www.hssd.k12.wi.us
Howards Grove School District,http://www.hgsd.k12.wi.us
Hudson School District,http://www.hudson.k12.wi.us
Hurley School District,http://www.hurley.k12.wi.us
Hustisford School District,http://www.hustisford.k12.wi.us
Independence School District,http://www.indps.k12.wi.us
Iola-Scandinavia School District,http://www.iola.k12.wi.us
Iowa-Grant School District,http://www.igs.k12.wi.us
Ithaca School District,http://www.ithaca.k12.wi.us
Janesville School District,http://www.janesville.k12.wi.us
Jefferson School District,http://www.sdoj.org
Johnson Creek School District,http://www.johnsoncreek.k12.wi.us
Juda School District,http://www.judaschool.com
Kaukauna Area School District,http://www.kaukauna.k12.wi.us
Kenosha School District,http://www.kusd.edu
Kettle Moraine School District,http://www.kmsd.edu
Kewaskum School District,http://www.kewaskumschools.org
Kewaunee School District,http://www.kewaunee.k12.wi.us
Kickapoo Area School District,http://www.kickapoo.k12.wi.us
Kiel Area School District,http://www.kiel.k12.wi.us
Kimberly Area School District,http://www.kimberly.k12.wi.us
Kohler School District,http://www.kohlerpublicschools.org
La Casa de Esperanza Charter School Agency,http://www.lacasadeesperanza.org
La Crosse School District,http://www.lacrosseschools.org
La Farge School District,http://www.lafarge.k12.wi.us
Lac Courte Oreilles Ojibwa School,NA
Lac Du Flambeau #1 School District,http://www.ldf.k12.wi.us
Ladysmith School District,http://www.ladysmith.k12.wi.us
Lake Country School District,http://www.mylakecountryschool.org
Lake Geneva J1 School District,http://lakegenevaschools.com
Lake Geneva-Genoa City Uhs School District,http://lakegenevaschools.com
Lake Holcombe School District,http://www.lakeholcombe.k12.wi.us
Lake Mills Area School District,http://www.lakemills.k12.wi.us
Lakeland Uhs School District,http://www.luhs.k12.wi.us
Lancaster Community School District,http://www.lancastersd.k12.wi.us
Laona School District,http://www.laona.k12.wi.us
Lena School District,http://www.lena.k12.wi.us
Linn J4 School District,http://www.traverschool.org
Linn J6 School District,http://www.linn6.k12.wi.us
Little Chute Area School District,http://www.littlechute.k12.wi.us
Lodi School District,http://www.lodi.k12.wi.us
Lomira School District,http://www.lomira.k12.wi.us
Loyal School District,http://www.loyal.k12.wi.us
Luck School District,http://www.lucksd.k12.wi.us
Luxemburg-Casco School District,http://www.luxcasco.k12.wi.us
Madison Metropolitan School District,http://www.madison.k12.wi.us
Manawa School District,http://www.manawaschools.org
Manitowoc School District,http://www.manitowocpublicschools.org
Maple Dale-Indian Hill School District,http://www.mapledale.k12.wi.us
Maple School District,http://www.nw-tigers.org
Marathon City School District,http://www.marathon.k12.wi.us
Marinette School District,http://www.marinette.k12.wi.us
Marion School District,http://www.marion.k12.wi.us
Markesan School District,http://www.markesan.k12.wi.us
Marshall School District,http://www.marshall.k12.wi.us
Marshfield Unified School District,http://www.marshfieldschools.org
Mauston School District,http://www.maustonschools.org
Mayville School District,http://www.mayvilleschools.com
Mcfarland School District,http://www.mcfarland.k12.wi.us
Medford Area Public School District,http://www.medford.k12.wi.us
Mellen School District,http://www.mellendiggers.org
Melrose-Mindoro School District,http://www.mel-min.k12.wi.us
Menasha Joint School District,http://www.mjsd.k12.wi.us
Menominee Indian School District,http://www.misd.k12.wi.us
Menominee Tribal School,NA
Menomonee Falls School District,http://www.sdmfschools.org
Menomonie Area School District,http://sdmaonline.com
Mequon-Thiensville School District,http://www.mtsd.k12.wi.us
Mercer School District,http://www.mercer.k12.wi.us
Merrill Area School District,http://www.maps.k12.wi.us
Merton Community School District,http://www.merton.k12.wi.us
Middleton-Cross Plains Area School District,http://www.mcpasd.k12.wi.us
Milton School District,http://www.milton.k12.wi.us
Milwaukee Academy Of Science Agency,http://www.milwaukeeacademyofscience.org
Milwaukee College Preparatory School -- 36th Street Agency,http://www.milwcollegeprep.com
Milwaukee Collegiate Academy Agency,http://www.milwaukeecollegiateacademy.org
Milwaukee Math and Science Academy,http://www.mmsacademy.org
Milwaukee Scholars Charter School,http://milwaukeescholarscharterschool.org
Milwaukee School District,http://www.milwaukee.k12.wi.us
Mineral Point Unified School District,http://www.mp.k12.wi.us
Minocqua J1 School District,http://www.mhlt.org
Mishicot School District,http://www.mishicot.k12.wi.us
Mondovi School District,http://www.mondovi.k12.wi.us
Monona Grove School District,http://www.mononagrove.org
Monroe School District,http://www.monroeschools.com
Montello School District,http://www.montelloschools.org
Monticello School District,http://www.monticello.k12.wi.us
Mosinee School District,http://www.mosineeschools.org
Mount Horeb Area School District,http://www.mhasd.k12.wi.us
Mukwonago School District,http://www.masd.k12.wi.us
Muskego-Norway School District,http://www.muskegonorway.org
Necedah Area School District,http://www.necedahschools.org
Neenah Joint School District,http://www.neenah.k12.wi.us
Neillsville School District,http://www.neillsville.k12.wi.us
Nekoosa School District,http://www.nekoosasd.net
New Auburn School District,http://www.newauburn.k12.wi.us
New Berlin School District,http://www.nbexcellence.org
New Glarus School District,http://www.ngsd.k12.wi.us
New Holstein School District,http://www.nhsd.k12.wi.us
New Lisbon School District,http://www.newlisbon.k12.wi.us
New London School District,http://www.newlondon.k12.wi.us
New Richmond School District,http://www.newrichmond.k12.wi.us
Niagara School District,http://www.niagara.k12.wi.us
Nicolet Uhs School District,http://www.nicolet.us
Norris School District,http://www.norrisschool.org
North Cape School District,http://northcape.k12.wi.us
North Crawford School District,http://ncrawford.k12.wi.us
North Fond Du Lac School District,http://www.nfdlschools.org
North Lake School District,http://www.northlakeschool.org
North Lakeland School District,http://www.nles.us
Northern Ozaukee School District,http://www.nosd.edu
Northland Pines School District,http://www.npsd.k12.wi.us
Northwood School District,http://northwood.k12.wi.us
Norwalk-Ontario-Wilton School District,http://www.now.k12.wi.us
Norway J7 School District,http://www.droughtschool.net
Oak Creek-Franklin Joint School District,http://www.ocfsd.org
Oakfield School District,http://www.oakfield.k12.wi.us
Oconomowoc Area School District,http://www.oasd.org
Oconto Falls Public School District,http://www.ocontofalls.k12.wi.us
Oconto Unified School District,http://www.oconto.k12.wi.us
Omro School District,http://www.omro.k12.wi.us
Onalaska School District,http://www.onalaskaschools.com
Oneida Nation School,NA
Oostburg School District,http://www.oostburg.k12.wi.us
Oregon School District,http://www.oregonsd.org
Osceola School District,http://www.osceola.k12.wi.us
Oshkosh Area School District,http://www.oshkosh.k12.wi.us
Osseo-Fairchild School District,http://www.ofsd.k12.wi.us
Owen-Withee School District,http://www.owen-withee.k12.wi.us
Palmyra-Eagle Area School District,http://www.peasd.org
Pardeeville Area School District,http://www.pardeeville.k12.wi.us
Paris J1 School District,http://www.paris.k12.wi.us
Parkview School District,http://www.parkview.k12.wi.us
Pecatonica Area School District,http://www.pecatonica.k12.wi.us
Pepin Area School District,http://www.pepin.k12.wi.us
Peshtigo School District,http://www.peshtigo.k12.wi.us
Pewaukee School District,http://pewaukee.schoolwires.net
Phelps School District,http://www.phelps.k12.wi.us
Phillips School District,http://www.phillips.k12.wi.us
Pittsville School District,http://www.pittsville.k12.wi.us
Platteville School District,http://www.platteville.k12.wi.us
Plum City School District,http://www.plumcity.k12.wi.us
Plymouth Joint School District,http://www.plymouth.k12.wi.us
Port Edwards School District,http://www.pesd.k12.wi.us
Port Washington-Saukville School District,http://www.pwssd.k12.wi.us
Portage Community School District,http://www.portage.k12.wi.us
Potosi School District,http://www.potosisd.k12.wi.us
Poynette School District,http://www.poynette.k12.wi.us
Prairie Du Chien Area School District,http://www.pdc.k12.wi.us
Prairie Farm Public School District,http://www.prairiefarm.k12.wi.us
Prentice School District,http://www.prentice.k12.wi.us
Prescott School District,http://www.prescott.k12.wi.us
Princeton School District,http://www.princeton.k12.wi.us
Pulaski Community School District,http://www.pulaskischools.org
Racine Unified School District,http://www.rusd.org
Randall J1 School District,http://www.randall.k12.wi.us
Randolph School District,http://www.rsdwi.org
Random Lake School District,http://www.randomlake.k12.wi.us
Raymond #14 School District,http://www.raymond.k12.wi.us
Reedsburg School District,http://www.rsd.k12.wi.us
Reedsville School District,http://www.reedsville.k12.wi.us
Rhinelander School District,http://www.rhinelander.k12.wi.us
Rib Lake School District,http://www.riblake.k12.wi.us
Rice Lake Area School District,http://www.ricelake.k12.wi.us
Richfield J1 School District,http://www.richfield.k12.wi.us
Richland School District,http://www.richland.k12.wi.us
Richmond School District,http://www.richmond.k12.wi.us
Rio Community School District,http://www.rio.k12.wi.us
Ripon Area School District,http://www.ripon.k12.wi.us
River Falls School District,http://www.rfsd.k12.wi.us
River Ridge School District,http://www.rrsd.k12.wi.us
River Valley School District,http://www.rvschools.org
Riverdale School District,http://www.riverdale.k12.wi.us
Rocketship Southside Community Prep Agency,http://www.rsed.org
Rosendale-Brandon School District,http://www.rbsd.k12.wi.us
Rosholt School District,http://www.rosholt.k12.wi.us
Royall School District,http://www.royall.k12.wi.us
Saint Croix Central School District,http://www.scc.k12.wi.us
Saint Croix Falls School District,http://www.scf.k12.wi.us
Saint Francis School District,http://www.stfrancisschools.org
Salem School District,http://www.salem.k12.wi.us
Sauk Prairie School District,http://www.saukprairieschools.org
School For Early Development And Achievement (Seda) Agency,http://www.mcfi.net
Seeds Of Health Elementary Program Agency,http://www.seedsofhealth.org/windlake
Seeds of Health Inc Agency,http://www.seedsofhealth.org
Seneca School District,http://www.seneca.k12.wi.us
Sevastopol School District,http://www.sevastopol.k12.wi.us
Seymour Community School District,http://www.seymour.k12.wi.us
Sharon J11 School District,http://www.sharon.k12.wi.us
Shawano School District,http://www.shawanoschools.com
Sheboygan Area School District,http://www.sheboygan.k12.wi.us
Sheboygan Falls School District,http://www.sheboyganfalls.k12.wi.us
Shell Lake School District,http://www.shelllake.k12.wi.us
Shiocton School District,http://www.shiocton.k12.wi.us
Shorewood School District,http://www.shorewoodschools.org
Shullsburg School District,http://www.shullsburg.k12.wi.us
Silver Lake J1 School District,http://www.silverlakejt1.k12.wi.us
Siren School District,http://www.siren.k12.wi.us
Slinger School District,http://www.slinger.k12.wi.us
Solon Springs School District,http://www.solonk12.net
Somerset School District,http://www.somerset.k12.wi.us
South Milwaukee School District,http://www.sdsm.k12.wi.us
South Shore School District,http://www.sshore.k12.wi.us
Southern Door County School District,http://www.southerndoor.k12.wi.us
Southwestern Wisconsin School District,http://www.swsd.k12.wi.us
Sparta Area School District,http://www.spartan.org
Spencer School District,http://www.spencer.k12.wi.us
Spooner Area School District,http://www.spooner.k12.wi.us
Spring Valley School District,http://www.springvalley.k12.wi.us
Stanley-Boyd Area School District,http://www.stanleyboyd.k12.wi.us
Stellar Collegiate Charter School Agency,http://www.stellarcollegiate.org
Stevens Point Area Public School District,http://www.pointschools.net
Stockbridge School District,http://www.stockbridge.k12.wi.us
Stone Bank School District,http://www.stonebank.k12.wi.us
Stoughton Area School District,http://www.stoughton.k12.wi.us
Stratford School District,http://www.stratford.k12.wi.us
Sturgeon Bay School District,http://www.sturbay.k12.wi.us
Sun Prairie Area School District,http://www.spasd.k12.wi.us
Superior School District,http://www.superior.k12.wi.us
Suring Public School District,http://www.suring.k12.wi.us
Swallow School District,http://www.swallowschool.org
Thorp School District,http://www.thorp.k12.wi.us
Three Lakes School District,http://www.threelakessd.k12.wi.us
Tigerton School District,http://www.tigerton.k12.wi.us
Tomah Area School District,http://www.tomah.k12.wi.us
Tomahawk School District,http://www.tomahawk.k12.wi.us
Tomorrow River School District,http://www.amherst.k12.wi.us
Trevor-Wilmot Consolidated School District,http://www.trevorwilmotschool.net
Tri-County Area School District,http://www.tricounty.k12.wi.us
Turtle Lake School District,http://www.turtlelake.k12.wi.us
Twin Lakes #4 School District,http://www.twinlakes.k12.wi.us
Two Rivers Public School District,http://www.trschools.k12.wi.us
Union Grove J1 School District,http://www.uges.k12.wi.us
Union Grove Uhs School District,http://www.ug.k12.wi.us
United Community Center Acosta Middle School Agency,http://www.unitedcc.org
Unity School District,http://www.unity.k12.wi.us
Valders Area School District,http://www.valders.k12.wi.us
Veritas High Agency,http://www.seedsofhealth.org/veritas
Verona Area School District,http://www.verona.k12.wi.us
Viroqua Area School District,http://www.viroqua.k12.wi.us
Wabeno Area School District,http://www.wabeno.k12.wi.us
Walworth County Cdeb School District,http://www.co.walworth.wi.us
Walworth J1 School District,http://www.walworth.k12.wi.us
Washburn School District,http://www.washburn.k12.wi.us
Washington School District,http://www.island.k12.wi.us
Washington-Caldwell School District,http://www.washcald.com
Waterford Graded J1 School District,http://www.waterford.k12.wi.us
Waterford Uhs School District,http://www.waterforduhs.k12.wi.us
Waterloo School District,http://www.waterloo.k12.wi.us
Watertown Unified School District,http://www.watertown.k12.wi.us
Waukesha School District,http://www.waukesha.k12.wi.us
Waunakee Community School District,http://www.waunakee.k12.wi.us
Waupaca School District,http://www.waupaca.k12.wi.us
Waupun School District,http://www.waupun.k12.wi.us
Wausau School District,http://www.wausauschools.org
Wausaukee School District,http://www.wausaukee.k12.wi.us
Wautoma Area School District,http://www.wautomasd.org
Wauwatosa School District,http://www.wauwatosa.k12.wi.us
Wauzeka-Steuben School District,http://www.wauzeka.k12.wi.us
Webster School District,http://www.webster.k12.wi.us
West Allis-West Milwaukee School District,http://www.wawmsd.org
West Bend School District,http://www.west-bend.k12.wi.us
West De Pere School District,http://www.wdpsd.com
West Salem School District,http://www.wsalem.k12.wi.us
Westby Area School District,http://www.westby.k12.wi.us
Westfield School District,http://www.westfield.k12.wi.us
Weston School District,http://www.weston.k12.wi.us
Weyauwega-Fremont School District,http://www.wegafremont.k12.wi.us
Wheatland J1 School District,http://www.wheatland.k12.wi.us
White Lake School District,http://www.whitelake.k12.wi.us
Whitefish Bay School District,http://www.wfbschools.com
Whitehall School District,http://www.whitehallsd.k12.wi.us
Whitewater Unified School District,http://www.wwusd.org
Whitnall School District,http://www.whitnall.com
Wild Rose School District,http://www.wildroseschools.org
Williams Bay School District,http://www.williamsbayschools.org
Wilmot Uhs School District,http://www.wilmothighschool.com
Winneconne Community School District,http://www.winneconne.k12.wi.us
Winter School District,http://winter.k12.wi.us
Wisconsin Dells School District,http://www.sdwd.k12.wi.us
Wisconsin Department Of Corrections,NA
Wisconsin Department Of Health Services,NA
Wisconsin Dept Of Public Instruction School District,http://dpi.wi.gov
Wisconsin Heights School District,http://www.wisheights.k12.wi.us
Wisconsin Rapids School District,http://www.wrps.org
Wittenberg-Birnamwood School District,http://www.wittbirn.k12.wi.us
Wonewoc-Union Center School District,http://www.wc.k12.wi.us
Woodlands School Agency,http://www.woodlands-school.org
Woodlands School East Agency,http://www.woodlands-school.org
Woodruff J1 School District,http://www.avwschool.org
Wrightstown Community School District,http://www.wrightstown.k12.wi.us
Yorkville J2 School District,http://www.yorkville.k12.wi.us
