Abc Unified School District,http://www.abcusd.k12.ca.us
Acalanes Union High School District,http://www.acalanes.k12.ca.us
Ackerman Charter School District,http://www.bowmancharter.org
Acton-Agua Dulce Unified School District,http://www.aadusd.k12.ca.us
Adelanto Elementary School District,http://www.aesd.net
Alameda County Office of Education,http://www.acoe.org
Alameda Unified School District,http://www.alameda.k12.ca.us
Albany City Unified School District,http://www.ausdk12.org
Alexander Valley Union Elementary School District,http://www.alexandervalleyusd.org
Alhambra Unified School District,http://www.ausd.us
Alisal Union School District,http://www.alisal.org
Allensworth Elementary School District,http://www.tcoe.org/districts/allensworth.shtm
Alpaugh Unified School District,http://www.tcoe.org/districts/alpaugh.shtm
Alpine County Office Of Education School District,http://www.alpinecoe.k12.ca.us
Alpine County Unified School District,http://www.alpinecoe.k12.ca.us
Alpine Union Elementary School District,http://www.alpineschools.net
Alta Loma Elementary School District,http://www.alsd.k12.ca.us
Alta Vista Elementary School District,http://www.alta-vista.k12.ca.us
Alta-Dutch Flat Union Elementary School District,http://www.alta.k12.ca.us
Alum Rock Union Elementary School District,http://www.arusd.org
Alview-Dairyland Union Elementary School District,http://www.adusd.k12.ca.us
Alvina Elementary School District,NA
Alvord Unified School District,http://www.alvord.k12.ca.us
Amador County Office Of Education School District,http://www.amadorcoe.org/
Amador County Rop School District,NA
Amador County Unified School District,http://www.amadorcoe.org
Anaheim Elementary School District,http://www.acsd.k12.ca.us
Anaheim Union High School District,http://www.auhsd.us
Anderson Union High School District,http://www.auhsd.net
Anderson Valley Unified School District,http://www.avusd.k12.ca.us
Antelope Elementary School District,http://aesd-ca.schoolloop.com
Antelope Valley Rop School District,http://www.avrop.avhsd.org
Antelope Valley Union High School District,http://www.avdistrict.org
Antioch Unified School District,http://www.antioch.k12.ca.us
Apple Valley Unified School District,http://www.avusd.org
Arcadia Unified School District,http://www.ausd.k12.ca.us
Arcata Elementary School District,NA
Arcohe Union Elementary School District,http://www.arcohe.net
Arena Union Elementary School District,http://www.mcoe.k12.ca.us/schools/arena_union
Armona Union Elementary School District,NA
Aromas - San Juan Unified School District,http://www.asjusd.k12.ca.us
Arvin Union School District,NA
Atascadero Unified School District,http://www.atasusd.org
Atwater Elementary School District,http://www.aesd.edu
Auburn Union Elementary School District,http://www.auburn.k12.ca.us
Azusa Unified School District,http://www.azusa.org
Baker Valley Unified School District,http://www.baker.k12.ca.us/baker.htm
Bakersfield City School District,NA
Baldwin Park Unified School District,http://www.bpusd.net
Baldy View Rop School District,NA
Ballard Elementary School District,http://www.ballardschool.org
Ballico-Cressey Elementary School District,http://www.ballicocressey.com
Bangor Union Elementary School District,http://www.bcoe.org/home/districts/bangor
Banning Unified School District,http://www.banning.k12.ca.us
Banta Elementary School District,http://bantaesd.sharpschool.net
Barstow Unified School District,http://www.barstow.k12.ca.us
Bass Lake Joint Union Elementary School District,http://www.basslakeschooldistrict.com
Bassett Unified School District,http://www.bassett.k12.ca.us
Bayshore Elementary School District,http://www.bayshore.k12.ca.us
Bear Valley Unified School District,http://www.bearvalleyusd.org
Beardsley Elementary School District,NA
Beaumont Unified School District,http://www.beaumontusd.k12.ca.us
Bella Vista Elementary School District,http://www.bveagles.com
Belleview Elementary School District,http://www.belleview.k12.ca.us
Bellevue Union School District,http://www.busd.org/
Bellflower Unified School District,http://www.busd.k12.ca.us
Belmont-Redwood Shores Elementary School District,http://www.brssd.org
Belridge Elementary School District,NA
Benicia Unified School District,http://www.beniciaunified.org
Bennett Valley Union Elementary School District,http://www.bvusd.org
Berkeley Unified School District,http://www.berkeleyschools.net
Berryessa Union Elementary School District,http://www.berryessa.k12.ca.us
Beverly Hills Unified School District,http://www.bhusd.org
Big Creek Elementary School District,http://www.bigcreekschool.com
Big Lagoon Union Elementary School District,NA
Big Oak Flat-Groveland Unified School District,http://www.bofg.k12.ca.us
Big Pine Unified School District,NA
Big Springs Union Elementary School District,http://www.bgsp.k12.ca.us
Big Sur Unified School District,http://bigsurunified.org
Big Valley Joint Unified School District,NA
Biggs Unified School District,http://www.biggs.org
Bishop Unified School District,http://www.bishopschools.org
Bitterwater-Tully Elementary School District,http://www.sbcoe.k12.ca.us/districts/bitterwater.html
Black Butte Union Elementary School District,http://www.blackbutteschool.org
Black Oak Mine Unified School District,http://www.bomusd.org
Blake Elementary School District,NA
Blochman Union Elementary School District,http://www.sbceo.k12.ca.us/districts/blochmanusd
Blue Lake Union Elementary School District,NA
Bogus Elementary School District,http://www.sisnet.ssku.k12.ca.us/~bogusftp
Bolinas-Stinson Union School District,http://www.bolinas-stinson.org
Bonita Unified School District,http://www.bonita.k12.ca.us
Bonny Doon Union Elementary School District,http://www.bonnydoon.santacruz.k12.ca.us
Bonsall Unified School District,http://www.bonsallusd.com
Borrego Springs Unified School District,http://www.bsusd.com/
Bradley Union Elementary School District,http://bradleyusd-ca.schoolloop.com/
Brawley Elementary School District,NA
Brawley Union High School District,NA
Brea-Olinda Unified School District,http://www.bousd.k12.ca.us
Brentwood Union Elementary School District,NA
Bret Harte Union High School District,http://bhuhsd-ca.schoolloop.com/
Bridgeville Elementary School District,NA
Briggs Elementary School District,http://www.briggsesd.org
Brisbane Elementary School District,http://www.brisbanesd.org
Brittan Elementary School District,http://www.brittan.k12.ca.us
Browns Elementary School District,http://www.sutter.k12.ca.us/district/browns/browns.htm
Buckeye Union Elementary School District,http://www.buckeyeusd.org
Buellton Union Elementary School District,http://www.buelltonusd.org
Buena Park Elementary School District,http://www.bpsd.k12.ca.us
Buena Vista Elementary School District,NA
Burbank Unified School District,http://www.burbankusd.org
Burlingame Elementary School District,http://www.burlingameschools.org
Burnt Ranch Elementary School District,http://www.tcoek12.org
Burrel Union Elementary School District,http://burrel.ca.schoolwebpages.com
Burton Elementary School District,http://www.burtonschools.org
Butte County Office Of Education School District,http://www.bcoe.org
Butte County Rop School District,NA
Butte Valley Unified School District,http://www.bvalusd.org
Butteville Union Elementary School District,http://www.butteville.k12.ca.us
Buttonwillow Union Elementary School District,NA
Byron Union Elementary School District,NA
Cabrillo Unified School District,http://www.cabrillo.k12.ca.us
Cajon Valley Union School District,http://www.cajonvalley.net
Calaveras County Office Of Education School District,http://www.ccoe.k12.ca.us
Calaveras Unified School District,http://www.calaveras.k12.ca.us
Calexico Unified School District,NA
Caliente Union Elementary School District,NA
California Advancing Pathways For Students In Los Angeles County Roc P School District,NA
California School For The Blind (State Special Schl) School District,http://www.csb-cde.ca.gov
California School For The Deaf-Fremont (State Special Schl) School District,http://www.csdeagles.com
California School For The Deaf-Riverside (State Special Schl) School District,http://www.csdr-cde.ca.gov
Calipatria Unified School District,NA
Calistoga Joint Unified School District,http://www.calistoga.k12.ca.us
Cambrian School District,http://www.cambriansd.org
Camino Union Elementary School District,http://www.caminoschool.org
Campbell Union High School District,http://www.cuhsd.org
Campbell Union School District,http://www.campbellusd.org
Camptonville Elementary School District,http://www.cville.k12.ca.us
Canyon Elementary School District,NA
Capay Joint Union Elementary School District,http://www.cjuesd.org
Capistrano Unified School District,http://www.capousd.org
Capistrano-Laguna Beach Rop,NA
Cardiff Elementary School District,http://www.cardiffschools.com
Carlsbad Unified School District,http://www.carlsbadusd.k12.ca.us
Carmel Unified School District,http://www.carmelunified.org
Carpinteria Unified School District,http://www.cusd.net
Caruthers Unified School District,http://www.caruthers.k12.ca.us
Cascade Union Elementary School District,http://www.cuesd.com
Castaic Union School District,http://www.castaicusd.com
Castle Rock Union Elementary School District,http://www.castlerockschool.net
Castro Valley Unified School District,http://www.cv.k12.ca.us
Cayucos Elementary School District,http://www.cesdschool.net
Center Joint Unified School District,http://www.centerusd.k12.ca.us
Centinela Valley Union High School District,http://www.centinela.k12.ca.us
Central Elementary School District,http://www.csd-ca.schoolloop.com
Central Orange County Cte Partnership (Ctep) School District,NA
Central Sierra Rop School District,NA
Central Unified School District,http://www.centralunified.org
Central Union Elementary School District,NA
Central Union High School District,http://www.cuhsd.net
Centralia Elementary School District,http://www.cesd.us
Ceres Unified School District,http://www.ceres.k12.ca.us
Chaffey Joint Union High School District,http://www.cjuhsd.net
Charter Oak Unified School District,http://www.cousd.net
Chatom Union School District,http://www.chatom.k12.ca.us
Chawanakee Unified School District,http://www.chawanakee.k12.ca.us
Chicago Park Elementary School District,http://www.chicagoparkschool.org
Chico Unified School District,http://www.chicousd.org
Chino Valley Unified School District,http://www.chino.k12.ca.us
Chowchilla Elementary School District,http://www.chowchillaelem.k12.ca.us
Chowchilla Union High School District,http://www.chowchillahigh.k12.ca.us
Chualar Union School District,http://chualarusd.org/
Chula Vista Elementary School District,http://www.cvesd.org
Cienega Union Elementary School District,http://www.sbcoe.k12.ca.us/cienega.html
Cinnabar Elementary School District,http://www.cinnabar.k12.ca.us
Claremont Unified School District,http://www.cusd.claremont.edu
Clay Joint Elementary School District,http://www.clayschool.k12.ca.us
Clear Creek Elementary School District,http://www.clearcreekschool.org
Cloverdale Unified School District,http://www.cusd.org
Clovis Unified School District,http://www.cusd.com
Coachella Valley Unified School District,http://www.cvusd.us
Coalinga-Huron Unified School District,http://chusd.org
Coast Unified School District,http://www.coastusd.org
Coastline Rop School District,NA
Coffee Creek Elementary School District,http://www.tcoek12.org/~ccschool
Cold Spring Elementary School District,http://www.coldspringschool.net
Colfax Elementary School District,http://www.colfax.k12.ca.us
College Elementary School District,http://www.collegeschooldistrict.org
Colton Joint Unified School District,http://www.colton.k12.ca.us
Colton-Redlands-Yucaipa Rop School District,NA
Columbia Elementary School District,http://www.columbiasd.com
Columbia Union School District,http://www.columbia49er.k12.ca.us
Columbine Elementary School District,http://www.tcoe.k12.ca.us/Districts/Columbine.shtm
Colusa County Office Of Education School District,http://www.ccoe.net
Colusa Unified School District,http://www.colusa.k12.ca.us
Compton Unified Rop School District,NA
Compton Unified School District,http://www.compton.k12.ca.us
Conejo Valley Unified School District,http://www.conejousd.org
Contra Costa County Office Of Education School District,http://www.cocoschools.org
Contra Costa County Rop School District,NA
Corcoran Joint Unified School District,http://www.corcoranunified.com
Corning Union Elementary School District,http://www.corningelementary.org
Corning Union High School District,http://www.corninghs.org/corninghsd/site/default.asp
Corona-Norco Unified School District,http://www.cnusd.k12.ca.us
Coronado Unified School District,http://www.coronadousd.net
Cotati-Rohnert Park Unified School District,http://www.crpusd.org
Cottonwood Union Elementary School District,http://www.cwusd.com
Covina-Valley Unified School District,http://www.cvusd.k12.ca.us
Cucamonga Elementary School District,http://www.cuca.k12.ca.us
Cuddeback Union Elementary School District,NA
Culver City Unified School District,http://www.ccusd.org
Cupertino Union School District,http://www.cusdk8.org
Curtis Creek Elementary School District,http://www.ccreek.k12.ca.us
Cutler-Orosi Joint Unified School District,http://www.cojusd.org
Cutten Elementary School District,NA
Cuyama Joint Unified School District,http://www.cuyamaunified.org
Cypress Elementary School District,http://www.cypsd.org
Davis Joint Unified School District,http://www.djusd.k12.ca.us/district
Death Valley Unified School District,NA
Dehesa Elementary School District,http://www.dehesasd.net/
Del Mar Union Elementary School District,http://www.dmusd.org
Del Norte County Office Of Education School District,http://www.delnorte.k12.ca.us
Del Norte County Rop School District,NA
Del Norte County Unified School District,http://www.delnorte.k12.ca.us
Delano Joint Union High School District,http://www.djuhsd.org
Delano Union Elementary School District,NA
Delhi Unified School District,http://www.delhi.k12.ca.us
Delphic Elementary School District,NA
Denair Unified School District,http://www.dusd.k12.ca.us
Desert Center Unified School District,http://dcusd-ca.schoolloop.com/
Desert Sands Unified School District,http://www.dsusd.us/dsusd/
Di Giorgio Elementary School District,NA
Dinuba Unified School District,http://www.dinuba.sharpschool.net
Dixie Elementary School District,http://www.dixieschooldistrict.org
Dixon Unified School District,http://www.dixonusd.org
Dos Palos Oro Loma Joint Unified School District,http://www.dpol.net
Douglas City Elementary School District,http://www.tcoe.trinity.k12.ca.us/~dc
Downey Unified School District,http://www.dusd.net
Dry Creek Joint Elementary School District,http://www.drycreek.k12.ca.us
Duarte Unified School District,http://www.duarte.k12.ca.us
Dublin Unified School District,http://www.dublinusd.org
Ducor Union Elementary School District,http://ducorschool.com
Dunham Elementary School District,http://www.dunhamsd.org
Dunsmuir Elementary School District,http://www.sisnet.ssku.k12.ca.us/~desftp
Dunsmuir Joint Union High School District,http://www.dunsmuirhigh.k12.ca.us
Durham Unified School District,http://www.durhamunified.org
Earlimart Elementary School District,http://www.earlimart.k12.ca.us
East Nicolaus Joint Union High School District,http://www.eastnicolaus.k12.ca.us
East San Gabriel Valley Rop School District,NA
East Side Union High School District,http://www.esuhsd.org
East Whittier City Elementary School District,http://www.ewcsd.org
Eastern Sierra Unified School District,http://www.esusd.org
Eastside Union Elementary School District,http://www.eastside.k12.ca.us
Eden Area Rop School District,NA
Edison Elementary School District,NA
El Centro Elementary School District,NA
El Dorado County Office Of Education School District,http://www.edcoe.org
El Dorado Union High School District,http://www.eduhsd.k12.ca.us
El Monte City School District,http://www.emcsd.org
El Monte Union High School District,http://www.emuhsd.k12.ca.us
El Nido Elementary School District,http://www.elnidoschool.org
El Rancho Unified School District,http://erusd.org
El Segundo Unified School District,http://www.elsegundousd.com
El Tejon Unified School District,NA
Elk Grove Unified School District,http://www.egusd.net
Elk Hills Elementary School District,NA
Elkins Elementary School District,NA
Elverta Joint Elementary School District,http://www.ejesd.net
Emery Unified School District,http://www.emeryusd.k12.ca.us
Empire Union Elementary School District,http://www.empire.k12.ca.us
Encinitas Union Elementary School District,http://www.eusd.net/pages/default.aspx
Enterprise Elementary School District,http://www.eesd.net
Escalon Unified School District,http://www.escalonusd.org
Escondido Union High School District,http://www.euhsd.org
Escondido Union School District,http://www.eusd.org
Esparto Unified School District,http://www.espartok12.org
Etiwanda Elementary School District,http://www.etiwanda.k12.ca.us
Eureka City Schools School District,NA
Eureka Union School District,http://www.eureka-usd.k12.ca.us
Evergreen Elementary School District,http://www.eesd.org
Evergreen Union School District,http://www.evergreenusd.org
Exeter Unified School District,NA
Fairfax Elementary School District,NA
Fairfield-Suisun Unified School District,http://www.fsusd.org
Fall River Joint Unified School District,http://www.frjusd.org
Fallbrook Union Elementary School District,http://www.fuesd.k12.ca.us
Fallbrook Union High School District,http://www.fuhsd.net
Farmersville Unified School District,http://www.farmersville.k12.ca.us
Feather Falls Union Elementary School District,http://www.bcoe.org/home/districts/featherfalls
Ferndale Unified School District,NA
Fieldbrook Elementary School District,NA
Fillmore Unified School District,http://www.fillmoreusd.org
Firebaugh-Las Deltas Unified School District,http://www.fldusd.org
Flournoy Union Elementary School District,http://www.flournoyschool.org
Folsom-Cordova Unified School District,http://www.fcusd.org
Fontana Unified School District,http://www.fusd.net
Foresthill Union Elementary School District,http://www.fusd.org
Forestville Union Elementary School District,http://www.forestvilleusd.org
Forks Of Salmon Elementary School District,http://www.sisnet.ssku.k12.ca.us/~forksftp
Fort Bragg Unified School District,http://www.fbusd.us
Fort Ross Elementary School District,http://www.fortrossschool.org
Fort Sage Unified School District,NA
Fortuna Elementary School District,http://www.humboldt.k12.ca.us/fortuna_sd/
Fortuna Union High School District,NA
Forty-Niner Rop School District,NA
Fountain Valley Elementary School District,http://www.fvsd.us
Fowler Unified School District,http://www.fowlerusd.org
Franklin Elementary School District,http://www.franklin.k12.ca.us
Franklin-Mckinley Elementary School District,http://www.fmsd.org
Fremont Unified School District,http://www.fremont.k12.ca.us
Fremont Union High School District,http://www.fuhsd.org
French Gulch-Whiskeytown Elementary School District,http://fgws-fgws-ca.schoolloop.com
Freshwater Elementary School District,NA
Fresno County Office Of Education School District,http://www.fcoe.org
Fresno Rop School District,NA
Fresno Unified School District,http://www.fresnounified.org
Fruitvale Elementary School District,NA
Fullerton Elementary School District,http://www.fullertonsd.org/
Fullerton Joint Union High School District,http://www.fjuhsd.k12.ca.us
Galt Joint Union Elementary School District,http://www.galt.k12.ca.us
Galt Joint Union High School District,http://www.ghsd.k12.ca.us/district
Garden Grove Unified School District,http://www.ggusd.us
Garfield Elementary School District,NA
Garvey Elementary School District,http://www.garvey.k12.ca.us
Gateway Unified School District,http://www.gateway-schools.org
Gazelle Union Elementary School District,http://www.sisnet.ssku.k12.ca.us/~gazelftp
General Shafter Elementary School District,NA
Gerber Union Elementary School District,http://www.gerberschool.org
Geyserville Unified School District,http://www.gusd.com
Gilroy Unified School District,http://www.gusd.k12.ca.us
Glendale Unified School District,http://www.gusd.net
Glendora Unified School District,http://www.glendora.k12.ca.us
Glenn County Office Of Education School District,http://www.glenncoe.org
Glenn County Rop School District,NA
Gold Oak Union Elementary School District,http://www.gousd.org
Gold Trail Union Elementary School District,http://www.gtusd.org
Golden Feather Union Elementary School District,http://www.gfusd.org
Golden Plains Unified School District,http://www.gpusd.org
Golden Valley Unified School District,http://www.gvusd.k12.ca.us
Goleta Union Elementary School District,http://www.goleta.k12.ca.us
Gonzales Unified School District,http://www.gonzales.k12.ca.us
Gorman Joint School District,http://gorman.k12.ca.us/
Grant Elementary School District,http://www.grantesd.k12.ca.us
Grass Valley Elementary School District,http://www.gvsd.us
Gratton Elementary School District,NA
Gravenstein Union Elementary School District,http://www.grav.k12.ca.us
Graves Elementary School District,http://schools.monterey.k12.ca.us/~graves/
Green Point Elementary School District,NA
Greenfield Union Elementary School District,http://www.greenfield.k12.ca.us
Greenfield Union School District,NA
Grenada Elementary School District,http://grenada.k12.ca.us
Gridley Unified School District,http://www.gusd.org
Grossmont Union High School District,http://www.guhsd.net/
Guadalupe Union Elementary School District,http://www.guadusd.org/
Guerneville Elementary School District,http://www.guernevilleschool.org
Gustine Unified School District,http://www.gustineusd.org
Hacienda La Puente Unified School District,http://www.hlpusd.k12.ca.us
Hamilton Unified School District,http://www.husdschools.org
Hanford Elementary School District,NA
Hanford Joint Union High School District,NA
Happy Camp Union Elementary School District,http://hces-ca.schoolloop.com/
Happy Valley Elementary School District,http://www.hvesd.com
Happy Valley Union Elementary School District,http://www.hvesd.org
Harmony Union Elementary School District,http://www.harmonyusd.org
Hart Rop School District,NA
Hart-Ransom Union Elementary School District,http://www.hartransom.org
Hawthorne School District,http://www.hawthorne.k12.ca.us
Hayward Unified School District,http://www.husd.k12.ca.us
Healdsburg Unified School District,http://www.husd.com
Heber Elementary School District,NA
Helendale Elementary School District,http://www.helendalesd.org
Hemet Unified School District,http://www.hemetusd.org
Hermosa Beach City Elementary School District,http://www.hbcsd.org
Hesperia Unified School District,http://www.hesperia.org
Hickman Community Charter School District,http://www.hickmanschools.org
Hillsborough City Elementary School District,http://www.hcsd.k12.ca.us
Hilmar Unified School District,http://www.hilmar.k12.ca.us
Hollister School District,http://www.hesd.org
Holtville Unified School District,NA
Hope Elementary School District,http://www.hopesdk6.org
Hope Elementary School District,http://www.hopesdk6.org
Horicon Elementary School District,http://horiconesd.org/
Hornbrook Elementary School District,http://www.hornbrookschool.org
Hot Springs Elementary School District,http://www.tcoe.net/districts/hotsprings.shtm
Howell Mountain Elementary School District,http://www.hmesd.org
Hueneme Elementary School District,http://www.huensd.k12.ca.us
Hughes-Elizabeth Lakes Union Elementary School District,http://www.heluesd.org
Hughson Unified School District,http://www.hughson.k12.ca.us
Humboldt County Office Of Education School District,http://www.humboldt.k12.ca.us
Humboldt County Rop School District,NA
Huntington Beach City Elementary School District,http://www.hbcsd.us
Huntington Beach Union High School District,http://www.hbuhsd.edu
Hydesville Elementary School District,NA
"Igo, Ono, Platina Union Elementary School District",http://igoono.echalk.com
Imperial County Office Of Education School District,http://www.icoe.org
Imperial Unified School District,NA
Imperial Valley Rop School District,NA
Indian Diggings Elementary School District,http://www.indiandiggingsschool.com
Indian Springs Elementary School District,http://www.indianspringsesd.org
Inglewood Unified School District,http://www.iusd.net
Inyo County Office Of Education School District,http://www.inyo.k12.ca.us
Irvine Unified School District,http://www.iusd.org
Island Union Elementary School District,NA
Jacoby Creek Elementary School District,NA
Jamestown Elementary School District,http://www.jamestown.k12.ca.us
Jamul-Dulzura Union Elementary School District,http://www.jdusd.net
Janesville Union Elementary School District,http://www.janesvilleschool.org
Jefferson Elementary School District,http://www.sbcoe.k12.ca.us/districts/jefferson.html
Jefferson Elementary School District,http://www.sbcoe.k12.ca.us/districts/jefferson.html
Jefferson Elementary School District,http://www.sbcoe.k12.ca.us/districts/jefferson.html
Jefferson Union High School District,http://www.juhsd.net
John Swett Unified School District,NA
Johnstonville Elementary School District,http://www.johnstonville-ca.schoolloop.com
Julian Union Elementary School District,http://www.sdcoe.k12.ca.us/districts/julianel
Julian Union High School District,http://www.juhsd.org
Junction City Elementary School District,http://www.junctioncityschool.org
Junction Elementary School District,http://www.junctionesd.net
Junction Elementary School District,http://www.junctionesd.net
Jurupa Unified School District,http://www.jusd.k12.ca.us
Kashia Elementary School District,NA
Kelseyville Unified School District,NA
Kentfield Elementary School District,http://www.kentfieldschools.org/district
Kenwood  School District,http://www.kenwood.k12.ca.us
Keppel Union Elementary School District,http://www.keppel.k12.ca.us
Kerman Unified School District,http://www.kermanusd.com
Kern County Office Of Education School District,http://www.kern.org
Kern County Rop School District,http://www.kern.org
Kern High Roc School District,NA
Kern Union High School District,http://www.kernhigh.org
Kernville Union Elementary School District,NA
Keyes Union School District,NA
King City Union School District,http://www.kcusd.org
Kings Canyon Joint Unified School District,http://www.kcusd.com
Kings County Office Of Education School District,http://www.kings.k12.ca.us
Kings County Rop School District,NA
Kings River Union Elementary School District,http://www.kingsriverelementary.org
Kings River-hardwick Union Elementary School District,NA
Kingsburg Elementary Charter School District,http://www.kesd.org
Kingsburg Joint Union High School District,http://khsvikings.com
Kirkwood Elementary School District,http://www.kirkwoodschoolca.org
Kit Carson Union Elementary School District,NA
Klamath River Union Elementary School District,http://www.sisnet.ssku.k12.ca.us/~klamaftp
Klamath-Trinity Joint Unified School District,NA
Kneeland Elementary School District,NA
Knights Ferry Elementary School District,http://www.knightsferry.k12.ca.us
Knightsen Elementary School District,NA
Konocti Unified School District,NA
La Canada Unified School District,http://www.lcusd.net
La Habra City Elementary School District,http://www.lhcsd.k12.ca.us
La Honda-Pescadero Unified School District,http://www.lhpusd.com
La Mesa-Spring Valley School District,http://www.lmsvsd.org
La Puente Valley Rop School District,http://www.lpvrop.org
Lafayette Elementary School District,NA
Laguna Beach Unified School District,http://www.lbusd.org
Laguna Joint Elementary School District,http://www.lagunaschool.org
Lagunita Elementary School District,NA
Lagunitas Elementary School District,http://www.lagunitas.org
Lake County Office Of Education School District,http://www.lake-coe.k12.ca.us
Lake County Rop School District,NA
Lake Elementary School District,http://www.lakeschool.org
Lake Elsinore Unified School District,http://www.leusd.k12.ca.us
Lake Tahoe Unified School District,http://www.ltusd.org
Lakeport Unified School District,NA
Lakeside Joint School District,http://www.lakesidelosgatos.org
Lakeside Union Elementary School District,NA
Lakeside Union Elementary School District,NA
Lakeside Union School District,NA
Lammersville Joint Unified School District,http://www.lammersvilleschooldistrict.net
Lamont Elementary School District,NA
Lancaster Elementary School District,http://www.lancsd.org
Larkspur-Corte Madera School District,http://www.lcmschools.org
Las Lomitas Elementary School District,http://www.llesd.k12.ca.us
Las Virgenes Unified School District,http://www.lvusd.org
Lassen County Office Of Education School District,http://www.lcoe.org
Lassen Rop School District,NA
Lassen Union High School District,http://district.lassenhigh.org
Lassen View Union Elementary School District,http://www.lassenview.org
Laton Joint Unified School District,http://www.laton.k12.ca.us
Latrobe School District,http://www.latrobeschool.com
Lawndale Elementary School District,http://www.lawndale.k12.ca.us
Laytonville Unified School District,http://layt.k12.ca.us
Le Grand Union Elementary School District,http://www.legrand.k12.ca.us
Le Grand Union High School District,http://www.lghs.k12.ca.us
Leggett Valley Unified School District,http://www.leggett.k12.ca.us
Lemon Grove School District,http://www.lgsd.k12.ca.us
Lemoore Union Elementary School District,NA
Lemoore Union High School District,NA
Lennox School District,http://www.lennox.k12.ca.us
Lewiston Elementary School District,http://www.lewistonesd.com
Liberty Elementary School District,http://www.libertysd.org
Liberty Elementary School District,http://www.libertysd.org
Liberty Union High School District,NA
Lincoln Elementary School District,NA
Lincoln Unified School District,http://www.lusd.net
Linden Unified School District,http://www.lindenusd.com
Lindsay Unified School District,http://www.lindsay.k12.ca.us
Linns Valley-Poso Flat Union School District,NA
Little Lake City Elementary School District,http://www.littlelake.k12.ca.us
Little Shasta Elementary School District,NA
Live Oak Elementary School District,http://www.losd-ca.schoolloop.com/
Live Oak Unified School District,http://www.lousd.k12.ca.us
Livermore Valley Joint Unified School District,http://www.livermoreschools.com
Livingston Union School District,http://www.livingstonusd.org
Lodi Unified School District,http://www.lodiusd.net
Loleta Union Elementary School District,NA
Loma Prieta Joint Union Elementary School District,http://www.loma.k12.ca.us
Lompoc Unified School District,http://www.lusd.org
Lone Pine Unified School District,NA
Long Beach Unified Rop School District,NA
Long Beach Unified School District,http://www.lbschools.net
Loomis Union Elementary School District,http://www.loomis-usd.k12.ca.us
Los Alamitos Unified School District,http://www.losal.org
Los Altos Elementary School District,http://www.lasdschools.org
Los Angeles County Office Of Education School District,http://www.lacoe.edu
Los Angeles County Rop School District,NA
Los Angeles Unified Rocp School District,NA
Los Angeles Unified School District,http://www.lausd.net
Los Banos Unified School District,http://www.losbanosusd.k12.ca.us
Los Gatos Union Elementary School District,http://www.lgusd.org
Los Gatos-Saratoga Joint Union High School District,http://www.lgsuhsd.org
Los Molinos Unified School District,http://www.lmusd.net
Los Nietos School District,http://lnsd.net
Los Olivos Elementary School District,http://www.sbceoportal.org/losolivos/
Lost Hills Union Elementary School District,NA
Lowell Joint School District,http://www.ljsd.org
Lucerne Elementary School District,NA
Lucerne Valley Unified School District,http://www.lucernevalleyusd.org
Lucia Mar Unified School District,http://www.lmusd.org
Luther Burbank School District,http://www.lbsd.k12.ca.us
Lynwood Unified School District,http://www.lynwood.k12.ca.us
Madera County Superintendent Of Schools School District,http://www.maderacoe.k12.ca.us
Madera Unified School District,http://www.madera.k12.ca.us
Magnolia Elementary School District,http://www.magnoliasd.org
Magnolia Union Elementary School District,NA
Mammoth Unified School District,http://www.mammothusd.org
Manchester Union Elementary School District,http://www.mcoe.us/d/schools
Manhattan Beach Unified School District,http://www.mbusd.org
Manteca Unified School District,http://www.mantecausd.net
Manzanita Elementary School District,http://www.manzanitaelementaryschool.com
Maple Creek Elementary School District,NA
Maple Elementary School District,NA
Marcum-Illinois Union Elementary School District,http://www.marcum-illinois.org
Maricopa Unified School District,NA
Marin County Office Of Education School District,http://www.marinschools.org
Marin County Rop School District,NA
Mariposa County Office Of Education School District,http://www.mariposa.k12.ca.us
Mariposa County Unified School District,http://www.mariposa.k12.ca.us
Mark Twain Union Elementary School District,http://www.mtwain.k12.ca.us
Mark West Union Elementary School District,http://www.mwusd.org
Martinez Unified School District,NA
Marysville Joint Unified School District,http://www.mjusd.com
Mattole Unified School District,NA
Maxwell Unified School District,http://www.maxwell.k12.ca.us
Mccabe Union Elementary School District,NA
Mccloud Union Elementary School District,http://mccloudelementary.webs.com/
Mcfarland Unified School District,http://www.mcfarlandusd.com
Mckinleyville Union Elementary School District,NA
Mckittrick Elementary School District,NA
Mcswain Union Elementary School District,http://www.mcswain.k12.ca.us
Meadows Union Elementary School District,NA
Mendocino County Office Of Education School District,http://www.mcoe.us
Mendocino County Roc Rop School District,NA
Mendocino Unified School District,http://mendocinousd.org
Mendota Unified School District,http://www.musdaztecs.com
Menifee Union Elementary School District,http://www.menifeeusd.org
Menlo Park City Elementary School District,http://www.mpcsd.org
Merced City Elementary School District,http://www.mcsd.k12.ca.us
Merced County Office Of Education School District,http://www.mcoe.org
Merced County Rop School District,http://www.mcoe.org
Merced River Union Elementary School District,http://www.mercedriver.k12.ca.us
Merced Union High School District,http://www.muhsd.org
Meridian Elementary School District,http://meridiantigers.com
Mesa Union Elementary School District,http://www.mesaschool.org
Metro Education School District,NA
Middletown Unified School District,NA
Midway Elementary School District,NA
Mill Valley Elementary School District,http://www.mvschools.org
Millbrae Elementary School District,http://www.millbraeschooldistrict.org
Millville Elementary School District,http://www.millvilleschool.net
Milpitas Unified School District,http://www.musd.org
Mission Trails Rop School District,NA
Mission Union Elementary School District,NA
Mission Valley Roc P School District,http://www.mvrop.org
Modesto City Elementary School District,http://www.monet.k12.ca.us
Modesto City High School District,http://www.monet.k12.ca.us
Modoc County Office Of Education School District,http://www.modoccoe.k12.ca.us
Modoc County Rop School District,NA
Modoc Joint Unified School District,http://www.modoc.k12.ca.us
Mojave Unified,NA
Mono County Office Of Education School District,http://www.monocoe.org
Mono County Roc P School District,NA
Monroe Elementary School District,http://www.fcoe.k12.ca.us/monroe/monroe.pdf
Monrovia Unified School District,http://www.monroviaschools.net
Monson-Sultana Joint Union Elementary School District,http://www.msschool.org
Montague Elementary School District,http://mes-mesd-ca.schoolloop.com
Monte Rio Union Elementary School District,http://www.monterioschool.org
Montebello Unified School District,http://www.montebello.k12.ca.us
Montecito Union Elementary School District,http://www.montecitou.org
Monterey County Office Of Education School District,http://www.monterey.k12.ca.us
Monterey Peninsula Unified School District,http://www.mpusd.k12.ca.us
Montgomery Elementary School District,NA
Moorpark Unified School District,http://www.mrpk.org
Moraga Elementary School District,NA
Moreland School District,http://www.moreland.org
Moreno Valley Unified School District,http://www.mvusd.net
Morgan Hill Unified School District,http://www.mhu.k12.ca.us
Morongo Unified School District,http://www.morongo.k12.ca.us
Mother Lode Union Elementary School District,http://www.mlusd.net
Mount Pleasant Elementary School District,http://www.mpesd.org
Mountain Elementary School District,http://www.mountainesd.org
Mountain Empire Unified School District,http://meusd.k12.ca.us
Mountain House Elementary School District,http://www.mtnhouse.k12.ca.us
Mountain Union Elementary School District,http://www.shastalink.k12.ca.us/muesd
Mountain Valley Unified School District,http://www.mvusd.us
Mountain View Elementary School District,http://www.mtviewschools.com
Mountain View Elementary School District,http://www.mtviewschools.com
Mountain View Whisman  School District,http://www.mvwsd.org
Mountain View-Los Altos Union High School District,http://www.mvla.net
Mt. Baldy Joint Elementary School District,http://www.mtbaldy.k12.ca.us
Mt. Diablo Unified School District,http://www.mdusd.org
Mt. Shasta Union Elementary School District,http://mswusd-ca.schoolloop.com/
Mulberry Elementary School District,NA
Mupu Elementary School District,http://www.mupu.k12.ca.us
Muroc Joint Unified School District,NA
Murrieta Valley Unified School District,http://www.murrieta.k12.ca.us
Napa County Office Of Education School District,http://www.napacoe.org
Napa County Rop School District,NA
Napa Valley Unified School District,http://www.nvusd.org
National Elementary School District,http://nsd.us
Natomas Unified School District,http://www.natomas.k12.ca.us
Needles Unified School District,http://www.needlesusd.org
Nevada City Elementary School District,http://www.ncsd.k12.ca.us
Nevada County Office Of Education School District,http://www.nevco.org
Nevada Joint Union High School District,http://www.njuhsd.com
New Haven Unified School District,http://www.nhusd.k12.ca.us
New Hope Elementary School District,NA
New Jerusalem Elementary School District,http://njesd-ca.schoolloop.com
Newark Unified School District,http://www.newarkunified.org
Newcastle Elementary School District,http://www.newcastle.k12.ca.us
Newhall School District,http://www.newhallschooldistrict.net
Newman-Crows Landing Unified School District,http://www.nclusd.k12.ca.us
Newport-Mesa Unified School District,http://www.nmusd.us
Nicasio School District,http://www.nicasioschool.org
Noli School,NA
Norris Elementary School District,NA
North County Joint Union Elementary School District,http://www.ncjusd.k12.ca.us
North County Regional Occupational Center Program (Roc P) School District,http://www.fuhsd.org
North Cow Creek Elementary School District,http://www.northcowcreek.org
North Kern Vocational Training Center School District,NA
North Monterey County Unified School District,http://www.nmcusd.org
North Orange County Rop-Adult School District,http://www.nocrop.tec.ca.us
Northern Humboldt Union High School District,http://www.nohum.k12.ca.us
Norwalk-La Mirada Unified School District,http://www.nlmusd.k12.ca.us
Novato Unified School District,http://www.nusd.org
Nuestro Elementary School District,http://www.nuestroschool.org
Nuview Union  School District,http://www.nuview.k12.ca.us
Oak Grove Elementary School District,http://www.ogsd.net
Oak Grove Union Elementary School District,http://www.ogusd.org
Oak Park Unified School District,http://www.oakparkusd.org
Oak Run Elementary School District,http://www.oakrunschool.org
Oak Valley Union Elementary School District,http://www.oakvalleyschool.org
Oak View Union Elementary School District,http://www.myoakview.com
Oakdale Joint Unified School District,http://www.ojusd.org
Oakland Unified School District,http://www.ousd.k12.ca.us
Oakley Union Elementary School District,NA
Ocean View School District,http://www.oceanviewsd.org/
Ocean View School District,http://www.oceanviewsd.org/
Oceanside Unified School District,http://www.oside.us
Ojai Unified School District,http://www.ojai.k12.ca.us
Old Adobe Union School District,http://www.oldadobe.org
Ontario-Montclair School District,http://www.omsd.net
Orange Center School District,http://www.orangecenter.org
Orange County Department Of Education School District,http://www.ocde.us
Orange Unified School District,http://www.orangeusd.org
Orchard Elementary School District,http://www.orchardsd.org
Orcutt Union Elementary School District,http://www.orcutt-schools.net/public
Orick Elementary School District,NA
Orinda Union Elementary School District,NA
Orland Joint Unified School District,NA
Oro Grande Elementary School District,http://orogrande.net
Oroville City Elementary School District,http://www.ocesd.org
Oroville Union High School District,http://www.ouhsd.org
Outside Creek Elementary School District,http://www.tcoe.net/districts/outsidecreek.shtm
Owens Valley Unified School District,NA
Oxnard School District,http://www.oxnardsd.org
Oxnard Union High School District,http://www.ouhsd.k12.ca.us
Pacheco Union Elementary School District,http://www.pacheco.k12.ca.us
Pacific Elementary School District,http://www.pacific.santacruz.k12.ca.us
Pacific Grove Unified School District,http://www.pgusd.org
Pacific Union Elementary School District,NA
Pacific Union Elementary School District,NA
Pacifica School District,http://www.pacificasd.org
Pajaro Valley Unified School District,http://www.pvusd.net
Palermo Union Elementary School District,http://www.palermoschools.org
Palm Springs Unified School District,http://www.psusd.us
Palmdale Elementary School District,http://www.palmdalesd.org
Palo Alto Unified School District,http://www.pausd.org
Palo Verde Unified School District,http://www.pvusd.us
Palo Verde Union Elementary School District,http://www.tcoe.org/districts/paloverde.shtm
Palos Verdes Peninsula Unified School District,http://www.pvpusd.net
Panama-Buena Vista Union School District,NA
Panoche Elementary School District,http://www.sbcoe.k12.ca.us/districts/panoche.html
Paradise Elementary School District,http://www.paradiseesd.org
Paradise Unified School District,http://www.pusdk12.org
Paramount Unified School District,http://www.paramount.k12.ca.us
Parlier Unified School District,http://www.parlierunified.org
Pasadena Unified School District,http://www.pusd.us
Paso Robles Joint Unified School District,http://www.pasoschools.org
Patterson Joint Unified School District,http://www.patterson.k12.ca.us
Peninsula Union  School District,NA
Penn Valley Union Elementary School District,http://www.pennvalleyschools.k12.ca.us
Perris Elementary School District,http://www.perris.k12.ca.us
Perris Union High School District,http://www.puhsd.org
Petaluma City Elementary School District,http://www.petalumacityschools.org
Petaluma Joint Union High School District,http://www.petalumacityschools.org
Piedmont City Unified School District,http://www.piedmont.k12.ca.us
Pierce Joint Unified School District,http://www.pierce.k12.ca.us
Pine Ridge Elementary School District,http://www.pineridge.k12.ca.us
Piner-Olivet Union Elementary School District,http://www.pousd.org
Pioneer Union Elementary School District,NA
Pioneer Union Elementary School District,NA
Pioneer Union Elementary School District,NA
Pittsburg Unified School District,http://www.pittsburg.k12.ca.us
Pixley Union Elementary School District,http://www.pixley.k12.ca.us
Placentia-Yorba Linda Unified School District,http://www.pylusd.org
Placer County Office Of Education School District,http://www.placercoe.k12.ca.us
Placer Hills Union Elementary School District,http://www.phusd.k12.ca.us
Placer Union High School District,http://www.puhsd.k12.ca.us
Placerville Union Elementary School District,http://www.pusd.k12.ca.us
Plainsburg Union Elementary School District,http://www.plainsburg.k12.ca.us
Planada Elementary School District,http://www.planada.org
Plaza Elementary School District,http://www.plazaschool.org
Pleasant Grove Joint Union School District,http://www.pgroveschool.org
Pleasant Ridge Union Elementary School District,http://www.prsd.k12.ca.us
Pleasant Valley Joint Union Elementary School District,http://www.pleasant-valley-school.org
Pleasant Valley School District,http://www.pvsd.k12.ca.us/pvsd/default.htm
Pleasant View Elementary School District,http://www.pleasant-view.k12.ca.us
Pleasanton Unified School District,http://www.pleasantonusd.net
Plumas County Office Of Education School District,http://www.pcoe.k12.ca.us
Plumas County Rop School District,NA
Plumas Lake Elementary School District,http://www.plusd.org
Plumas Unified School District,http://www.pcoe.k12.ca.us
Point Arena Joint Union High School District,http://www.pointarenaschools.org
Pollock Pines Elementary School District,http://www.ppesd.org
Pomona Unified School District,http://www.pomona.k12.ca.us
Pond Union Elementary School District,NA
Pope Valley Union Elementary School District,http://www.popevalleyusd.org
Porterville Unified School District,http://www.portervilleschools.org
Portola Valley Elementary School District,http://www.pvsd.net
Potter Valley Community Unified School District,http://www.mcoe.us/d/schools/pvcusd
Poway Unified School District,http://www.powayusd.com
Princeton Joint Unified School District,http://www.pjusd.org
Raisin City Elementary School District,http://www.raisincity.k12.ca.us
Ramona City Unified School District,http://www.ramonausd.net
Rancho Santa Fe Elementary School District,http://rsfschool.net
Ravendale-Termo Elementary School District,NA
Ravenswood City Elementary School District,http://www.ravenswoodschools.org
Raymond-Knowles Union Elementary School District,http://www.rkusd.k12.ca.us
Red Bluff Joint Union High School District,http://www.tcde.tehama.k12.ca.us/redbluffjuhsd.html
Red Bluff Union Elementary School District,http://www.rbuesd.org
Redding Elementary School District,http://www.reddingschools.net/home
Redlands Unified School District,http://www.redlands.k12.ca.us
Redondo Beach Unified School District,http://www.rbusd.org
Redwood City Elementary School District,http://www.rcsdk8.net
Reed Union Elementary School District,http://www.reedschools.org
Reeds Creek Elementary School District,http://www.rcesd.tehama.k12.ca.us
Reef-sunset Unified School District,NA
Rescue Union Elementary School District,http://www.rescueusd.org
Rialto Unified School District,http://www.rialto.k12.ca.us
Richfield Elementary School District,http://www.richfieldschool.org
Richgrove Elementary School District,http://www.richgrove.org
Richland Union Elementary School District,NA
Richmond Elementary School District,http://www.richmondelementary.com
Rim Of The World Unified School District,http://www.rimsd.k12.ca.us
Rincon Valley Union Elementary School District,http://www.rvusd.org
Rio Bravo-greeley Union Elementary School District,NA
Rio Dell Elementary School District,NA
Rio Elementary School District,http://www.rio.k12.ca.us
Ripon Unified School District,http://www.riponusd.net
River Delta Joint Unified School District,http://riverdelta.org
Riverbank Unified School District,http://www.riverbank.k12.ca.us
Riverdale Joint Unified School District,http://www.rjusd.org
Riverside County Office Of Education Rop School District,NA
Riverside County Office Of Education School District,http://www.rcoe.us
Riverside Unified School District,http://www.rusd.k12.ca.us
Roberts Ferry Union Elementary School District,http://www.robertsferry.k12.ca.us
Robla Elementary School District,http://www.robla.k12.ca.us
Rockford Elementary School District,http://www.tcoe.net/districts/rockford.shtm
Rocklin Unified School District,http://www.rocklin.k12.ca.us
Romoland Elementary School District,http://www.romoland.k12.ca.us
Rosedale Union Elementary School District,NA
Roseland School District,http://www.roselandsd.org
Rosemead Elementary School District,http://www.rosemead.k12.ca.us
Roseville City Elementary School District,http://www.rcsdk8.org
Roseville Joint Union High School District,http://www.rjuhsd.us
Ross Elementary School District,http://www.rossbears.org
Ross Valley Elementary School District,http://www.rossvalleyschools.org
Round Valley Joint Elementary School District,http://rvjesd-ca.schoolloop.com/
Round Valley Unified School District,http://www.mcoe.us/
Rowland Unified School District,http://www.rowlandschools.org
Sacramento City Unified School District,http://www.scusd.edu
Sacramento County Office Of Education School District,http://www.scoe.net
Sacramento County Rop School District,NA
Saddleback Valley Unified School District,http://www.svusd.k12.ca.us
Saint Helena Unified School District,http://www.sthelena.k12.ca.us
Salida Union Elementary School District,http://www.salida.k12.ca.us
Salinas City Elementary School District,http://www.salinascity.k12.ca.us/
Salinas Union High School District,http://www.salinas.k12.ca.us
San Antonio Rop School District,NA
San Antonio Union Elementary School District,http://schools.monterey.k12.ca.us/~santonio/
San Ardo Union Elementary School District,http://sausd-k12-pt.schoolloop.com/
San Benito County Office Of Education School District,http://www.sbcoe.org
San Benito High School District,http://www.sbhsd.k12.ca.us
San Bernardino City Unified School District,http://www.sbcusd.com
San Bernardino County Office Of Education School District,http://www.sbcss.k12.ca.us
San Bernardino County Rop School District,NA
San Bruno Park Elementary School District,http://www.sbpsd.k12.ca.us
San Carlos Elementary School District,http://www.sancarlos.k12.ca.us
San Diego Community College School District,NA
San Diego County Office Of Education School District,http://www.sdcoe.net
San Diego County Rop School District,http://www.sdcoe.net
San Diego Unified School District,http://www.sandi.net
San Dieguito Union High School District,http://www.sduhsd.net
San Francisco County Office Of Education School District,http://www.sfusd.edu/
San Francisco County Rop School District,NA
San Francisco Unified School District,http://www.sfusd.edu
San Gabriel Unified School District,http://www.sgusd.k12.ca.us
San Jacinto Unified School District,http://www.sanjacinto.k12.ca.us
San Joaquin County Office Of Education School District,http://www.sjcoe.org
San Joaquin County Rop School District,NA
San Jose Unified School District,http://www.sjusd.org
San Juan Unified School District,http://www.sanjuan.edu
San Leandro Unified School District,http://www.sanleandro.k12.ca.us
San Lorenzo Unified School District,http://www.slzusd.org
San Lorenzo Valley Unified School District,http://www.slvusd.org
San Lucas Union Elementary School District,http://sanlucasusd-ca.schoolloop.com/
San Luis Coastal Unified School District,http://www.slcusd.org
San Luis Obispo County Office Of Education School District,http://www.slocoe.org
San Marcos Unified School District,http://www.smusd.org
San Marino Unified School District,http://www.smusd.us
San Mateo County Office Of Education School District,http://www.smcoe.org
San Mateo County Rop School District,NA
San Mateo Union High School District,http://www.smuhsd.org
San Mateo-Foster City School District,http://www.smfcsd.net
San Miguel Joint Union School District,http://www.sanmiguelschools.org
San Pasqual Union Elementary School District,http://www.sanpasqualunion.net
San Pasqual Valley Unified School District,NA
San Rafael City Elementary School District,http://www.srcs.org
San Rafael City High School District,http://www.srcs.org
San Ramon Valley Unified School District,NA
San Ysidro Elementary School District,http://www.sysd.k12.ca.us
Sanger Unified School District,http://www.sanger.k12.ca.us
Santa Ana Unified School District,http://www.sausd.k12.ca.us
Santa Barbara County Office Of Education School District,http://www.sbceo.org
Santa Barbara County Rop School District,NA
Santa Barbara Unified School District,NA
Santa Clara County Office Of Education School District,http://www.sccoe.org
Santa Clara County Rop School District,NA
Santa Clara Elementary School District,http://www.scesd.k12.ca.us
Santa Clara Unified School District,http://www.santaclarausd.org
Santa Cruz City Elementary School District,http://www.sccs.santacruz.k12.ca.us
Santa Cruz City High School District,http://www.sccs.santacruz.k12.ca.us
Santa Cruz County Office Of Education School District,http://www.santacruz.k12.ca.us
Santa Cruz County Rop School District,NA
Santa Maria Joint Union High School District,http://www.smjuhsd.k12.ca.us
Santa Maria-Bonita School District,http://www.smbsd.org
Santa Monica-Malibu Unified School District,http://www.smmusd.org
Santa Paula Unified School District,http://www.santapaulaunified.org
Santa Rita Union Elementary School District,http://www.santaritaschools.org
Santa Rosa Elementary School District,http://www.srcs.k12.ca.us
Santa Rosa High School District,http://www.srcs.k12.ca.us
Santa Ynez Valley Union High School District,http://www.syvuhsd.org
Santee School District,http://www.santeesd.net
Saratoga Union Elementary School District,http://www.saratogausd.org
Saucelito Elementary School District,NA
Saugus Union School District,http://www.saugususd.org
Sausalito Marin City School District,http://www.smcsd.org
Savanna Elementary School District,http://www.savsd.org
Sbc - High Technical High School District,http://www.hightechhigh.org
Sbe - Academia Avance Charter School District,http://www.academiaavance.com
Sbe - Anahuacalmecac International University Preparatory Of North America School District,http://www.dignidad.org
Sbe - Audeo Charter II,NA
Sbe - Barack Obama Charter School District,http://barackobamacharter.org/
Sbe - Baypoint Preparatory Academy School District,NA
Sbe - Celerity Himalia School District,NA
Sbe - Celerity Rolas School District,NA
Sbe - Grossmont Secondary School District,NA
Sbe - Magnolia Science Academy Santa Ana School District,http://www.magnoliapublicschools.org
Sbe - New West Charter School District,http://www.newwestcharter.org
Sbe - Olive Grove Charter School District,http://www.olivegrovecharter.com
Sbe - Onepurpose School District,http://www.onepurposeschool.org
Sbe - Perseverance Preparatory School District,NA
Sbe - Prepa Tec Los Angeles High School District,NA
Sbe - Ridgecrest Charter School District,http://www.ridgecrestcharterschool.org
Sbe - Rocketship Futuro Academy School District,NA
Sbe - Ross Valley Elementary School District,NA
Sbe - Sweetwater Secondary School District,NA
Sbe - The New School Of San Francisco School District,http://www.newschoolsf.org
Sbe - The School Of Arts And Enterprise School District,http://www.thesae.k12.ca.us/main/welcome.shtml
Sbe - Thrive Public School District,http://www.thriveps.org
Scotia Union Elementary School District,NA
Scott Valley Unified School District,http://www.svusd.us
Scotts Valley Unified School District,http://www.scottsvalleyusd.org
Sebastopol Union Elementary School District,http://www.sebastopolschools.org
Seeley Union Elementary School District,NA
Seiad Elementary School District,http://www.sisnet.ssku.k12.ca.us/seiad.html
Selma Unified School District,http://www.selmausd.org
Semitropic Elementary School District,http://sesd-sesd-ca.schoolloop.com/
Sequoia Union Elementary School District,http://www.tcoe.net/districts/sequoiaunion.shtm
Sequoia Union High School District,http://www.seq.org
Shaffer Union Elementary School District,http://www.shafferschool.com
Shandon Joint Unified School District,http://www.shandonschools.org
Shasta County Office Of Education School District,http://www.shastacoe.org
Shasta Union Elementary School District,http://www.shastalink.k12.ca.us/sue
Shasta Union High School District,http://www.suhsd.net
Shasta-Trinity Rop School District,NA
Sherman Indian High School,http://www.sihs.bie.edu
Shiloh Elementary School District,http://www.shiloh.k12.ca.us
Shoreline Unified School District,http://shorelineunified.org
Sierra County Office Of Education School District,http://www.sierracountyofficeofeducation.org/
Sierra Sands Unified School District,NA
Sierra Unified School District,http://www.sierra.k12.ca.us
Sierra-Plumas Joint Unified School District,http://www.sierracountyofficeofeducation.org/
Silver Fork Elementary School District,http://www.edcoe.org/districts/sfsd.html
Silver Valley Unified School District,http://www.svusdk12.net
Simi Valley Unified School District,http://www.simi.k12.ca.us
Siskiyou County Office Of Education School District,http://www.siskiyoucoe.net
Siskiyou Rop School District,NA
Siskiyou Union High School District,http://www.sisuhsd.net
Snelling-Merced Falls Union Elementary School District,http://www.snelling.k12.ca.us
Snowline Joint Unified School District,http://www.snowlineschools.com
Solana Beach Elementary School District,http://www.sbsd.k12.ca.us
Solano County Office Of Education School District,http://www.solanocoe.net
Soledad Unified School District,http://www.soledadusd.org
Solvang Elementary School District,http://www.solvangschool.org
Somis Union School District,http://www.somisusd.org
Sonoma County Office Of Education School District,http://www.scoe.org
Sonoma County Rop School District,NA
Sonoma Valley Unified School District,http://svusdca.org/
Sonora Elementary School District,http://www.ses.k12.ca.us
Sonora Union High School District,http://www.sonorahs.k12.ca.us
Soquel Union Elementary School District,http://www.soqueldo.santacruz.k12.ca.us
Soulsbyville Elementary School District,http://www.soulsbyville.k12.ca.us
South Bay Union Elementary School District,http://www.southbaydistrict.org
South Bay Union School District,http://www.sbusd.org
South Fork Union School District,NA
South Monterey County Joint Union High School District,http://www.smcjuhsd.org
South Pasadena Unified School District,http://www.spusd.net
South San Francisco Unified School District,http://www.ssfusd.org
South Whittier Elementary School District,http://www.swhittier.k12.ca.us/
Southern California Roc School District,NA
Southern Humboldt Joint Unified School District,NA
Southern Kern Unified School District,NA
Southern Trinity Joint Unified School District,http://stjusd.org
Southside Elementary School District,http://www.sbcoe.k12.ca.us/districts/southside.html
Spencer Valley Elementary School District,http://www.sdcoe.k12.ca.us/districts/spencer
Spreckels Union Elementary School District,http://www.spreckelsunionsd.org/
Springville Union Elementary School District,http://www.springvilleschool.org
Standard Elementary School District,NA
Stanislaus County Office Of Education School District,http://www.stancoe.org
Stanislaus Union Elementary School District,http://www.stanunion.k12.ca.us
Stockton Unified School District,http://www.stocktonusd.net
Stone Corral Elementary School District,http://www.tcoe.org/districts/stonecorral.shtm
Stony Creek Joint Unified School District,http://www.scjusd.org
Strathmore Union Elementary School District,http://www.suesd.k12.ca.us
Sulphur Springs Union School District,http://www.sssd.k12.ca.us
Summerville Elementary School District,http://www.sumel.k12.ca.us
Summerville Union High School District,http://www.summbears.k12.ca.us
Sundale Union Elementary School District,http://www.sundaleschool.com
Sunnyside Union Elementary School District,http://www.sunnysideunion.com
Sunnyvale School District,http://www.sesd.org
Sunol Glen Unified School District,http://www.sunol.k12.ca.us
Surprise Valley Joint Unified School District,http://www.svjusd.org
Susanville Elementary School District,http://www.susanvillesd.org
Sutter County Office Of Education School District,http://www.sutter.k12.ca.us
Sutter Union High School District,http://www.sutterhigh.k12.ca.us
Sweetwater Union High School District,http://www.sweetwaterschools.org/
Sylvan Union Elementary School District,http://www.sylvan.k12.ca.us
Taft City School District,NA
Taft Union High School District,NA
Tahoe-Truckee Unified School District,http://www.ttusd.org
Tamalpais Union High School District,http://www.tamdistrict.org
Tehachapi Unified School District,http://www.teh.k12.ca.us
Tehama County Department Of Education School District,http://www.tehamaschools.org
Tehama County Rop School District,NA
Temecula Valley Unified School District,http://www.tvusd.k12.ca.us
Temple City Unified School District,http://www.tcusd.net
Templeton Unified School District,http://tusd.ca.schoolloop.com/
Terra Bella Union Elementary School District,http://www.tbuesd.org
Thermalito Union Elementary School District,http://www.thermalito.org
Three Rivers Union Elementary School District,http://www.threeriversschools.org
Tipton Elementary School District,http://www.tiptonschool.org
Torrance Unified School District,http://www.tusd.org
Tracy Joint Unified School District,http://www.tracy.k12.ca.us
Traver Joint Elementary School District,http://www.tcoe.org/districts/traver.shtm
Travis Unified School District,http://www.travisusd.org
Tres Pinos Union Elementary School District,http://www.sbcoe.k12.ca.us/tres.pinos.html
Tri-Cities Rop School District,http://www.tcrop.k12.ca.us
Tri-County Rop School District,NA
Tri-Valley Rop School District,NA
Trinidad Union Elementary School District,NA
Trinity Alps Unified School District,http://www.tausd.org
Trinity Center Elementary School District,http://www.tcoek12.org/tces/
Trinity County Office Of Education School District,http://www.tcoek12.org
Trona Joint Unified School District,http://www.trona.k12.ca.us
Tulare City School District,http://www.tcsdk8.org
Tulare County Office Of Education School District,http://www.tcoe.org
Tulare Joint Union High School District,http://www.tulare.k12.ca.us
Tulelake Basin Joint Unified School District,http://www.tbjusd.org
Tuolumne County Superintendent Of Schools School District,http://www.tcsos.us
Turlock Unified School District,http://www.turlock.k12.ca.us
Tustin Unified School District,http://www.tustin.k12.ca.us
Twain Harte School District,http://www.thsd.k12.ca.us
Twin Hills Union Elementary School District,http://www.twinhillsusd.org
Twin Ridges Elementary School District,http://www.twinridgeselementary.com
Twin Rivers Unified School District,http://www.twinriversusd.org
Two Rock Union School District,http://www.trusd.org
Ukiah Unified School District,http://www.uusd.net
Union Elementary School District,http://www.unionsd.org
Union Hill Elementary School District,http://www.uhsd.k12.ca.us
Upland Unified School District,http://www.upland.k12.ca.us
Upper Lake Unified,NA
Vacaville Unified School District,http://www.vacavilleusd.org
Val Verde Unified School District,http://www.valverde.edu
Valle Lindo Elementary School District,http://www.vallelindo.k12.ca.us
Vallecito Union School District,http://vallecito-ca.schoolloop.com
Vallecitos Elementary School District,http://www.vallecitossd.com
Vallejo City Unified School District,http://www.vallejo.k12.ca.us
Valley Center-Pauma Unified School District,http://www.vcpusd.k12.ca.us
Valley Home Joint Elementary School District,http://www.vhjsd.org
Valley Rop School District,http://www.valleyrop.net
Ventura County Office Of Education School District,http://www.vcoe.org
Ventura County Rop School District,NA
Ventura Unified School District,http://www.venturausd.org
Victor Elementary School District,http://www.vesd.net
Victor Valley Union High School District,http://www.vvuhsd.org
Vineland Elementary School District,NA
Visalia Unified School District,http://www.vusd.org
Vista Del Mar Union School District,http://www.sbceo.k12.ca.us/~sbceot20
Vista Unified School District,http://www.vusd.k12.ca.us
Walnut Creek Elementary School District,NA
Walnut Valley Unified School District,http://www.wvusd.k12.ca.us
Warner Unified School District,http://www.sdcoe.k12.ca.us/districts/warner
Wasco Union Elementary School District,NA
Wasco Union High School District,NA
Washington Colony Elementary School District,http://www.washingtoncolony.k12.ca.us
Washington Unified School District,http://www.wusd.k12.ca.us
Washington Unified School District,http://www.wusd.k12.ca.us
Washington Union Elementary School District,http://www.washingtonusd.org
Waterford Unified School District,http://www.waterford.k12.ca.us
Waugh Elementary School District,http://www.waughsd.org
Waukena Joint Union Elementary School District,http://www.tcoe.org/districts/waukena.shtm
Weaver Union School District,http://www.weaverusd.k12.ca.us
Weed Union Elementary School District,http://www.mtshastaandweedschooldistricts.com
West Contra Costa Unified School District,http://www.wccusd.net
West Covina Unified School District,http://www.wcusd.org
West Park Elementary School District,http://www.westpark.k12.ca.us
West Side Union Elementary School District,http://www.westsideusd.org
West Sonoma County Union High School District,http://www.wscuhsd.k12.ca.us
Western Placer Unified School District,http://www.wpusd.k12.ca.us
Westminster Elementary School District,http://www.wsdk8.us
Westmorland Union Elementary School District,NA
Westside Elementary School District,NA
Westside Union Elementary School District,http://www.westside.k12.ca.us
Westwood Unified School District,http://westwoodusd.org
Wheatland School District,http://www.wheatland.k12.ca.us
Wheatland Union High School District,http://www.wheatlandhigh.org
Whitmore Union Elementary School District,http://www.shastalink.k12.ca.us/whitmore
Whittier City Elementary School District,http://www.whittiercity.net
Whittier Union High School District,http://www.wuhsd.k12.ca.us
William (R) Rouse Rop School District,http://sierra-coe.k12.ca.us
William S. Hart Union High School District,http://www.hartdistrict.org
Williams Unified School District,http://www.williamsusd.net
Willits Unified School District,http://www.willitsunified.net
Willow Creek Elementary School District,http://www.sisnet.ssku.k12.ca.us/~willoweb
Willow Grove Union Elementary School District,http://www.sbcoe.k12.ca.us/willow.grove.html
Willows Unified School District,http://www.willowsunified.org
Wilmar Union Elementary School District,http://www.wilsonschoolpetaluma.org
Wilsona Elementary School District,http://www.wilsonasd.net
Windsor Unified School District,http://www.wusd.org
Winship-Robbins School District,http://winship-robbins.sutter.k12.ca.us
Winters Joint Unified School District,http://www.wintersjusd.org
Winton School District,http://www.winton.k12.ca.us
Wiseburn Unified School District,http://www.wiseburn.k12.ca.us
Woodlake Unified School District,http://www.w-usd.org
Woodland Joint Unified School District,http://www.wjusd.org
Woodside Elementary School District,http://www.woodsideschool.us
Woodville Union Elementary School District,http://www.tcoe.org/districts/woodville.shtm
Wright Elementary School District,http://www.wrightesd.org
Yolo County Office Of Education School District,http://www.ycoe.org
Yolo County Rop School District,NA
Yosemite Rop School District,NA
Yosemite Unified School District,http://www.yosemiteusd.com
Yreka Union Elementary School District,http://www.yrekausd.net
Yreka Union High School District,http://www.yuhsd.net
Yuba City Unified School District,http://www.ycusd.k12.ca.us
Yuba County Office Of Education School District,http://www.yuba.net
Yucaipa-Calimesa Joint Unified School District,http://www.yucaipaschools.com
