Academia Antonia Alonso,http://www.academiacharter.com/
Academy Of Dover Charter School,http://www.aodcharter.org/
Appoquinimink School District,http://www.apposchooldistrict.com/
Brandywine School District,http://www.bsd.k12.de.us
Caesar Rodney School District,http://www.cr.k12.de.us
Campus Community Charter School,http://www.campuscommunityschool.com
Cape Henlopen School District,http://www.capehenlopenschools.com
Capital School District,http://www.capital.k12.de.us
Charter School Of Wilmington,http://www.charterschool.org
Christina School District,http://www.christina.k12.de.us
Colonial School District,http://www.colonial.k12.de.us
Delaware Academy Of Public Safety And Security,http://www.dapsscharterschool.org
Delaware College Preparatory Academy,http://www.dcpacademy.org/
Delaware Design-Lab High School,NA
Delaware Military Academy,http://www.demilacad.org
Delmar School District,http://www.delmar.k12.de.us/
Early College High School at Delaware State University,http://echs.desu.edu/
East Side Charter School,http://www.eastsidecharterschool.org
Edison (Thomas A.) Charter School,http://www.thomasedison.charter.k12.de.us
Family Foundations Academy,http://www.familyfoundationsacademy.org
First State Military Academy,http://www.fsmilitary.org/#
First State Montessori Academy,NA
Freire Charter School,http://www.freirewilmington.org/
Gateway Lab School,http://www.gatewaylabschool.org
Great Oaks Charter School,http://www.greatoakscharter.org/schools/wilmington
Indian River School District,http://www.irsd.net
Kuumba Academy Charter School,http://www.kuumbaacademycharter.com
Lake Forest School District,http://www.lf.k12.de.us
Las Americas Aspira Academy,http://www.aspiraacademy.org/
Laurel School District,http://www.laurel.k12.de.us
Milford School District,http://milfordschooldistrict.org
Mot Charter School,http://www.motcharter.com
Moyer (Maurice J.) Academy,NA
New Castle County Vocational-Technical School District,http://www.nccvotech.com
Newark Charter School,http://www.ncs.charter.k12.de.us
Odyssey Charter School,http://www.odysseycharterschooldel.org
Polytech School District,http://www.polytechschooldistrict.com
Positive Outcomes Charter School,http://www.positiveoutcomescs.org
Prestige Academy,http://www.prestigeacademycs.org
Providence Creek Academy Charter School,http://www.providencecreekacademy.org
Reach Academy For Girls,http://www.reachacademyforgirls.org/
Red Clay Consolidated School District,http://www.redclayschools.com
Seaford School District,http://www.seafordbluejays.org
Smyrna School District,http://www.smyrna.k12.de.us
Sussex Academy Of Arts & Sciences,http://www.sussexacademy.org
Sussex Technical School District,http://www.sussexvt.k12.de.us
Woodbridge School District,http://www.woodbridgeraiders.net
