Adams Central Public Schools,NA
Ainsworth Community Schools,NA
Alegent Immanuel Rtc School District,NA
Allen Consolidated Schools,NA
Alliance Public Schools,NA
Alma Public Schools,NA
Alternatives Academy Journeys,NA
Amherst Public Schools,NA
Anselmo-Merna Public Schools,NA
Ansley Public Schools,NA
Arapahoe Public Schools,NA
Arcadia Public Schools,NA
Arlington Public Schools,NA
Arnold Public Schools,NA
Arthur County Schools,NA
Ashland-Greenwood Public Schools,NA
Auburn Public Schools,NA
Aurora Public Schools,NA
Axtell Community Schools,NA
Bancroft-Rosalie Community Schools,NA
Banner County Public Schools,NA
Battle Creek Public Schools,NA
Bayard Public Schools,NA
Beatrice Public Schools,NA
Bellevue Public Schools,NA
Bennington Public Schools,NA
Bertrand Public Schools,NA
Blair Community Schools,NA
Bloomfield Community Schools,NA
Blue Hill Public Schools,NA
Boone Central Schools,NA
BOYD COUNTY SCHOOLS,https://boydcounty.org/
Boys & Girls Home Of Nebraska School District,NA
Boys Town Interim Program Schools,NA
Brady Public Schools,NA
Bridgeport Public Schools,NA
Broken Bow Public Schools,NA
Bruning-Davenport Unified System,NA
Burwell Public Schools,NA
Callaway Public Schools,NA
Cambridge Public Schools,NA
Cedar Bluffs Public Schools,NA
Cedars Turning Point-RTC School District,NA
Centennial Public Schools,NA
Central City Public Schools,NA
Central Valley Public Schools,NA
Centura Public Schools,NA
Chadron Public Schools,NA
Chambers Public Schools,NA
Chase County Schools,NA
Child Guidance Center Rtc School,NA
Clarkson Public Schools,NA
Clay Center Public Schools,NA
Cody-Kilgore Public Schools,NA
Columbus Public Schools,NA
Conestoga Public Schools,NA
Cozad Community Schools,NA
Crawford Public Schools,NA
Creek Valley Schools,NA
Creighton Community Public Schools,NA
Crete Public Schools,NA
Crofton Community Schools,NA
Cross County Community Schools,NA
David City Public Schools,NA
Deshler Public Schools,NA
Diller-Odell Public Schools,NA
Dodge Public Schools,NA
Dodge-Howells Unified School District,NA
Doniphan-Trumbull Public Schools,NA
Dorchester Public Schools,NA
Douglas County West Community Schools,NA
Douglas County Youth Center,NA
Dundy County Stratton Public Schools,NA
East Butler Public Schools,NA
Educational Service Unit 01,NA
Educational Service Unit 02,NA
Educational Service Unit 03,NA
Educational Service Unit 04,NA
Educational Service Unit 05,NA
Educational Service Unit 08,NA
Educational Service Unit 09,NA
Educational Service Unit 11,NA
Educational Service Unit 13,NA
Educational Service Unit 15,NA
Elba Public Schools,NA
Elgin Public Schools,NA
Elkhorn Public Schools,NA
Elkhorn Valley Schools,NA
Elm Creek Public Schools,NA
Elmwood-Murdock Public Schools,NA
Elwood Public Schools,NA
Emerson-Hubbard Public Schools,NA
Envisions Level Iii School Prog,NA
Epworth Village Learning Center,NA
Eustis-Farnam Public Schools,NA
Ewing Public Schools,NA
Exeter-Milligan Public Schools,NA
Fairbury Public Schools,NA
Falls City Public Schools,NA
Fillmore Central Public Schools,NA
Fort Calhoun Community Schools,NA
Franklin Public Schools,NA
Freeman Public Schools,NA
Fremont Public Schools,NA
Friend Public Schools,NA
Fullerton Public Schools,NA
Garden County Schools,NA
Geneva North School,NA
Gering Public Schools,NA
Gibbon Public Schools,NA
Giltner Public Schools,NA
Gordon-Rushville Public Schools,NA
Gothenburg Public Schools,NA
Grand Island Public Schools,NA
Greeley-Wolbach Public Schools,NA
Gretna Public Schools,NA
Hampton Public Schools,NA
Hartington Public Schools,NA
Harvard Public Schools,NA
Hastings Public Schools,NA
Hay Springs Public Schools,NA
Hayes Center Public Schools,NA
Heartland Community Schools,NA
Hemingford Public Schools,NA
Hershey Public Schools,NA
High Plains Community Schools,NA
Hitchcock County Unified School System,NA
Holdrege Public Schools,NA
Homer Community Schools,NA
Humboldt Table Rock Steinauer School District,NA
Humphrey Public Schools,NA
Hyannis Area Schools,NA
I Believe In Me Ranch School District,NA
Johnson County Central Public Schools,NA
Johnson-Brock Public Schools,NA
Kearney Public Schools,NA
Kenesaw Public Schools,NA
Keya Paha County Schools,NA
Kimball Public Schools,NA
Lakeview Community Schools,NA
Laurel-Concord Public Schools,NA
Leigh Community Schools,NA
Lewiston Consolidated Schools,NA
Lexington Public Schools,NA
Leyton Public Schools,NA
Lincoln Public Schools,NA
Litchfield Public Schools,NA
Logan View Public Schools,NA
Loomis Public Schools,NA
Louisville Public Schools,NA
Loup City Public Schools,NA
Loup County Public Schools,NA
Lynch Public Schools,NA
Lyons-Decatur Northeast Schools,NA
Madison Public Schools,NA
Malcolm Public Schools,NA
Maxwell Public Schools,NA
Maywood Public Schools,NA
Mc Cook Public Schools,NA
Mc Cool Junction Public Schools,NA
Mc Pherson County Schools,NA
Mead Public Schools,NA
Medicine Valley Public Schools,NA
Meridian Public Schools,NA
Milford Public Schools,NA
Millard Public Schools,NA
Minatare Public Schools,NA
Minden Public Schools,NA
Mitchell Public Schools,NA
Morrill Public Schools,NA
Morton School,NA
Mullen Public Schools,NA
Nebraska City Public Schools,NA
Nebraska Unified District 1,NA
Nebraska Youth Academy,NA
Neligh-Oakdale Schools,NA
Newcastle Public Schools,NA
Newman Grove Public Schools,NA
Niobrara Public Schools,NA
Norfolk Public Schools,NA
Norris School Dist 160,NA
North Bend Central Public Schools,NA
North Platte Public Schools,NA
Northwest Public Schools,NA
Nova Alternative School,NA
O'neill Public Schools,NA
Oakland Craig Public Schools,NA
Ogallala Public Schools,NA
Omaha Home For Boys School,NA
Omaha Public Schools,NA
Ord Public Schools,NA
Osceola Public Schools,NA
Osmond Public Schools,NA
Overton Public Schools,NA
Palmer Public Schools,NA
Palmyra District O R 1,NA
Papillion-La Vista Public Schools,NA
Pathfinder Education Prg-Lancaster County,NA
Pawnee City Public Schools,NA
Paxton Consolidated Schools,NA
Pender Public Schools,NA
Perkins County Schools,NA
Pierce Public Schools,NA
Pine Ridge Job Corps School District,NA
Plainview Public Schools,NA
Plattsmouth Community Schools,NA
Pleasanton Public Schools,NA
Ponca Public Schools,NA
Potter-Dix Public Schools,NA
Prague Public Schools,NA
Ralston Public Schools,NA
Randolph Public Schools,NA
Ravenna Public Schools,NA
Raymond Central Public Schools,NA
Red Cloud Community Schools,NA
Richard Young RTC School,NA
Rising City Public Schools,NA
Riverside Public Schools,NA
Rock County Public Schools,NA
Sandhills Public Schools,NA
Santee Community Schools,NA
Sargent Public Schools,NA
Schuyler Community Schools,NA
Scottsbluff Public Schools,NA
Scribner-Snyder Community Schools,NA
Se Nebraska Consolidated Schools,NA
Seward Public Schools,NA
Shelby - Rising City Public Schools,NA
Shelton Public Schools,NA
Shickley Public Schools,NA
Sidney Public Schools,NA
Silver Lake Public Schools,NA
Sioux County Public Schools,NA
So Central Ne Unified System 5 School District,NA
So Sioux City Community Schools,NA
South Platte Public Schools,NA
South Sarpy District 46,NA
Southern School Dist 1,NA
Southern Valley Schools,NA
Southwest Public Schools,NA
St Edward Public Schools,NA
St Paul Public Schools,NA
Stanton Community Schools,NA
Stapleton Public Schools,NA
Sterling Public Schools,NA
Stuart Public Schools,NA
Sumner-Eddyville-Miller Schools,NA
Superior Public Schools,NA
Sutherland Public Schools,NA
Sutton Public Schools,NA
Syracuse-Dunbar-Avoca Schools,NA
Tekamah-Herman Community Schools,NA
Thayer Central Community Schools,NA
Thedford Public Schools,NA
Tri County Public Schools,NA
Twin River Public Schools,NA
Umo N Ho N Nation Public Schools,NA
Unl Independent Study High School,NA
Uta Halee Girls Village School District,NA
Valentine Community Schools,NA
Wahoo Public Schools,NA
Wakefield Public Schools,NA
Wallace Public School Dist 65 R,NA
Walthill Public Schools,NA
Wauneta-Palisade Public Schools,NA
Wausa Public Schools,NA
Waverly School District 145,NA
Wayne Community Schools,NA
Weeping Water Public Schools,NA
West Boyd School District,NA
West Holt Public Schools,NA
West Point Public Schools,NA
Westside Community Schools,NA
Wheeler Central Schools,NA
Wilber-Clatonia Public Schools,NA
Wilcox-Hildreth Public Schools,NA
Winnebago Public Schools,NA
Winside Public Schools,NA
Wisner-Pilger Public Schools,NA
Wood River Rural Schools,NA
Wynot Public Schools,NA
York Public Schools,NA
Yutan Public Schools,NA
