Absecon Public School District,http://www.edline.net/pages/abseconschooldistrict
Academy Charter High School,http://www.academycharterhs.org
Academy For Urban Leadership,http://www.aulchs.org
Alexandria Township School District,http://www.alexandriaschools.org
Allamuchy Township School District,http://www.aes.k12.nj.us
Allendale Board Of Education School District,http://www.allendalek8.com
Alloway Twp School District,http://www.allowayschool.org
Alpha Borough Public School District,http://www.apsedu.org
Alpine Elementary School District,http://www.alpineschool.org
Andover Regional School District,http://www.andoverregional.org
Area Vocational Technical School District Of Mercer County,http://www.mcts.edu
Asbury Park School District,http://www.asburypark.k12.nj.us
Atlantic City Public School District,http://www.acboe.org
Atlantic Community Charter School,http://www.atlanticcitycharter.com
Atlantic County Special Services School District,http://www.acsssd.net
Atlantic County Vocational School District,http://www.acitech.org
Atlantic Highlands School District,http://www.ahes.k12.nj.us
Audubon Public School District,http://www.audubonschools.org
Avalon Elementary School District,http://WWW.AVESNJ.ORG
Avon-By-The-Sea School District,http://WWW.AVONSCHOOL.COM
Barnegat Township School District,http://www.barnegatschools.com
Barrington School District,http://www.barringtonschools.net
Bass River Township Board Of Education School District,http://WWW.BASSRIVERSCHOOLDISTRICT.ORG
Bay Head Borough School District,http://www.bayheadschool.org
Bayonne Board Of Education School District,http://www.bboed.org
Bayshore Jointure Commission School District,http://www.theshorecenter.org
Beach Haven School District,http://www.BeachHavenSchool.com
Bedminster Township Public School District,http://www.bedminsterschool.org
Belleville Public School District,http://www.bellevilleschools.org
Bellmawr Public School District,http://www.bellmawrschools.org
Belmar Board Of Education School District,http://www.belmar.k12.nj.us
Beloved Community Charter School,http://www.belovedccs.org
Belvidere School District,http://www.belvideresd.org
Benjamin Banneker Preparatory Charter School,http://www.bannekerprep.com
Bergen Arts And Sciences Charter School,http://www.bergencharter.org
Bergen County Special Services School District,http://bcss.bergen.org
Bergen County Vocational Technical School District,http://bcts.bergen.org
Bergenfield Borough School District,http://www.bergenfield.org
Berkeley Heights Public School District,http://www.bhpsnj.org
Berkeley Township School District,http://www.btboe.org
Berlin Borough School District,http://www.bcsberlin.k12.nj.us
Berlin Township School District,http://www.btwpschools.org
Bernards Township Public School District,http://www.bernardsboe.com
Bethlehem Township School District,http://www.btschools.org
Beverly City School District,http://www.beverlycityschool.org
Black Horse Pike Regional School District,http://www.bhprsd.org
Blairstown Elementary Township School District,http://www.blairstownelem.net
Bloomfield Board Of Education School District,http://www.bloomfield.k12.nj.us
Bloomingdale School District,http://www.bloomingdaleschools.org
Bloomsbury School District,http://www.bburyes.com
Bogota Public School District,http://www.bogotaboe.com
Boonton Town School District,http://www.boontonschools.org
Boonton Township Public School District,http://www.rvsnj.org
Bordentown Regional School District,http://www.bordentown.k12.nj.us
Bound Brook School District,http://www.bbrook.org
Bradley Beach Elementary School District,http://www.bbesnj.org
Branchburg Township School District,http://www.branchburg.k12.nj.us
Brick Township Public School District,http://www.brickschools.org
Bridgeton Public Charter School,http://www.bridgetonpubliccharterschool.org
Bridgeton Public School District,http://www.Bridgeton.k12.nj.us
Bridgewater-Raritan Regional School District,http://brrsd.k12.nj.us
Brielle Boro School District,http://www.brielle.k12.nj.us
Brigantine Public School District,http://www.brigantineschools.org
Brooklawn Public School District,http://www.alicecostello.com
Buena Regional School District,http://WWW.BUENA.K12.NJ.US
Burch Charter School Of Excellence,http://www.burchcharterschool.org
Burlington City  Public School District,http://www.burlington-nj.net/
Burlington County Institute Of Technology School District,http://www.bcit.cc
Burlington County Special Services School District,http://www.bcsssd.k12.nj.us
Burlington Township Board Of Education School District,http://www.burltwpsch.org
Butler Public School District,http://www.butlerboe.org
Byram Township Board Of Education School District,http://www.byramschools.org
Caldwell-West Caldwell Public School District,http://www.cwcboe.org
Califon School District,http://www.califonschool.org
Camden City Public School District,http://WWW.CAMDEN.K12.NJ.US
Camden Community Charter School,http://CamdenCharter.com
Camden County Technical School District,http://www.ccts.org
Camden Prep INC.,http://www.camdenprep.uncommonschools.org
Camdens Promise Charter School,http://www.promiseacademycharter.org
Cape May City Board Of Education School District,http://www.cmcboe.org
Cape May County Special Services School District,http://www.cmcspecialservices.org
Cape May County Technical High School District,http://www.capemaytech.com
Carlstadt Public School District,http://www.carlstadt.org
Carlstadt-East Rutherford Regional High School District,http://www.bectonhs.org
Carteret Public School District,http://www.carteretschools.org
Cedar Grove Township School District,http://www.cedargrove.k12.nj.us/
Central Jersey College Prep Charter School,http://www.cjcollegeprep.org
Central Regional School District,http://www.centralreg.k12.nj.us
Charter Technical High School For The Performing Arts,http://www.chartertech.org
Cherry Hill Township School District,http://www.chclc.org
Chester School District,http://www.chester-nj.org
Chesterfield Township School District,http://www.chesterfieldschool.com
Cinnaminson Township Public School District,http://www.cinnaminson.com
City Of Vineland Board Of Education School District,http://www.vineland.org
Clark Township Public School District,http://www.clarkschools.org
Classical Academy Charter School Of Clifton,http://www.classicalacademy.org
Clayton Public School District,http://www.claytonps.org
Clearview Regional High School District,http://www.clearviewregional.edu
Clementon Elementary School District,http://clementon.k12.nj.us
Cliffside Park School District,http://www.cliffsidepark.edu
Clifton Public School District,http://www.clifton.k12.nj.us/
Clinton Township School District,http://www.ctsd.k12.nj.us
Clinton-Glen Gardner Board Of Education School District,http://cpsnj.org
Closter Public School District,http://www.closterschools.org
College Achieve Central Charter School,http://www.collegeachieve.org
Collingswood Public School District,http://www.collsk12.org
Colts Neck Township School District,http://www.coltsneckschools.org
Commercial Township School District,http://www.commercial.k12.nj.us
Community Charter School Of Paterson,http://www.ccsp.org
Compass Academy Charter School,http://www.compassacademycharter.org
Cranbury Township Board Of Education School District,http://www.cranburyschool.org
Cranford Public School District,http://cranfordschools.org
Cresskill Public School District,http://www.cboek12.org
Cresthaven Academy Charter School,http://www.cresthavenacademy.org
Cumberland County Board Of Vocational Education School District,http://www.cctecnj.org
Cumberland Regional School District,http://www.crhsd.org
Deal Boro School District,http://www.dealschool.org
Deerfield Township School District,http://www.deerfield.k12.nj.us
Delanco Township School District,http://www.delanco.com
Delaware Township School District,http://www.dtsk8.org
Delaware Valley Regional High School District,http://www.dvrhs.org
Delran Township School District,http://www.delranschools.org
Delsea Regional High School District,http://www.delsearegional.us
Demarest School District,http://demarestsd.schoolwires.net
Dennis Township School District,http://www.dennistwpschools.org
Denville Township Board Of Education School District,http://www.denville.org
Deptford Township Public School District,http://www.deptford.k12.nj.us
Discovery Charter School,http://www.discoverycs.org
Dover Public School District,http://district.dover-nj.org
Downe Township School District,http://www.downeschool.org
Dr Lena Edwards Academic Charter School,http://www.drlenaedwardscharterschool.org
Dumont Board Of Education School District,http://www.dumontnj.org
Dunellen Public School District,http://www.dunellenschools.org
Eagleswood Township School District,http://www.eagleswood.org
East Amwell Township School District,http://www.eastamwell.org
East Brunswick Public School District,http://www.ebnet.org
East Greenwich Township Board Of Education School District,http://www.eastgreenwich.k12.nj.us
East Hanover Township School District,http://www.easthanoverschools.org
East Newark School District,http://www.eastnewarkschool.org
East Orange Community Charter School,http://www.theeoccs.org
East Orange School District,http://www.eastorange.k12.nj.us
East Rutherford School District,http://www.erboe.net
East Windsor Regional School District,http://www.eastwindsorregionalschools.com
Eastampton Township School District,http://www.eastampton.k12.nj.us
Eastern Camden County Regional School District,http://www.eccrsd.us
Eatontown Public School District,http://www.eatontown.org
Edgewater Park Township School District,http://www.edgewaterparksd.org
Edgewater School District,http://www.edgewaterschools.org
Edison Township Public School District,http://www.edison.k12.nj.us
Educational Services Commission Of Morris County School District,http://www.escmorris.com
Educational Services Commission Of New Jersey,http://www.mresc.k12.nj.us
Egg Harbor City School District,http://www.ehcs.k12.nj.us
Egg Harbor Township School District,http://eht.k12.nj.us
Elizabeth Public School District,http://www.epsnj.org
Elk Township School District,http://www.elk.k12.nj.us
Elmwood Park Board Of Education School District,http://www.elmwoodparkschools.org
Elsinboro Township School District,http://www.elsinboroschool.org
Elysian Charter School,http://www.ecsnj.org
Emerson School District,http://www.emerson.k12.nj.us
Empowerment Academy Charter School,http://www.empacad.org
Englewood Cliffs Public School District,http://www.englewoodcliffs.org
Englewood On The Palisades Charter School,http://www.epcs.ws
Englewood Public School District,http://www.epsd.org
Environment Community Opportunity (Eco) Charter School,http://www.ecocharterschool.org
Essex County Vocational Technical School District,http://www.essextech.org
Essex Fells School District,http://www.efsk-6.org
Essex Regional Educational Services Commission School District,http://www.eresc.com
Estell Manor City School District,http://www.estellmanorschool.com
Evesham Township School District,http://www.evesham.k12.nj.us
Ewing Township Public School District,http://www.ewing.k12.nj.us
Fair Haven School District,http://www.fairhaven.edu
Fair Lawn Public School District,http://www.fairlawnschools.org
Fairfield Public School District,http://www.fpsk6.org
Fairfield Township School District,http://www.fairfield.k12.nj.us
Fairview Public School District,http://www.fairviewps.org
Farmingdale Board Of Education School District,http://farmingdaleschool.com
Flemington-Raritan Regional School District,http://www.frsd.k12.nj.us
Florence Township School District,http://www.florence.k12.nj.us
Florham Park Public School District,http://www.fpks.org
Folsom Borough School District,http://www.folsomschool.org/
Fort Lee Public School District,http://www.flboe.com
Foundation Academy Charter School,http://www.foundationacademies.org
Frankford Township School District,http://www.frankfordschool.org
Franklin Borough School District,http://www.fboe.org
Franklin Lakes Public School District,http://www.franklinlakes.k12.nj.us
Franklin Township Board Of Education School District,http://www.franklintwpschools.org
Franklin Township Public School District,http://www.franklinboe.org
Franklin Township School District,http://www.ftschool.org
Franklin Township School District,http://www.ftschool.org
Fredon Township School District,http://www.fredon.org
Freedom Academy Charter School,http://www.democracyprep.org/schools/about/freedom-prep-charter-school
Freehold Borough Public School District,http://www.freeholdboro.k12.nj.us
Freehold Regional High School District,http://www.frhsd.com
Freehold Township School District,http://www.freeholdtwp.k12.nj.us
Frelinghuysen Township School District,http://WWW.FRELINGHUYSENSCHOOL.ORG
Frenchtown School District,http://teacherweb.com/NJ/Frenchtownschool/SchoolWebsite/
Galloway Township Public School District,http://WWW.GTPS.K12.NJ.US
Garfield Public School District,http://GBOE.ORG
Garwood Boro School District,http://www.garwoodschools.org
Gateway Regionalschool District,http://www.gatewayhs.com
Gibbsboro Elementary School District,http://www.gibbsboroschool.org
Glassboro Public School District,http://www.glassboroschools.us
Glen Ridge Public School District,http://www.glenridge.org
Glen Rock Public School District,http://WWW.GLENROCKNJ.ORG
Gloucester City Public School District,http://gcsd.k12.nj.us
Gloucester County Special Services School District,http://www.gcsssd.org
Gloucester County Vocational-Technical School District,http://www.gcit.org
Gloucester Township Public School District,http://www.gloucestertownshipschools.org
Gray Charter School,http://www.graycharterschool.com
Great Futures Charter School,http://www.greatfuturescharterhs.org
Great Meadows Regional School District,http://www.gmrsd.com
Great Oaks Charter School,http://www.greatoakscharter.org
Greater Brunswick Charter School,http://www.greaterbrunswick.org
Greater Egg Harbor Regional High School District,http://www.gehrhsd.net
Green Brook Township Public School District,http://www.gbtps.org
Green Township School District,http://www.greenhills.org
Greenwich Township School District,http://www.morrisgoodwinschool.org
Greenwich Township School District,http://www.morrisgoodwinschool.org
Greenwich Township School District,http://www.morrisgoodwinschool.org
Guttenberg School District,http://www.alkschool.org
Hackensack City School District,http://hackensackschools.org
Hackettstown Public School District,http://www.hackettstown.org
Haddon Heights School District,http://www.hhsd.k12.nj.us
Haddon Township School District,http://HADDONTWPSCHOOLS.COM
Haddonfield Board Of Education School District,http://haddonfield.k12.nj.us
Hainesport Township School District,http://www.hainesport.k12.nj.us
Haledon Public School District,http://www.haledon.org
Hamburg School District,http://www.hamburgschool.com
Hamilton School District - Pace Charter School Of Hamilton,http://www.pace.charter.k12.nj.us
Hamilton Township Public School District,http://www.hamilton.k12.nj.us
Hamilton Township School District,http://www.hamiltonschools.org
Hammonton School District,http://www.hammontonps.org
Hampton Borough Public School District,http://hampton.nhvweb.net
Hampton Township School District,http://www.mckeown.org
Hanover Park Regional High School District,http://www.hpreg.org
Hanover Township Board Of Education School District,http://www.hanovertwpschools.org
Harding Township School District,http://www.hardingtwp.org
Hardyston Township School District,http://www.htps.org
Harmony Township School District,http://www.harmonytownshipschool.org
Harrington Park School District,http://www.hpsd.org
Harrison Public School District,http://www.harrisonschools.org
Harrison Township School District,http://www.harrisontwp.k12.nj.us
Hasbrouck Heights Board Of Education School District,http://www.hhschools.org
Hatikvah International Academy Charter School,http://www.hatikvahcharterschool.com
Haworth Public School District,http://www.haworth.org
Hawthorne Board Of Education School District,http://www.hawthorne.k12.nj.us
Hazlet Township Public School District,http://www.hazlet.org
Henry Hudson Regional School District,http://www.henryhudsonreg.k12.nj.us
High Bridge Borough School District,http://www.hbschools.org
High Point Regional High School District,http://www.hpregional.org
Highland Park Board Of Education School District,http://WWW.HPSCHOOLS.NET
Highlands Elementary School District,http://www.highlandselementary.org
Hillsborough Township Public School District,http://www.htps.us
Hillsdale Board Of Education School District,http://www.hillsdaleschools.com
Hillside Board Of Education School District,http://district.hillsidek12.org/
Ho-Ho-Kus School District,http://www.hohokus.org
Hoboken Charter School,http://www.hobokencs.org
Hoboken Dual Language Charter School,http://holahoboken.org/
Hoboken Public School District,http://www.hoboken.k12.nj.us
Holland Township School District,http://www.hollandschool.org
Holmdel Township School District,http://www.holmdelschools.org
Hopatcong Borough School District,http://www.hopatcongschools.org
Hope Academy Charter School,http://www.hopeacademycs.org
Hope Community Charter School,http://www.hopecommunitycharter.org/
Hope Township School District,http://www.hope-elem.org
Hopewell Township School District,http://hopewellcrest.org
Hopewell Valley Regional School District,http://www.hvrsd.org
Howell Township Public School District,http://WWW.HOWELL.K12.NJ.US
Hudson Arts and Sciences Charter,http://www.hudsoncharter.org
Hudson County School District Of Technology,http://www.hcstonline.org
Hunterdon Central Regional High School District,http://www.hcrhs.org
Hunterdon County Educational Services Commission School District,http://www.hunterdonesc.org
Hunterdon County Vocational School District,http://www.hcpolytech.org
International Academy Of Atlantic City Charter School,http://www.iaac.sabis.net
International Academy Of Trenton Charter School,http://www.iat.sabis.net
International Charter School Of Trenton,http://Internationalcs.org
Irvington Board Of Education School District,http://www.irvington.k12.nj.us/
Island Heights Board Of Education School District,http://www.islandheights.k12.nj.us
Jackson Township School District,http://www.jacksonsd.org
Jamesburg Public School District,http://www.jamesburg.org
Jefferson Township School District,http://www.jefftwp.org
Jersey City Community Charter School,http://www.jcccsonline.org
Jersey City Global Charter School,http://www.jcgcs.org
Jersey City Golden Door Charter School,http://www.goldendoorschool.org
Jersey City Public School District,http://www.jcboe.org
John P Holland Charter School,http://www.jphcs.org
Keansburg School District,http://www.keansburg.k12.nj.us
Kearny School District,http://kearnyschools.com
Kenilworth School District,http://www.kenilworthschools.com
Keyport Board Of Education School District,http://www.kpsdschools.org
Kingsway Regional School District,http://www.kingsway.k12.nj.us
Kingwood Township School District,http://WWW.KINGWOODSCHOOL.ORG
Kinnelon Board Of Education School District,http://www.kinnelonpublicschools.org
Kipp: Cooper Norcross A New Jersey Nonprofit Corporation,http://kippnj.org/schools/lanning-square-primary/
Kittatinny Regional School District,http://www.krhs.net
Knowlton Township Board Of Education School District,http://www.knowltonschool.com
Lacey Township School District,http://www.laceyschools.org
Lady Liberty Academy Charter School,http://www.llacs.org
Lafayette Township School District,http://www.ltes.org
Lakehurst Elementary School District,http://www.lakehurstschool.org
Lakeland Regional High School District,http://www.lakeland.k12.nj.us
Lakewood Township School District,http://www.lakewoodpiners.org
Lambertville Public School District,http://www.lpschool.org
Laurel Springs School District,http://www.laurelspringschool.org
Lavallette Borough Board Of Education School District,http://www.lavallettek12.org
Lawnside School District,http://lawnside.k12.nj.us
Lawrence Township Public School District,http://www.ltps.org
Lawrence Township School District,http://www.myronlpowell.org
Leap Academy University Charter School,http://www.leapacademycharter.org
Lebanon Borough School District,http://lbsd.schoolwires.com
Lebanon Township School District,http://www.lebtwpk8.org
Lenape Regional High School District,http://www.lrhsd.org
Lenape Valley Regional Highschool District,http://www.lvhs.org
Leonia Public School District,http://www.leoniaschools.org
Lincoln Park School District,http://www.lincolnparkboe.org
Linden City Board Of Education School District,http://www.linden.k12.nj.us
Lindenwold Board Of Education School District,http://www.lindenwold.k12.nj.us
Link Community Charter School,http://www.linkschool.org
Linwood City School District,http://www.linwoodschools.org
Little Egg Harbor Township School District,http://www.lehsd.k12.nj.us
Little Falls Township Public School District,http://www.lfschools.org
Little Ferry Public School District,http://www.littleferry.k12.nj.us
Little Silver Boro School District,http://WWW.LITTLESILVERSCHOOLS.ORG
Livingston Public School District,http://www.livingston.org
Lodi Public School District,http://www.lodi.k12.nj.us/
Logan Township School District,http://www.logan.k12.nj.us
Long Beach Island Consolidated School District,http://www.lbischools.org
Long Branch Public School District,http://www.longbranch.k12.nj.us
Long Hill Township School District,http://www.longhill.org
Lopatcong Township School District,http://www.lopatsd.org
Lower Alloways Creek School District,http://www.lacschool.org
Lower Cape May Regional School District,http://www.lcmrschools.com
Lower Township Elementary School District,http://www.lowertwpschools.com
Lumberton Township Board Of Education School District,http://www.lumberton.k12.nj.us
Lyndhurst School District,http://lyndhurstschools.net
M.E.T.S. Charter School,http://www.metscharterschool.org
Madison School District,http://www.madisonpublicschools.org
Magnolia School District,http://www.magnoliaschools.org
Mahwah Township Public School District,http://www.mahwah.k12.nj.us
Mainland Regional High School District,http://MAINLANDREGIONAL.NET
Manalapan-Englishtown Regional School District,http://www.mers.k12.nj.us
Manasquan School District,http://www.manasquanschools.org
Manchester Township School District,http://www.manchestertwp.org
Mannington Township School District,http://manningtonschool.org
Mansfield Township Elementary School District,http://www.mansfieldelementary.org
Mansfield Township School District,http://www.mansfieldschool.com
Mantua Township Board Of Education School District,http://www.mantuaschools.com
Manville Board Of Education School District,http://www.manvilleschools.org
Maple Shade School District,http://www.mapleshade.org
Margate City School District,http://www.margateschools.org
Maria Varisco Rogers Charter School,http://www.mvrogerscharter.org
Marie H. Katzenbach School For The Deaf,http://www.mksd.org
Marion P. Thomas Charter School,http://www.mptcs.org
Marlboro Township Board Of Education School District,http://www.marlboro.k12.nj.us
Mastery Schools Of Camden Inc.,http://www.masterynj.org
Matawan-Aberdeen Regional School District,http://www.marsd.org
Maurice River Township Elementary School District,http://www.mrtes.com
Maywood Board Of Education School District,http://WWW.MAYWOODSCHOOLS.ORG
Medford Lakes School District,http://www.medford-lakes.k12.nj.us
Medford Township Public School District,http://www.medford.k12.nj.us
Mendham Borough School District,http://www.mendhamboro.org
Mendham Township Board Of Education School District,http://www.mendhamtwp.org
Mercer County Special Services School District,http://www.mcsssd.org
Merchantville School District,http://www.merchantvilleschool.org
Merit Preparatory Charter School Of Newark,http://www.meritprepschools.org
Metuchen Public School District,http://www.metuchenschools.org
Middle Township Public School District,http://www.middletwp.k12.nj.us
Middlesex Borough Public School District,http://www.middlesex.k12.nj.us
Middlesex County Vocational And Technical School District,http://www.mcvts.net
Middletown Township Public School District,http://www.middletownk12.org
Midland Park Public School District,http://mpsnj.org
Milford Boro School District,http://www.milfordpublicschool.com
Millburn Township School District,http://www.millburn.org
Millstone Township School District,http://www.millstone.k12.nj.us
Milltown Borough Public School District,http://www.milltownps.org
Millville Board Of Education School District,http://mps.millvillenj.gov
Millville Public Charter School,http://millvillepubliccharterschool.org
Mine Hill Township School District,http://www.minehillcas.org
Monmouth Beach Elementary School District,http://MBSCHOOL.ORG
Monmouth County Vocational School District,http://www.mcvsd.org
Monmouth Regional School District,http://www.monmouthregional.net
Monmouth-Ocean Educational Services Commission School District,http://www.moesc.org
Monroe Township Board Of Education School District,http://WWW.MONROE.K12.NJ.US
Monroe Township Public School District,http://www.monroetwp.k12.nj.us/
Montague Township School District,http://WWW.MONTAGUESCHOOL.ORG
Montclair Public School District,http://www.montclair.k12.nj.us
Montgomery Township School District,http://www.mtsd.k12.nj.us
Montvale Board Of Education School District,http://www.montvalek8.org
Montville Township School District,http://www.montville.net
Moonachie School District,http://www.moonachieschool.org
Moorestown Township School District,http://www.mtps.com
Morris County Vocational School District,http://www.mcvts.org
Morris Hills Regionalschool District,http://www.mhrd.org
Morris Plains School District,http://MORRISPLAINSSCHOOLDISTRICT.ORG
Morris School District,http://www.morrisschooldistrict.org
Morris-Union Jointure Commisson School District,http://www.mujc.org
Mount Arlington Public School District,http://www.mtartlingtonk8.org
Mount Holly Township Public School District,http://www.mtholly.k12.nj.us
Mount Laurel Township School District,http://mtlaurelschools.org
Mount Olive Township School District,http://www.mtoliveboe.org
Mountain Lakes Board Of Education School District,http://www.mlschools.org/district
Mountainside School District,http://www.mountainsideschools.org
Mt. Ephraim School District,http://www.mtephraimschools.org
Mullica Township School District,http://www.mullica.k12.nj.us
National Park Boro School District,http://www.npelem.com
Neptune City School District,http://WWW.NEPTUNECITYSCHOOL.ORG
Neptune Township School District,http://www.neptune.k12.nj.us
Netcong Elementary School District,http://www.netcongschool.org
New Brunswick Public School District,http://www.nbps.k12.nj.us
New Hanover Township School District,http://newhanover.k12.nj.us
New Horizons Community Charter School,http://www.nhccschool.org
New Milford School District,http://www.newmilfordschools.org
New Providence Board Of Education School District,http://www.npsd.k12.nj.us
Newark Educators Community Charter School,http://newarkeducators.org
Newark Prep Charter School,http://www.newarkprep.com
Newton Public School District,http://www.newtonnj.org
North Arlington School District,http://www.narlington.k12.nj.us
North Bergen School District,http://www.northbergen.k12.nj.us
North Brunswick Township Public School District,http://www.nbtschools.org
North Caldwell Board Of Education School District,http://www.ncboe.org
North Haledon School District,http://www.nhschools.net
North Hanover Township School District,http://www.nhanover.com
North Hunterdon-Voorhees Regional High School District,http://www.nhvweb.net
North Plainfield Boro School District,http://www.nplainfield.org
North Star Academy Charter School Of Newark,http://www.northstaracademy.org
North Warren Regional School District,http://www.northwarren.org
North Wildwood School District,http://www.mmace.com
Northern Burlington County Regional School District,http://www.nburlington.com
Northern Highlands Regional High School District,http://www.northernhighlands.org
Northern Valley Regional High School District,http://www.nvnet.org
Northfield City School District,http://www.ncs-nj.org
Northvale Public School District,http://www.NORTHVALESCHOOL.ORG
Norwood Public School District,http://www.wearenorwood.org
Nutley Public School District,http://www.nutleyschools.org
Oakland Board Of Education School District,http://www.oaklandschoolsnj.org
Oaklyn Public School District,http://www.oaklynschool.org
Ocean City School District,http://www.oceancityschools.org
Ocean County Vocational Technical School District,http://www.ocvts.org
Ocean Gate School District,http://www.oceangateschool.net
Ocean Township School District,http://www.otsdk6.org
Oceanport School District,http://oceanport.k12.nj.us
Office Of Education Department Of Children And Families School District,NA
Office Of Education Juvenile Justice Commission School District,NA
Ogdensburg Borough School District,http://www.obboe.org
Old Bridge Township School District,http://www.oldbridgeadmin.org
Old Tappan Public School District,http://www.oldtappanschools.org
Oldmans Township School District,http://WWW.OLDMANS.ORG
Oradell School District,http://oradellschool.org
Orange Board Of Education School District,http://www.orange.k12.nj.us
Oxford Township School District,http://www.oxfordcentral.org
Palisades Park Board Of Education School District,http://palpkschools.org
Palmyra Public School District,http://palmyraschools.com/ps/
Paramus Public School District,http://www.paramus.k12.nj.us
Park Ridge Public School District,http://www.parkridge.k12.nj.us
Parsippany-Troy Hills Township School District,http://www.pthsd.k12.nj.us
Pascack Valley Regional High School District,http://www.pascack.k12.nj.us
Passaic Arts And Science Charter School,http://www.passaiccharter.org
Passaic City Public School District,http://www.passaicschools.org/
Passaic County Educational Services Commission School District,http://www.pcesc.org
Passaic County Manchester Regional High School District,http://WWW.MRHS.NET
Passaic County Vocational School District,http://www.pcti.tec.nj.us
Passaic Valley Regional High School District #1,http://www.pvhs.k12.nj.us
Paterson Arts And Science Charter School,http://www.patersoncharter.org
Paterson Charter School For Science And Technology,http://www.pcsst.org
Paterson Public School District,http://www.paterson.k12.nj.us
Paul Robeson Charter School For The Humanities,http://www.paulrobesoncs.org
Paulo Freire Charter School,http://www.thefreireschool.org
Paulsboro Public School District,http://WWW.PAULSBORO.K12.NJ.US
Pemberton Township School District,http://www.pemberton.k12.nj.us
Penns Grove-Carneys Point Regional School District,http://www.pgcpschools.org
Pennsauken Township Board Of Education School District,http://PENNSAUKEN.NET
Pennsville Public School District,http://www.psdnet.org
Peoples Preparatory Charter School,http://peoplesprepnewark.org
Pequannock Township School District,http://www.pequannock.org
Perth Amboy Public School District,http://www.paps.net
Philips Academy Charter School Of Paterson,http://www.pacspaterson.org
Phillip's Academy  Charter School,http://www.pacsnewark.org
Phillipsburg School District,http://www.pburgsd.net
Pine Hill Borough Board Of Education School District,http://www.pinehill.k12.nj.us
Pinelands Regional School District,http://www.pinelandsregional.org
Piscataway Township School District,http://www.piscatawayschools.org
Pitman Boro Public School District,http://pitman.k12.nj.us
Pittsgrove Township Board Of Education School District,http://www.pittsgrove.net
Plainfield Public School District,http://www.plainfieldnjk12.org
Pleasantville Public School District,http://www.pps-nj.us/pps/
Plumsted Township Board Of Education School District,http://www.newegypt.us
Pohatcong Township School District,http://www.pohatcong.org
Point Pleasant Beach Board Of Education School District,http://www.ptbeach.com
Point Pleasant Borough Board Of Education School District,http://www.pointpleasant.k12.nj.us
Pompton Lakes Boro School District,http://www.plps-k12.org/
Port Republic School District,http://www.portnj.org
Pride Academy Charter School,http://www.prideacs.org
Princeton Charter School,http://www.pcs.k12.nj.us
Princeton Public School District,http://www.princetonk12.org
Prospect Park School District,http://www.prospectparknj.com
Quinton Township Board Of Education School District,http://quinton.nj.schoolwebpages.com
Rahway Public School District,http://www.rahway.net
Ramapo Indian Hills Regional High School District,http://www.rih.org
Ramsey Public School District,http://WWW.RAMSEY.K12.NJ.US
Rancocas Valley Regional High School District,http://www.rvrhs.com
Randolph Township School District,http://www.rtnj.org
Readington Township Public School District,http://www.readington.k12.nj.us
Red Bank Borough Public School District,http://www.rbb.k12.nj.us
Red Bank Charter School,http://www.redbankcharterschool.com
Red Bank Regional School District,http://www.rbrhs.org
Ridge And Valley Charter School,http://www.ridgeandvalley.org
Ridgefield Park Township School District,http://www.rpps.net
Ridgefield Public School District,http://www.ridgefieldschools.com
Ridgewood Public School District,http://www.ridgewood.k12.nj.us/
Ringwood School District,http://www.ringwoodschools.org
River Dell Regional School District,http://www.riverdell.org
River Edge School District,http://www.riveredgeschools.org
River Vale Publc School District,http://www.rivervaleschools.com
Riverbank Charter School,http://riverbank.charter.k12.nj.us
Riverdale School District,http://www.rpsnj.org
Riverside Township School District,http://www.riverside.k12.nj.us
Riverton School District,http://www.riverton.k12.nj.us
Robbinsville Public School District,http://www.robbinsville.k12.nj.us
Robert Treat Academy Charter School,http://www.RobertTreatAcademy.org
Rochelle Park School District,http://rp.bergen.org
Rockaway Borough Public School District,http://www.rockboro.org
Rockaway Township School District,http://www.rocktwp.org
Roosevelt Public School District,http://www.rps1.org
Roseland School District,http://www.roselandnjboe.org
Roselle Park Board Of Education School District,http://www.rpsd.org
Roselle Public School District,http://WWW.ROSELLESCHOOLS.ORG
Roseville Community Cs,http://www.rosevillecharter.org
Roxbury Township School District,http://www.roxbury.org
Rumson Borough School District,http://www.rumsonschool.org
Rumson-Fair Haven Regional High School District,http://www.rumsonfairhaven.org
Runnemede Public School District,http://www.runnemedeschools.org
Rutherford Public School District,http://www.rutherfordschools.org
Saddle Brook Township Board Of Education School District,http://www.saddlebrookschools.org
Saddle River School District,http://wandellschool.org
Salem City Board Of Education School District,http://www.SALEMNJ.ORG
Salem County Special Services School District,http://scsssd.org
Salem County Vocational Technical School District,http://www.scvts.org
Sandyston-Walpack Consolidated School District,http://www.sandystonwalpack.org
Sayreville Public School District,http://www.sayrevillek12.net
Scotch Plains-Fanwood School District,http://www.spfk12.org
Sea Girt Borough Public School District,http://www.seagirt.k12.nj.us
Seaside Heights School District,http://www.sshschool.org/
Secaucus Board Of Education School District,http://www.sboe.us
Shamong Township School District,http://www.shamongschools.org
Shore Regional High School District,http://www.shoreregional.org
Shrewsbury Borough School District,http://www.sbs.k12.nj.us/sbs
Soaraing Heights Charter School,http://www.soaringheightscharterschool.com
Somerdale Public School District,http://www.somerdale-park.org
Somers Point School District,http://www.sptsd.org
Somerset County Educational Services Commission School District,http://www.sc.esc.k12.nj.us
Somerset County Vocational And Technical School District,http://www.scvths.org
Somerset Hills Regional School District,http://www.shsd.org/
Somerville Borough School District,http://WWW.SOMERVILLENJK12.ORG
South  Bergen Jointure Commission School District,http://www.njsbjc.org
South Amboy School District,http://www.sapublicschools.com
South Bound Brook Public School District,http://www.rmschool.com
South Brunswick School District,http://www.sbschools.org
South Hackensack School District,http://www.shmemorial.org
South Harrison Township School District,http://www.southharrison.k12.nj.us
South Hunterdon Regional School District,http://www.shrsd.org
South Orange-Maplewood School District,http://www.somsd.k12.nj.us
South Plainfield Public School District,http://www.spboe.org
South River Public School District,http://srivernj.org
Southampton Township School District,http://www.southampton.k12.nj.us
Southern Regional School District,http://www.srsd.net
Sparta Township Public School District,http://www.sparta.org
Spotswood Public School District,http://www.spotswood.k12.nj.us
Spring Lake Borough School District,http://www.hwmountz.k12.nj.us
Spring Lake Heights School District,http://www.slheights.org
Springfield Public School District,http://www.springfieldschools.com
Springfield Township School District,http://www.springfieldschool.org
Stafford Township School District,http://www.staffordschools.org
Stanhope School District,http://www.stanhopeschools.org
Sterling School District,http://www.sterling.k12.nj.us
Stillwater Township School District,http://www.stillwaterschool.net
Stone Harbor Elementary School District,http://www.shesnj.org
Stow Creek Township School District,http://www.stowcreekschool.com
Stratford School District,http://www.stratford.k12.nj.us
Summit Public School District,http://www.summit.k12.nj.us
Sussex County Charter School For Technology,http://www.sussexcharter.org
Sussex County Educational Services Commission School District,http://www.sussexesc.org
Sussex County Technical School District,http://www.sussextech.org
Sussex-Wantage Regional School District,http://www.swregional.org
Swedesboro-Woolwich Board Of Education School District,http://WWW.SWEDESBORO-WOOLWICH.COM
Tabernacle Township School District,http://www.tabschools.org
Team Academy Charter School,http://www.teamschools.org
Teaneck Community Charter School,http://www.tccsnj.org
Teaneck Public School District,http://www.teaneckschools.org
Tenafly Public School District,http://tenafly.k12.nj.us
Tewksbury Township School District,http://www.tewksburyschools.org
The Barack Obama Green Charter High,http://www.obamagreencharter.org
The Ethical Community Charter School,http://www.teccs-jc.org/
The Kingdom Charter School Of Leadership School District,http://www.thekingdomcharter.org
The Learning Community Charter School,http://www.lccsnj.org
The Newark Public School District,http://WWW.NPS.K12.NJ.US
The Queen City Academy Charter School,http://www.queencity.edu
The School District Of The Chathams,http://www.chatham-nj.org
The Village Charter School,http://www.villagecharter.org
Thomas Edison Energysmart Charter School,http://www.energysmartschool.org
Tinton Falls School District,http://www.tfs.k12.nj.us
Toms River Regional School District,http://www.trschools.com
Totowa Public School District,http://www.totowa.k12.nj.us
Township Of Ocean School District,http://www.oceanschools.org
Trenton Public School District,http://www.trenton.k12.nj.us
Trenton Stem-To-Civics Charter School,http://www.stemcivics.org
Tuckerton Borough School District,http://www.tuckerton.k12.nj.us
Twp Of Union Board Of Education School District,http://www.twpunionschools.org
Union Beach Public School District,http://www.unionbeachschools.org
Union City School District,http://www.union-city.k12.nj.us
Union County Educational Services Commission School District,http://www.ucesc.org
Union County Teams Charter School-High School,http://www.ucteams.org
Union County Vocational-Technical School District,http://www.ucvts.tec.nj.us
Union Township School District,http://www.uniontwpschool.org
Unity Charter School,http://www.unitycharterschool.org
University Academy Charter High School,http://www.uachs.org
University Heights Charter School,http://www.uhcs-newark.org
Upper Deerfield Township School District,http://www.upperdeerfieldschools.org
Upper Freehold Regional School District,http://www.ufrsd.net
Upper Pittsgrove Twp School District,http://upperpitts.org/
Upper Saddle River School District,http://www.usrschoolsk8.com
Upper Township School District,http://www.upperschools.org
Ventnor City School District,http://www.veccnj.org
Vernon Township School District,http://www.vtsd.com
Verona  Public School District,http://www.veronaschools.org
Vineland Public Charter School,http://www.vinelandpubliccharterschool.org/
Voorhees Township Board Of Education School District,http://www.voorhees.k12.nj.us
Waldwick School District,http://www.waldwick.k12.nj.us
Wall Township Public School District,http://www.wall.k12.nj.us
Wallington Boro School District,http://www.wboe.org
Wallkill Valley Regional High School District,http://WWW.WALLKILL.K12.NJ.US
Wanaque Public School District,http://www.wanaqueps.org
Warren County Special Services School District,http://www.wcsssd.org
Warren County Technical School District,http://www.wctech.org
Warren Hills Regional School District,http://www.warrenhills.org
Warren Township School District,http://www.warrentboe.org
Washington Borough School District,http://www.washboroschools.org
Washington Township Public School District,http://www.wtschools.org
Washington Township Public School District,http://www.wtschools.org
Washington Township School District,http://www.wtps.org
Watchung Borough Public School District,http://www.watchungschools.com
Watchung Hills Regional High School District,http://www.whrhs.org
Waterford Township Public School District,http://www.wtsd.org
Wayne Township Public School District,http://WWW.WAYNESCHOOLS.COM
Weehawken Board Of Education School District,http://weehawkenschools.net
Wenonah Boro School District,http://www.wenonahschool.org
West Cape May Elementary School District,http://wcm.capemayschools.com
West Deptford Township Public School District,http://www.wdeptford.k12.nj.us
West Essex Regional School District,http://www.westex.org
West Long Branch Board Of Education School District,http://wlbschools.com
West Milford Township Public School District,http://www.wmtps.org
West Morris Regional High School District,http://WWW.WMRHSD.ORG
West New York Board Of Education School District,http://www.wnyschools.net
West Orange Public School District,http://www.woboe.org
West Windsor-Plainsboro Regional School District,http://www.ww-p.org/
Westampton Township Public School District,http://www.westamptonschools.org
Westfield Public School District,http://www.westfieldnjk12.org
Westville Boro Public School District,http://www.westvillesd.com
Westwood Regional School District,http://www.wwrsd.org
Weymouth Township School District,http://www.weymouthtownshipschool.com
Wharton Borough Board Of Education School District,http://www.wbps.org
White Township School District,http://www.whitetwpsd.org
Wildwood City Board Of Education School District,http://WWW.WILDWOODDISTRICT.ORG
Wildwood Crest Borough School District,http://WWW.CRESTMEM.EDU
Willingboro Public School District,http://www.willingboroschools.org
Winfield Township School District,http://www.winfieldschool.org
Winslow Township School District,http://www.winslow-schools.com
Wood-Ridge Board Of Education School District,http://www.wood-ridgeschools.org
Woodbine School District,http://woodbine.capemayschools.com
Woodbridge Township School District,http://www.woodbridge.k12.nj.us/district.html
Woodbury City Public School District,http://www.woodburysch.com
Woodbury Heights Public School District,http://www.woodburyhtselem.com
Woodcliff Lake School District,http://www.woodcliff-lake.com
Woodland Park Public School District,http://www.wpschools.org
Woodland Township Board Of Education School District,http://www.woodlandboe.org
Woodlynne Boro Public School District,http://www.woodlynne.k12.nj.us
Woodstown-Pilesgrove Regional School District,http://www.woodstown.org
Wyckoff Township Public School District,http://www.wyckoffps.org
