Alexander 2 School District,http://www.alexander.k12.nd.us
Anamoose 14 School District,http://www.anamoose-drake.k12.nd.us
Apple Creek 39 School District,http://www.applecreekschool.org
Ashley 9 School District,http://www.ashley.k12.nd.us
Bakker 10 School District,NA
Baldwin 29 School District,NA
Barnes County North 7 School District,http://www.barnescountynorth.k12.nd.us
Beach 3 School District,http://www.beach.k12.nd.us
Belcourt 7 School District,http://www.belcourt.k12.nd.us
Belfield 13 School District,http://www.belfield.k12.nd.us
Beulah 27 School District,http://www.beulah.k12.nd.us
Billings County 1 School District,http://www.billingscounty.k12.nd.us
Bismarck 1 School District,http://www.bismarckschools.org
Bismarck Career Academy,http://www.bismarckcte.org
Bismarck Special Education Unit,http://www.bismarckschools.org
Bismarck Technical Center,http://www.bismarckcte.org
Bottineau 1 School District,http://www.bottineau.k12.nd.us/
Bowbells 14 School District,http://www.bowbells.k12.nd.us
Bowman County 1 School District,http://www.bowman.k12.nd.us
Buffalo Valley Special Education Unit,NA
Burke Central 36 School District,http://www.burkecentral.k12.nd.us/
Burleigh County Special Education Unit,NA
Carrington 49 School District,http://www.carrington.k12.nd.us
Cass County Career & Technical Center,http://www.casscte.k12.nd.us
Cavalier 6 School District,http://www.cavalierschool.org
Center-Stanton 1,http://www.center-stanton.k12.nd.us
Central Cass 17 School District,http://www.central-cass.k12.nd.us
Central Elementary 32 School District,NA
Central Valley 3 School District,http://www.centralvalley.k12.nd.us
Circle of Nations School District,NA
Dakota Prairie 1 School District,http://www.dakotaprairiek12nd.org
Devils Lake 1 School District,http://www.dlschools.org
Dickey-Lamoure Special Education Unit,NA
Dickinson 1 School District,http://www.dickinson.k12.nd.us
Dickinson Special Education Unit,NA
Divide County 1 School District,http://www.divide-co.k12.nd.us/index.html
Drake 57 School District,http://www.drake-anamoose.k12.nd.us
Drayton 19 School District,http://www.drayton.k12.nd.us
Dunseith 1 School District,http://www.dunseith.k12.nd.us
Dunseith Day School District,NA
Earl 18 School District,NA
East Central Special Education Unit,http://www.ecsped.k12.nd.us
Edgeley 3 School District,http://www.edgeley.k12.nd.us/
Edinburg 106 School District,NA
Edmore 2 School District,http://www.edmore.k12.nd.us
Eight Mile 6 School District,http://www.eight-mile.k12.nd.us
Elgin-New Leipzig 49 School District,http://www.gcs.k12.nd.us
Ellendale 40 School District,http://www.ellendale.k12.nd.us
Emerado 127 School District,http://www.emeradok8.com
Emmons County Special Education Unit,NA
Enderlin Area 24 School District,http://www.enderlin.k12.nd.us/
Eureka 19 School District,NA
Fairmount 18 School District,http://www.fairmount.k12.nd.us
Fargo 1 School District,http://www.fargo.k12.nd.us
Fargo Special Education Unit,http://www.fargo.k12.nd.us/education/district/
Fessenden-Bowdon 25 School District,http://www.fessenden-bowdon.k12.nd.us
Finley-Sharon 19 School District,http://www.finleysharonschool.com
Flasher 39 School District,http://www.flasher.k12.nd.us
Fordville-Lankin 5 School District,http://www.fordville-lankin.k12.nd.us
Ft Ransom 6 School District,http://www.ft-ransom.k12.nd.us/Fort_Ransom_School/Home.html
Ft Totten 30 School District,http://www.fourwinds.k12.nd.us
Ft Totten Special Education Unit,NA
Ft Yates 4 School District,http://www.fort-yates.k12.nd.us
Gackle-Streeter 56 School District,http://sites.google.com/site/gacklestreeterpsk12/home
Garrison 51 School District,http://www.garrison.k12.nd.us
Glen Ullin 48 School District,http://www.glen-ullin.k12.nd.us
Glenburn 26 School District,http://www.glenburn.k12.nd.us
Goodrich 16 School District,http://www.goodrich.k12.nd.us
Grafton 3 School District,http://www.gospoilers.org
Grand Forks 1 School District,http://www.gfschools.org
Grand Forks Area Career & Technical Center,http://www.gfareactc.org
Grand Forks Special Education Unit,http://www.gfschools.org
Grenora 99 School District,http://www.grenora.k12.nd.us
Griggs County Central 18 School District,http://www.griggs-co.k12.nd.us
Gst Special Education Unit,http://gstspecialedition.com/
Halliday 19 School District,http://www.halliday.k12.nd.us
Hankinson 8 School District,http://www.hankinson.k12.nd.us
Harvey 38 School District,http://www.harvey.k12.nd.us
Hatton 7 School District,http://www.hattonk12.com
Hazelton-Moffit-Braddock 6 School District,http://www.hmb.k12.nd.us
Hazen 3 School District,http://www.hazen.k12.nd.us
Hebron 13 School District,http://www.hebron.k12.nd.us
Hettinger 13 School District,http://www.hettinger.k12.nd.us
Hillsboro 9 School District,http://www.hillsborok12.com
Hope 10 School District,http://www.hope-page.k12.nd.us
Horse Creek 32 School District,NA
James River Special Education Cooperative,http://www.jamestown.k12.nd.us
James Valley Area Career & Technical Center,http://www.jamesvalleyctc.k12.nd.us
Jamestown 1 School District,http://www.jamestown.k12.nd.us
Jamestown Special Education Unit,http://www.jamestown.k12.nd.us
Kenmare 28 School District,http://www.kenmare.k12.nd.us
Kensal 19 School District,http://www.kensal.k12.nd.us
Kidder County 1 School District,http://www.kiddercounty.k12.nd.us/
Killdeer 16 School District,http://www.killdeer.k12.nd.us/
Kindred 2 School District,http://www.kindred.k12.nd.us
Kulm 7 School District,http://www.kulmschool.com
Lake Area Career & Technical Center,http://www.edlinesites.net/pages/Devils_Lake_High_School/LACTC
Lake Region Special Education Unit,http://www.lrse-nd.org
Lakota 66 School District,http://lakota-nd.schoolloop.com/
Lamoure 8 School District,http://www.lamoure.k12.nd.us/
Langdon Area 23 School District,http://www.langdon.k12.nd.us
Larimore 44 School District,http://www.larimorek12.org
Leeds 6 School District,http://www.leeds-school.com
Lewis And Clark 161 School District,http://www.lewisandclark.k12.nd.us
Lidgerwood 28 School District,http://www.lidgerwoodk12.com
Linton 36 School District,http://www.linton.k12.nd.us
Lisbon 19 School District,http://www.lisbon.k12.nd.us
Litchville-Marion 46 School District,http://www.litchville-marion.k12.nd.us
Little Heart 4 School District,NA
Lone Tree 6 School District,http://www2.golva.k12.nd.us
Lonetree Special Education Unit,NA
Maddock 9 School District,http://www.maddock-school.com
Mandan 1 School District,http://www.mandan.k12.nd.us
Mandaree 36 School District,http://www.mandaree.k12.nd.us/
Mandaree Day School,NA
Manning 45 School District,NA
Manvel 125 School District,http://www.manvel.k12.nd.us
Maple Valley 4 School District,http://www.maple-valley.k12.nd.us
Mapleton 7 School District,http://www.mapleton.k12.nd.us
Marmarth 12 School District,http://www.marmarth.k12.nd.us
Max 50 School District,http://www.max.k12.nd.us
May-Port Cg 14 School District,http://www.mayportcg.com
Mcclusky 19 School District,http://www.mcclusky.k12.nd.us/
Mckenzie County 1 School District,http://www.watford-city.k12.nd.us
Medina 3 School District,http://www.medina.k12.nd.us
Menoken 33 School District,http://www.menoken.k12.nd.us
Midkota 7 School District,http://www.midkotaschools.com
Midway 128 School District,http://www.midwayk12.org
Milnor 2 School District,http://www.milnor.k12.nd.us
Minnewaukan 5 School District,http://www.minnewaukan.k12.nd.us
Minot 1 School District,http://www.minot.k12.nd.us
Minot Special Education Unit,http://www.minot.k12.nd.us
Minto 20 School District,http://www.minto.k12.nd.us/
Missouri River Area Career & Technical Center,http://www.mrec.k12.nd.us
Mohall-Lansford-Sherwood 1 School District,http://www.mls.k12.nd.us
Montpelier 14 School District,http://www.montpelier.k12.nd.us
Morton-Sioux Special Education Unit,http://www.mandan.k12.nd.us
Mott-Regent 1 School District,http://mott.nd.schoolwebpages.com
Mt Pleasant 4 School District,http://www.mt-pleasant.k12.nd.us/
Munich 19 School District,http://www.munich.K12.nd.us
Napoleon 2 School District,http://www.napoleon.k12.nd.us
Nash 51 School District,NA
Naughton 25 School District,NA
Nd School For The Deaf,http://www.nd.gov/ndsd
Nd Vision Services,http://www.ndvisionservices.com
Nedrose 4 School District,http://tinyurl.com/Nedrose
Nesson 2 School District,http://www.ray.k12.nd.us
New 8 School District,http://www.district8nd.com
New England 9 School District,http://www.new-england.k12.nd.us
New Rockford-Sheyenne 2 School District,http://www.newrockford.k12.nd.us/
New Salem 7 School District,NA
New Salem-Almont 49 School District,http://www.newsalem.k12.nd.us
New Town 1 School District,http://www.new-town.k12.nd.us
Newburg-United 54 School District,http://www.newburg.k12.nd.us/
North Border 100 School District,http://www.northborder.k12.nd.us
North Central 28 School District,NA
North Central Area Career & Technical Center,http://www.ncactc.k12.nd.us
North Sargent 3 School District,http://www.northsargent.k12.nd.us
North Star 10 School District,http://www.northstar.k12.nd.us/
North Valley Area Career & Technical Center,http://www.northvalley.k12.nd.us
Northern Cass 97 School District,http://www.northerncass.k12.nd.us
Northern Plains Special Education Unit,NA
Northwood 129 School District,http://www.northwoodk12.com
Oakes 41 School District,http://www.oakes.k12.nd.us
Oberon 16 School District,NA
Ojibwa Indian School District,NA
Oliver-Mercer Special Education Unit,http://www.omsped.k12.nd.us/
Page 80 School District,http://www.hope-page.k12.nd.us
Park River 78 School District,NA
Park River 8,http://www.parkriver.k12.nd.us
Parshall 3 School District,http://www.parshall.k12.nd.us
Peace Garden Student Support Services,http://www.pgss.k12.nd.us
Pembina Special Education Cooperative,NA
Pingree-Buchanan 10 School District,http://www.pingree.k12.nd.us
Powers Lake 27 School District,http://www.powerslake.k12.nd.us
Richardton-Taylor 34 School District,http://www.richardton-taylor.k12.nd.us
Richland 44 School District,http://www.richland.k12.nd.us/
Rolette 29 School District,http://www.roletteschool.k12.nd.us
Roosevelt 18 School District,http://www.roosevelt.k12.nd.us
Roughrider Area Career & Technical Center,http://www.ractc.k12.nd.us
Rugby 5 School District,http://www.rugby.k12.nd.us
Rural Cass Special Education Unit,http://www2.edutech.nodak.edu/rcc_seu
Sargent Central 6 School District,http://www.sargent.k12.nd.us/
Sawyer 16 School District,http://www.sawyer.k12.nd.us/
Scranton 33 School District,http://www.scrantonpublicschool.homestead.com
Selfridge 8 School District,http://www.Selfridge.k12.nd.us
Sheyenne Valley Area Career & Technical Center,http://www.sheyennevalleyctc.k12.nd.us
Sheyenne Valley Special Education Unit,http://www.svseu.k12.nd.us
Sitting Bull School,NA
Solen 3 School District,http://www.solen.k12.nd.us
Souris Valley Special Education Unit,http://www.svssnd.org
South Central Prairie Special Education Unit,NA
South Heart 9 School District,http://www.southheart.k12.nd.us/
South Prairie 70 School District,http://www.south-prairie.k12.nd.us
South Valley Special Education Unit,http://www.svspecialed.com
Southeast Region Career & Technical Center,http://www.srctc.k12.nd.us
Southwest Special Education Unit,http://www.swsped.k12.nd.us
St John 3 School District,http://www.st-john.k12.nd.us
St Thomas 43 School District,NA
Standing Rock Community School,NA
Standing Rock Special Education Unit,NA
Stanley 2 School District,http://www.stanley.k12.nd.us/
Starkweather 44 School District,http://www.starkweather.k12.nd.us
Sterling 35 School District,http://www.sterling.k12.nd.us
Strasburg 15 School District,http://www.strasburg.k12.nd.us
Surrey 41 School District,http://www.surrey.k12.nd.us/
Sweet Briar 17 School District,NA
Tate Topa Tribal School District,NA
Tgu 60 School District,NA
Theodore Jamerson Elementary School,http://uttc.edu/
Thompson 61 School District,http://www.thompson.k12.nd.us
Tioga 15 School District,http://www.tioga.k12.nd.us
Turtle Lake-Mercer 72 School District,http://www.tlm.k12.nd.us
Turtle Mountain Elementary School,http://www.belcourt.k12.nd.us/es
Turtle Mountain High School,NA
Turtle Mountain Middle School,NA
Turtle Mt Special Education Unit,http://www.belcourt.k12.nd.us
Twin Buttes 37 School District,http://www.twinbuttes.k12.nd.us
Twin Buttes Day School District,NA
Underwood 8 School District,http://www.sites.google.com/a/underwoodschool.org/ups/
United 7 School District,http://www.dbhs.united.k12.nd.us
Upper Valley Special Education Unit,http://www.uvse.org
Valley 12 School District,NA
Valley City 2 School District,http://www.valley-city.k12.nd.us
Valley-Edinburg 118 School District,http://www.valley-edinburg.k12.nd.us
Velva 1 School District,http://velva.nd.schoolwebpages.com/
Wahpeton 37 School District,http://www.wahpetonschools.org
Wahpeton Special Education Unit,http://www.wahpetonschools.org
Warwick 29 School District,http://www.warwick@k12.nd.us
Washburn 4 School District,http://sites.google.com/site/washburnk12/
West Fargo 6 School District,http://www.west-fargo.k12.nd.us
West Fargo Special Education Unit,http://www.west-fargo.k12.nd.us/
West River Student Services Unit,NA
Western Star Area Career & Technical Center,http://www.gnwec.k12.nd.us/career_tech_center
Westhope 17 School District,http://www.westhopeschool.com
White Shield 85 School District,http://www.white-shield.k12.nd.us/
White Shield School District,NA
Williston 1 School District,http://www.willistonschools.org
Wilmac Special Education Unit,http://www.wilmac.org
Wilton 1 School District,http://www.wiltonpublicschool.org
Wing 28 School District,http://www.wing.k12.nd.us
Wishek 19 School District,http://www.wishek.k12.nd.us
Wolford 1 School District,http://www.wolford.K12.nd.us
Wyndmere 42 School District,http://wyndmere.schoolinsites.com
Yellowstone 14 School District,http://www.eastfairview.k12.nd.us
Zeeland 4 School District,http://www.zeeland.k12.nd.us
