A. Linwood Holton Gov School,http://www.hgs.k12.va.us/
Accomack County Public Schools,http://www.accomack.k12.va.us/
Albemarle County Public Schools,http://www2.k12albemarle.org/Pages/default.aspx
Alexandria City Public Schools,http://www.acps.k12.va.us
Alleghany County Public Schools,http://www.alleghany.k12.va.us/
Alt Education Prgm Behav Disord Youth Montgomery,NA
Amelia County Public Schools,http://www.amelia.k12.va.us
Amelia-Nottoway Voc Center,NA
Amherst County Public Schools,http://www.amherst.k12.va.us
Appomattox County Public Schools,http://www.appomattox.schoolfusion.us/
Appomattox Regional Gov School,http://www.args.k12.va.us
Arlington County Public Schools,http://www.apsva.us
Augusta County Public Schools,http://www.augusta.k12.va.us
Bath County Public Schools,http://www.bath.k12.va.us
Bedford County Public Schools,http://www.bedford.k12.va.us
Bland County Public Schools,http://www.bland.k12.va.us
Blue Ridge Gov School,http://www.brvgs.k12.va.us/
Botetourt County Public Schools,http://www.bcps.k12.va.us
Breaking Barriers Alternative Education Henry County,NA
Bridging Communities Reg Cte Center,http://www.bridgingcommunities.12.va.us
Bristol City Public Schools,http://www.bristolvaschools.org
Brunswick County Public Schools,http://www.brunswickcps.org
Buchanan County Public Schools,http://www.buc.k12.va.us
Buckingham County Public Schools,http://www.bcpschools.org
Buena Vista City Public Schools,http://www.bvcps.net
Campbell County Public Schools,http://www.campbell.k12.va.us
Caroline County Public Schools,http://www.ccps.us
Carroll County Public Schools,http://www.ccpsd.k12.va.us
Carroll-Galax Reg Alt Education Prgm The Rae Center,NA
Cent Va Train Center,NA
Central St Hospital,NA
Central Virginia Gov School For Sci Tech,http://www.cvgs.k12.va.us
Charles City County Public Schools,http://www.ccps.net
Charlotte County Public Schools,http://www.ccpsk12.org
Charlottesville Cty Public Schools,http://www.charlottesvilleschools.org/
Charlottesville-Albemarle Technical,http://www.catec.org
Chesapeake Bay Gov School,http://www.cbgs.k12.va.us/
Chesapeake Public Schools,http://www.cpschools.com
Chesterfield County Public Schools,http://www.mychesterfieldschools.com/
Clarke County Public Schools,http://www.clarke.k12.va.us
Code Rva High,NA
Colonial Beach Public Schools,http://www.cbschools.net
Colonial Heights City Public Schools,http://www.colonialhts.net
Commonwealth Center For Children & Adolescents,NA
Commonwealth Governor's School,http://www.cgs.k12.va.us/
Cooperative Ctrs For Exceptional Children,NA
Covington City Public Schools,http://www.covington.k12.va.us
Craig County Public Schools,http://www.craig.k12.va.us
Crossroads Alternative Bristol City School District,NA
Culpeper County Public Schools,http://www.culpeperschools.org
Cumberland County Public Schools,http://www.cucps.k12.va.us
Danville City Public Schools,http://www.danvillepublicschools.org/
Dickenson County Public Schools,http://www.dcps.k12.va.us
Dinwiddie County Public Schools,http://www.dinwiddie.k12.va.us
Doe Sop Education Programs,NA
Eastern St Hospital,NA
Enterprise Academy Newport News City,NA
Essex County Public Schools,http://www.essex.k12.va.us
Fairfax County Public Schools,http://www.fcps.edu
Falls Church City Public Schools,http://www.fccps.org
Fauquier County Public Schools,http://www.fcps1.org/
Floyd County Public Schools,http://www.floyd.k12.va.us
Fluvanna County Public Schools,http://fluco.org
Franklin City Public Schools,http://www.fcpsva.org
Franklin County Public Schools,http://www.frco.k12.va.us
Frederick County Public Schools,http://www.frederick.k12.va.us
Fredericksburg City Public Schools,http://www.cityschools.com/
Galax City Public Schools,http://www.gcps.k12.va.us
Giles County Public Schools,http://sbo.gilesk12.org
Gloucester County Public Schools,http://gets.gc.k12.va.us/
Goochland County Public Schools,http://www.glnd.k12.va.us
Gov School Global Economics Tech,http://www.gsget.com/
Governor's School For The Arts,http://www.gsarts.net/
Grayson County Public Schools,http://www.grayson.k12.va.us
Greene County Public Schools,http://www.greenecountyschools.com
Greensville County Public Schools,http://www.gcps1.com
Halifax County Public Schools,http://www.halifax.k12.va.us
Hampton City Public Schools,http://www.hampton.k12.va.us
Hanover County Public Schools,http://hcps2.hanover.k12.va.us
Harrisonburg City Public Schools,http://www.harrisonburg.k12.va.us
Henrico County Public Schools,http://www.henricoschools.us
Henry County Martinsville Reg Program School District,NA
Henry County Public Schools,http://www.henry.k12.va.us
Highland County Public Schools,http://www.highland.k12.va.us/
Hopewell City Public Schools,http://www.hopewell.k12.va.us
Isle Of Wight County Public Schools,http://www.iwcs.k12.va.us
Jackson River Governor's School,http://jrgs.dslcc.edu/
Jackson River Technical Center,http://www.jrtc.info
King And Queen County Public Schools,http://www.kqps.net/
King Geo County Public Schools,http://www.kgcs.k12.va.us/
King William County Public Schools,http://www.kwcps.k12.va.us
Kings Daughters School District,NA
Lancaster County Public Schools,http://www.lcs.k12.va.us
Laurel Regional School District,NA
Lee County Public Schools,http://www.leectysch.com
Lexington City Public Schools,http://www.lexedu.org
Loudoun County Public Schools,http://www.lcps.org
Louisa County Public Schools,http://www.lcps.k12.va.us
Lunenburg County Public Schools,http://www.lunenburgcountyschools.org/
Lynchburg City Public Schools,http://www.lcsedu.net
Lynchburg City Secondary Alternative School District,NA
Madison County Public Schools,http://www2.madisonschools.k12.va.us
Maggie L. Walker Gov School,http://www.mlwgs.com/
Manassas City Public Schools,http://www.manassas.k12.va.us
Manassas Park City Public Schools,http://www.mpark.net
Martinsville City Public Schools,http://www.martinsville.k12.va.us
Massanutten Governor's School,http://www.shenandoah.k12.va.us/mgs/
Massanutten Technical Center,NA
Mathews County Public Schools,http://www.mathews.k12.va.us
Mcv Va Treatment Center,NA
Mecklenburg County Public Schools,http://www.mcpsweb.org/
Medical College Of Va,NA
Metro Richmond Alternative Education,NA
Mid Peninsula Reg Special Education Center,NA
Middlesex County Public Schools,http://www.mcps.k12.va.us
Montgomery County Public Schools,http://www.mcps.org
Mountain Vista Governor's School,http://www.mvgs.k12.va.us/
N Virginia Reg Special Education Program,NA
N. Va. Trn Center,NA
Nelson County Public Schools,http://www.nelson.k12.va.us
New Dominion Alt. Center Prince William County,NA
New Horizons Career & Technical Center,NA
New Horizons Gov School,http://www.nhgs.tec.va.us
New Horizons Regional Education Center-Spec Education,NA
New Kent County Public Schools,http://www.newkentschools.org
Newport News City Public Schools,http://www.sbo.nn.k12.va.us/
Norfolk City Public Schools,http://www.nps.k12.va.us
Northampton County Public Schools,http://www.ncpsk12.com
Northern Neck Regional Alternative Education,NA
Northern Neck Regional School District,NA
Northern Neck Technical Center,NA
Northumberland County Public Schools,http://www.nucps.net
Northwestern Reg Education Program,NA
Norton City Public Schools,http://www.nortoncityschools.org
Nottoway County Public Schools,http://www.nottowayschools.org/
Orange County Public Schools,http://www.ocss-va.org
Page County Public Schools,http://eclipse.pagecounty.k12.va.us
Patrick County Public Schools,http://www.patrick.k12.va.us
Petersburg City Public Schools,http://www.petersburg.k12.va.us
Petersburg Regional Alternative School District,NA
Piedmont Alternative School,http://www.antc-pas.com/
Piedmont Gov School For Math Sci Tech,http://www.pcs.k12.va.us/governor/
Piedmont Regional Education,NA
Pittsylvania County Public Schools,http://www.pcs.k12.va.us/public/index-1.html
Poquoson City Public Schools,http://www.poquoson.k12.va.us
Portsmouth City Public Schools,http://pps.k12.va.us
Powhatan County Public Schools,http://www.powhatan.k12.va.us
Prince Edward County Public Schools,http://www.pecps.k12.va.us
Prince George County Public Schools,http://pgs.k12.va.us
Prince William County Public Schools,http://www.pwcs.edu
Project Bridge Russell County School District,NA
Project Renew Northampton County School District,NA
Project Return Fluvanna County School District,NA
Project Return Powhatan County School District,NA
Pulaski County Public Schools,http://www.pcva.us
Radford City Public Schools,http://www.rcps.org
Rappahannock County Public Schools,http://www.rappahannockschools.us
Reg Alt Education Center Buena Vista,NA
Reg Alternative Plus Self Project Roanoke City School District,NA
Regional Alternative Education King William,NA
Regional Alternative Education Stafford County,http://
Regional Alternative Pittslvania County School District,NA
Regional Alternative Wythe County School District,NA
Regional Learning Academy Wise County,NA
Renaissance Scott County School District,NA
Richmond City Public Schools,http://www.richmond.k12.va.us
Richmond County Public Schools,http://www.richmond-county.k12.va.us
Roanoke City Public Schools,http://www.rcps.info
Roanoke County Public Schools,http://www.rcs.k12.va.us
Roanoke Valley Gov School,http://www.rvgs.k12.va.us/
Roanoke Valley Regional Board School District,NA
Rockbridge County Public Schools,http://www.rockbridge.k12.va.us
Rockingham County Public Schools,http://www.rockingham.k12.va.us
Rowanty Vocational Technical Center,NA
Russell County Public Schools,http://www.russell.k12.va.us
S.East Va Trn Center,NA
S.Side Va Trn Center,NA
S.West Va Trn Center,NA
Salem City Public Schools,http://www.salem.k12.va.us
Scott County Public Schools,http://scott.k12.va.us
Shenandoah County Public Schools,http://www.shenandoah.k12.va.us
Shenandoah Valley Governors School,http://www.svgs.k12.va.us
Shenandoah Valley Reg Alternative Education Genesis,NA
Shenandoah Valley Reg School District,NA
Smyth County Public Schools,http://www.scsb.org
Southampton County Public Schools,http://www.southampton.k12.va.us
Southeastern Cooperative Education Program,http://www.secep.net
Southside L.I.N.K. Project Brunswick County School District,NA
Southwest Virginia Gov School,http://www.swvgs.k12.va.us/
Spotsylvania County Public Schools,http://www.spotsylvania.k12.va.us
Stafford County Public Schools,http://www.staffordschools.net
Staunton City Public Schools,http://www.staunton.k12.va.us
Suffolk City Public Schools,http://www.spsk12.net
Surry County Public Schools,http://www.surryschools.net
Sussex County Public Schools,http://www.sussex.k12.va.us
Sw Va Mental Health Institute,NA
Tazewell County Public Schools,http://www.tazewell.k12.va.us
The Governor's School @ Innovation Park,NA
The Pruden Center For Industry And Technical,NA
The Regional Community Alternative Education Continuum,NA
Tidewater Regional Alternative Education Project,NA
Transition Support Resource Ctr Fairfax School District,NA
University Of Va,NA
VA Beach City Public Schools,http://www.vbschools.com
Valley Vocational Technical,http://www.valleytech.us
Vsdb-Staunton School District,http://www.vsdb.k12.va.us/
W. Wilson Rehab School District,NA
Warren County Public Schools,http://www.wcps.k12.va.us
Washington County Public Schools,http://www.wcs.k12.va.us
Waynesboro City Public Schools,http://www.waynesboro.k12.va.us
West Point Public Schools,http://www.wpschools.net/
Western St Hospital,NA
Westmoreland County Public Schools,http://division.wmlcps.org
Williamsburg-James City Public Schools,http://wjccschools.org/
Winchester City Public Schools,http://www.wps.k12.va.us
Wise County Public Schools,http://www.wise.k12.va.us
Wythe County Public Schools,http://wythe.k12.va.us
York County Public Schools,http://yorkcountyschools.org
