Albany County School District #1,http://www.acsd1.org
Attention Homes Inc. - Administration Office,NA
Big Horn County School District #1,http://www.bighorn1.com
Big Horn County School District #2,http://www.bgh2.org
Big Horn County School District #3,http://gps.bgh3.k12.wy.us/
Big Horn County School District #4,http://www.bgh4.k12.wy.us
Campbell County School District #1,http://www.campbellcountyschools.net
Carbon County School District #1,http://www.crb1.net
Carbon County School District #2,http://www.crb2.k12.wy.us
Cathedral Home For Children - Administration Office,http://cathedralhome.org
Converse County School District #1,http://converse1schools.org
Converse County School District #2,http://www.cnv2.k12.wy.us
Crook County School District #1,http://www.crook1.com
Fremont County School District # 1,http://www.landerschools.org
Fremont County School District # 2,http://www.fremont2.org
Fremont County School District # 6,http://www.fre6.k12.wy.us
Fremont County School District #14,http://www.fremont14.k12.wy.us
Fremont County School District #21,http://www.fortwashakieschool.com
Fremont County School District #24,http://www.fremont24.com
Fremont County School District #25,http://www.fremont25.k12.wy.us/
Fremont County School District #38,http://www.fcsd38.org
Goshen County School District #1,http://www.goshen1.org
Hot Springs County School District #1,http://www.hotsprings1.org
Johnson County School District #1,http://www.jcsd1.us
Laramie County School District #1,http://www.laramie1.org
Laramie County School District #2,http://laramie2.org
Lincoln County School District #1,http://www.lcsd1.k12.wy.us
Lincoln County School District #2,http://www.lcsd2.org
Natrona County School District #1,http://www.natronaschools.org/
Niobrara County School District #1,http://www.growingluskleaders.org/
Normative Services - Administration Office,http://www.normativeservices.com
Northeast Wyoming Board of Cooperative Educational Services,http://www.newboces.com
Northwest Wyoming Board of Cooperative Educational Services,http://www.nwboces.com
Park County School District # 1,http://www.pcsd1.org
Park County School District # 6,http://www.park6.org/
Park County School District #16,http://www.park16.k12.wy.us/
Platte County School District #1,http://platte1.org
Platte County School District #2,http://www.guernseysunrise.org
Region V Board of Cooperative Educational Services,NA
Saint Joseph's Children's Home - Administration Office,NA
Saint Stephen's Indian School Admin Office,http://www.st-stephens.net
Sheridan County School District #1,http://www.sheridan.k12.wy.us/
Sheridan County School District #2,http://www.scsd2.com/
Sheridan County School District #3,http://www.sheridan3.com
St. Stephens Indian School,http://www.st-stephens.net
Sublette County School District #1,http://www.sub1.org
Sublette County School District #9,http://www.sublette9.org
Sweetwater County School District #1,http://www.sweetwater1.org
Sweetwater County School District #2,http://www.sw2.k12.wy.us
Teton County School District #1,http://www.tcsd.org
Uinta County School District #1,http://www.uinta1.com
Uinta County School District #4,http://www.uinta4.com
Uinta County School District #6,http://www.uinta6.k12.wy.us
Washakie County School District #1,http://www.wsh1.k12.wy.us/
Washakie County School District #2,http://www.wsh2.k12.wy.us
Weston County School District #1,http://www.wcsd1.org
Weston County School District #7,http://bobcat.weston7.k12.wy.us
Wyoming Behavioral Institute - Administration Office,NA
Wyoming Department of Corrections,NA
Youth Emergency Services Inc. - Administration Office,http://www.youthemergencyservices.org
